instance_id,base_instance_id,arm,gate,component_size,separation,separation_status,coverage,base_wrongness,n_tiers,seed,x,y,n_k,shd_truth,shd_cpdag,k_g0,undirected_fraction,z_size,z_star,phi_1,phi_1_n_broken,phi_1_n_inconsistent,r_claim,r_claim_censored,r_claim_cap,s0_ok,r_val,r_status,r_method,r_oracle,r_exact,r_assumes,r_witness,r_search_seconds,r_ladder_seconds,r_total_seconds,wall_until_timeout_s,r_stat_elements_visited,r_stat_closures,r_stat_validity_checks,r_stat_extensions_enumerated,AUC_frac,AUC_abs,n_depths_evaluated,n_depths_all_contradictory
c12_s01_cov050_seed00000005_bw025,c12_s01_cov050_seed00000005,flip,fast_gate,12,1,measured,0.5,0.25,,5,X,Y,7,10,8,8,0.8235294117647058,1,W,0.14285714285714285,1,0,1,0,3,True,1,ok,local_up_fast,mpdag_criterion,True,"Conjecture 2 (hence Anti-Exchange Case B, verified not proved)",C00->C07 C00->Y C02->C03 C02->C04 C02->C09 C04->C10 C06->C02 W->Y X->C04 X->Y C00-X C02-X C05-C08 C05-X C06-X C08-C11 C08-X,0.0012950410000005519,0.0,0.0012950410000005519,,1,8,2,0,0.23945044322323894,1.5199017887657675,7,3
c12_s01_cov050_seed00000007_bw025,c12_s01_cov050_seed00000007,flip,fast_gate,12,1,measured,0.5,0.25,,7,X,Y,6,7,11,11,0.8,1,W,0.0,0,0,2,0,3,True,3,ok,local_up_fast,mpdag_criterion,True,"Conjecture 2 (hence Anti-Exchange Case B, verified not proved)",C00->C07 C00->C08 C00->Y C03->C04 C03->C09 C05->C06 C07->C10 W->Y X->C03 X->C05 X->Y C00-X C02-C11 C02-X C04-C09,0.0038354159999993698,0.0,0.0038354159999993698,,3,30,6,0,0.5157527135441244,1.9775365738555923,6,3
c12_s01_cov050_seed00000008_bw025,c12_s01_cov050_seed00000008,flip,fast_gate,12,1,measured,0.5,0.25,,8,X,Y,8,6,15,15,0.8333333333333334,2,"C00,W",0.0,0,0,3,0,3,True,3,ok,local_up_fast,mpdag_criterion,True,"Conjecture 2 (hence Anti-Exchange Case B, verified not proved)",C00->Y C02->C04 C02->C09 C03->C05 C03->C06 C03->C08 C03->C11 C07->C05 C07->C08 C08->C11 W->Y X->C02 X->C09 X->C10 X->Y C00-C03 C00-X C03-C07,0.009547416000000197,0.0,0.009547416000000197,,11,149,40,0,0.37340425531914895,2.7340425531914896,8,4
c12_s01_cov050_seed00000018_bw025,c12_s01_cov050_seed00000018,flip,fast_gate,12,1,measured,0.5,0.25,,18,X,Y,7,8,12,12,0.8235294117647058,2,"C00,W",0.14285714285714285,1,0,1,0,3,True,1,ok,local_up_fast,mpdag_criterion,True,"Conjecture 2 (hence Anti-Exchange Case B, verified not proved)",C00->C04 C00->Y C03->C00 C03->C06 C03->C07 C03->C08 C03->C11 C03->X C05->C03 C05->C07 C07->C10 W->Y X->C02 X->Y C00-X C05-C09 C08-C11,0.0008989170000006652,0.0,0.0008989170000006652,,1,12,4,0,0.3318369868901784,1.4786332166651315,7,4
c12_s01_cov050_seed00000021_bw025,c12_s01_cov050_seed00000021,flip,fast_gate,12,1,measured,0.5,0.25,,21,X,Y,7,7,13,13,0.8235294117647058,1,W,0.0,0,0,2,0,3,True,3,ok,local_up_fast,mpdag_criterion,True,"Conjecture 2 (hence Anti-Exchange Case B, verified not proved)",C00->C02 C00->C05 C00->C06 C00->Y C02->C03 C04->C08 C06->C09 C06->C10 C07->C08 C09->C11 W->Y X->C06 X->Y C00-X C04-C07 C04-X C09-C10,0.007911542000002214,0.0,0.007911542000002214,,6,71,14,0,0.3072512093176161,1.8201756445780304,7,3
c12_s01_cov050_seed00000023_bw025,c12_s01_cov050_seed00000023,flip,fast_gate,12,1,measured,0.5,0.25,,23,X,Y,7,6,12,12,0.8235294117647058,2,"C00,W",0.0,0,0,3,0,3,True,3,ok,local_up_fast,mpdag_criterion,True,"Conjecture 2 (hence Anti-Exchange Case B, verified not proved)",C00->C05 C00->C06 C00->C07 C00->C09 C00->Y C02->C06 C05->C08 C05->C11 C06->C09 W->Y X->C10 X->Y C00-C02 C00-C03 C00-X C02-C03 C02-C04,0.003684082999996008,0.0,0.003684082999996008,,4,44,7,0,0.9653543307086615,3.826771653543307,7,3
c12_s01_cov050_seed00000028_bw025,c12_s01_cov050_seed00000028,flip,fast_gate,12,1,measured,0.5,0.25,,28,X,Y,6,7,12,12,0.8125,1,W,0.0,0,0,2,0,3,True,3,ok,local_up_fast,mpdag_criterion,True,"Conjecture 2 (hence Anti-Exchange Case B, verified not proved)",C00->C05 C00->Y C02->C04 C02->C06 C02->C11 C03->C04 C06->C07 C06->C08 C06->C10 C07->C09 W->Y X->Y C00-X C02-C03 C02-X C08-C10,0.003930249999996249,0.0,0.003930249999996249,,5,54,14,0,0.3467576791808874,1.733788395904437,6,3
c12_s01_cov050_seed00000034_bw025,c12_s01_cov050_seed00000034,flip,fast_gate,12,1,measured,0.5,0.25,,34,X,Y,6,7,12,12,0.8125,2,"C00,W",0.16666666666666666,1,0,1,0,3,True,1,ok,local_up_fast,mpdag_criterion,True,"Conjecture 2 (hence Anti-Exchange Case B, verified not proved)",C00->C02 C00->Y C02->C04 C03->C00 C03->X C04->C06 C04->C08 C06->C09 C06->C10 C07->C03 C09->C11 W->Y X->C05 X->Y C00-X C09-C10,0.0006911250000030122,0.0,0.0006911250000030122,,1,12,3,0,0.7380058470533928,3.4322972765040776,6,1
c12_s01_cov050_seed00000035_bw025,c12_s01_cov050_seed00000035,flip,fast_gate,12,1,measured,0.5,0.25,,35,X,Y,6,9,8,8,0.8125,1,W,0.16666666666666666,1,0,1,0,3,True,1,ok,local_up_fast,mpdag_criterion,True,"Conjecture 2 (hence Anti-Exchange Case B, verified not proved)",C00->C02 C00->C04 C00->C06 C00->Y C02->C05 C04->C02 C06->C08 C08->C09 W->Y X->Y C00-X C03-X C07-C11 C07-X C10-X C11-X,0.0011318339999988325,0.0,0.0011318339999988325,,1,8,2,0,0.09451219512195122,0.4725609756097561,6,1
c12_s01_cov050_seed00000036_bw025,c12_s01_cov050_seed00000036,flip,fast_gate,12,1,measured,0.5,0.25,,36,X,Y,6,8,9,9,0.8125,2,"C00,W",0.0,0,0,3,0,3,True,3,ok,local_up_fast,mpdag_criterion,True,"Conjecture 2 (hence Anti-Exchange Case B, verified not proved)",C00->C02 C00->Y C02->C05 C02->C11 C05->C06 W->Y X->C08 X->C09 X->Y C00-C03 C00-C07 C00-X C03-C04 C03-C07 C04-C10 C05-C11,0.003208417000003294,0.0,0.003208417000003294,,4,32,5,0,0.9454545454545453,4.454545454545455,6,1
c12_s01_cov050_seed00000039_bw025,c12_s01_cov050_seed00000039,flip,fast_gate,12,1,measured,0.5,0.25,,39,X,Y,8,9,10,10,0.8333333333333334,1,W,0.25,2,0,1,0,3,True,1,ok,local_up_fast,mpdag_criterion,True,"Conjecture 2 (hence Anti-Exchange Case B, verified not proved)",C00->C03 C00->Y C02->C08 C05->C04 C05->C06 C05->C09 C05->C10 C06->C09 C10->C11 W->Y X->C03 X->Y C00-X C02-X C04-X C05-X C06-C10 C07-X,0.001166208000000779,0.0,0.001166208000000779,,1,10,2,0,0.6771833477244517,2.705031857811317,8,4
c12_s01_cov050_seed00000041_bw025,c12_s01_cov050_seed00000041,flip,fast_gate,12,1,measured,0.5,0.25,,41,X,Y,6,6,12,12,0.8,1,W,0.0,0,0,2,0,3,True,3,ok,local_up_fast,mpdag_criterion,True,"Conjecture 2 (hence Anti-Exchange Case B, verified not proved)",C00->Y C02->C03 C03->C07 C03->C11 C04->C05 C04->C10 C05->C06 C05->C09 W->Y X->C02 X->C03 X->Y C00-X C04-C08 C04-X,0.0025154580000048554,0.0,0.0025154580000048554,,4,44,9,0,0.8093939393939393,2.4308080808080805,6,3
c12_s01_cov050_seed00000044_bw025,c12_s01_cov050_seed00000044,flip,fast_gate,12,1,measured,0.5,0.25,,44,X,Y,8,7,14,14,0.8333333333333334,2,"C00,W",0.125,1,0,1,0,3,True,1,ok,local_up_fast,mpdag_criterion,True,"Conjecture 2 (hence Anti-Exchange Case B, verified not proved)",C00->C03 C00->C04 C00->C06 C00->Y C02->C00 C02->X C03->C04 C03->C05 C03->C08 C04->C05 C07->C02 C08->C09 C09->C10 C09->C11 W->Y X->Y C00-X C10-C11,0.0009280840000087665,0.0,0.0009280840000087665,,1,14,4,0,0.8074027442652483,4.574027442652483,8,2
c12_s01_cov050_seed00000051_bw025,c12_s01_cov050_seed00000051,flip,fast_gate,12,1,measured,0.5,0.25,,51,X,Y,7,6,12,12,0.8235294117647058,2,"C00,W",0.0,0,0,3,0,3,True,3,ok,local_up_fast,mpdag_criterion,True,"Conjecture 2 (hence Anti-Exchange Case B, verified not proved)",C00->C05 C00->C07 C00->Y C02->C03 C03->C08 C04->C06 C04->C09 C07->C10 C08->C11 W->Y X->C04 X->Y C00-C02 C00-C03 C00-X C05-X C06-C09,0.0054167079999984935,0.0,0.0054167079999984935,,5,54,10,0,0.5108233369683751,3.3219738276990185,7,2
c12_s01_cov050_seed00000054_bw025,c12_s01_cov050_seed00000054,flip,fast_gate,12,1,measured,0.5,0.25,,54,X,Y,7,5,13,13,0.8235294117647058,2,"C00,W",0.0,0,0,2,0,3,True,2,ok,local_up_fast,mpdag_criterion,True,"Conjecture 2 (hence Anti-Exchange Case B, verified not proved)",C00->C02 C00->C07 C00->C08 C00->Y C02->C04 C02->C05 C02->C06 C02->C09 C03->C02 C03->C04 C04->C09 W->Y X->C10 X->Y C00-C03 C00-X C03-C11,0.001536249999986694,0.0,0.001536249999986694,,2,25,5,0,0.8598242340926946,2.672869206598586,7,4
c12_s01_cov050_seed00000056_bw025,c12_s01_cov050_seed00000056,flip,fast_gate,12,1,measured,0.5,0.25,,56,X,Y,8,9,14,14,0.8333333333333334,2,"C00,W",0.125,1,0,1,0,3,True,1,ok,local_up_fast,mpdag_criterion,True,"Conjecture 2 (hence Anti-Exchange Case B, verified not proved)",C00->Y C02->C00 C02->C03 C02->C04 C02->C06 C02->C08 C02->C09 C02->X C04->C07 C04->C11 C05->C02 C05->C03 C06->C10 C08->C10 W->Y X->Y C00-X C06-C08,0.0008674170000091408,0.0,0.0008674170000091408,,1,14,4,0,0.2339643553540011,1.577405791302249,8,4
c12_s01_cov050_seed00000057_bw025,c12_s01_cov050_seed00000057,flip,fast_gate,12,1,measured,0.5,0.25,,57,X,Y,7,7,13,13,0.8235294117647058,2,"C00,W",0.0,0,0,3,0,3,True,3,ok,local_up_fast,mpdag_criterion,True,"Conjecture 2 (hence Anti-Exchange Case B, verified not proved)",C00->C05 C00->Y C02->C03 C02->C06 C02->C08 C03->C04 C03->C08 C04->C09 C07->C03 C09->C10 C10->C11 W->Y X->Y C00-C02 C00-X C02-C07 C05-X,0.011034874999978683,0.0,0.011034874999978683,,7,81,16,0,0.4409090909090909,2.7045454545454546,7,3
c12_s01_cov050_seed00000061_bw025,c12_s01_cov050_seed00000061,flip,fast_gate,12,1,measured,0.5,0.25,,61,X,Y,6,8,11,11,0.8125,1,W,0.0,0,0,2,0,3,True,3,ok,local_up_fast,mpdag_criterion,True,"Conjecture 2 (hence Anti-Exchange Case B, verified not proved)",C00->C02 C00->Y C02->C04 C04->C06 C04->C07 C06->C09 C06->C10 C06->C11 W->Y X->C08 X->Y C00-X C03-C05 C03-X C06-C07 C09-C11,0.002635582999999997,0.0,0.002635582999999997,,3,30,5,0,0.2,1.0,6,0
c12_s01_cov050_seed00000062_bw025,c12_s01_cov050_seed00000062,flip,fast_gate,12,1,measured,0.5,0.25,,62,X,Y,6,5,12,12,0.8125,2,"C00,W",0.0,0,0,2,0,3,True,2,ok,local_up_fast,mpdag_criterion,True,"Conjecture 2 (hence Anti-Exchange Case B, verified not proved)",C00->C02 C00->C09 C00->Y C02->C10 C02->C11 C03->C07 C03->C08 C09->C02 W->Y X->C03 X->C05 X->C06 X->Y C00-C04 C00-X C10-C11,0.0029900000000111504,0.0,0.0029900000000111504,,3,34,5,0,0.9022960429897411,4.337567171470445,6,1
c12_s01_cov050_seed00000072_bw025,c12_s01_cov050_seed00000072,flip,fast_gate,12,1,measured,0.5,0.25,,72,X,Y,7,7,13,13,0.8235294117647058,2,"C00,W",0.0,0,0,3,0,3,True,4,ok,e1_ladder,mpdag_criterion,True,"Conjecture 2 (hence Anti-Exchange Case B, verified not proved)","(('C00', 'C02'), ('C00', 'C04'), ('C00', 'C10'), ('C00', 'Y'), ('C02', 'C06'), ('C02', 'C07'), ('C04', 'C11'), ('C06', 'C08'), ('C08', 'C09'), ('W', 'Y'), ('X', 'C06'), ('X', 'Y'))",0.006953791999990244,0.0813040419999993,0.08825783399998954,,17,92,17,0,0.4444444444444445,2.7222222222222223,7,2
c12_s01_cov050_seed00000076_bw025,c12_s01_cov050_seed00000076,flip,fast_gate,12,1,measured,0.5,0.25,,76,X,Y,8,9,12,12,0.8333333333333334,1,W,0.0,0,0,2,0,3,True,3,ok,local_up_fast,mpdag_criterion,True,"Conjecture 2 (hence Anti-Exchange Case B, verified not proved)",C00->C09 C00->Y C02->C04 C02->C08 C03->C04 C03->C05 C03->C07 C03->C08 C07->C10 W->Y X->C06 X->Y C00-X C02-C03 C02-X C03-C11 C05-C07 C07-C11,0.02782799999999952,0.0,0.02782799999999952,,17,177,54,0,0.3420495167483119,2.5289289024228783,8,4
c12_s01_cov050_seed00000077_bw025,c12_s01_cov050_seed00000077,flip,fast_gate,12,1,measured,0.5,0.25,,77,X,Y,7,5,13,13,0.8235294117647058,2,"C00,W",0.0,0,0,3,0,3,True,3,ok,local_up_fast,mpdag_criterion,True,"Conjecture 2 (hence Anti-Exchange Case B, verified not proved)",C00->C03 C00->Y C02->C03 C03->C04 C03->C11 C05->C09 C06->C07 C06->C09 C07->C10 W->Y X->C05 X->C06 X->Y C00-C02 C00-X C02-C08 C05-C06,0.0068392920000235335,0.0,0.0068392920000235335,,4,48,7,0,0.8894395280235987,4.327728613569321,7,2
c12_s01_cov050_seed00000090_bw025,c12_s01_cov050_seed00000090,flip,fast_gate,12,1,measured,0.5,0.25,,90,X,Y,7,6,14,14,0.8235294117647058,1,W,0.0,0,0,2,0,3,True,3,ok,local_up_fast,mpdag_criterion,True,"Conjecture 2 (hence Anti-Exchange Case B, verified not proved)",C00->Y C02->C05 C02->C06 C02->C08 C04->C11 C06->C09 C07->C11 C08->C10 W->Y X->C02 X->C03 X->C05 X->C08 X->Y C00-X C04-C07 C04-X,0.005563542000004418,0.0,0.005563542000004418,,7,90,21,0,0.7255511297931311,2.4720718074854533,7,4
c12_s01_cov050_seed00000093_bw025,c12_s01_cov050_seed00000093,flip,fast_gate,12,1,measured,0.5,0.25,,93,X,Y,7,5,13,13,0.8235294117647058,2,"C00,W",0.14285714285714285,1,0,1,0,3,True,1,ok,local_up_fast,mpdag_criterion,True,"Conjecture 2 (hence Anti-Exchange Case B, verified not proved)",C00->Y C02->C03 C02->C07 C03->C11 C05->C02 C05->C06 C06->C08 C06->C09 C07->C03 C09->C10 W->Y X->C02 X->C04 X->C05 X->Y C00-X C08-C09,0.0017512500000123055,0.0,0.0017512500000123055,,1,13,4,0,0.17310033899868552,1.018414316352651,7,1
c12_s01_cov050_seed00000095_bw025,c12_s01_cov050_seed00000095,flip,fast_gate,12,1,measured,0.5,0.25,,95,X,Y,7,6,14,14,0.8235294117647058,2,"C00,W",0.0,0,0,3,0,3,True,4,ok,e1_ladder,mpdag_criterion,True,"Conjecture 2 (hence Anti-Exchange Case B, verified not proved)","(('C00', 'C03'), ('C00', 'C08'), ('C00', 'C09'), ('C00', 'Y'), ('C02', 'C09'), ('C08', 'C10'), ('C08', 'C11'), ('W', 'Y'), ('X', 'C04'), ('X', 'C05'), ('X', 'C06'), ('X', 'C07'), ('X', 'Y'))",0.011919167000002062,0.10518995799998265,0.11710912499998472,,24,137,24,0,0.7216718266253871,3.961300309597523,7,2
c12_s01_cov050_seed00000096_bw025,c12_s01_cov050_seed00000096,flip,fast_gate,12,1,measured,0.5,0.25,,96,X,Y,6,7,11,11,0.8,1,W,0.0,0,0,2,0,3,True,3,ok,local_up_fast,mpdag_criterion,True,"Conjecture 2 (hence Anti-Exchange Case B, verified not proved)",C00->C06 C00->C07 C00->Y C02->C03 C02->C09 C03->C04 C04->C08 C06->C11 W->Y X->C10 X->Y C00-X C02-C05 C02-X C09-X,0.002920834000008199,0.0,0.002920834000008199,,3,30,7,0,0.3284210526315789,1.6421052631578947,6,2
c12_s01_cov050_seed00000098_bw025,c12_s01_cov050_seed00000098,flip,fast_gate,12,1,measured,0.5,0.25,,98,X,Y,8,9,12,12,0.85,2,"C00,W",0.0,0,0,3,0,3,True,3,ok,local_up_fast,mpdag_criterion,True,"Conjecture 2 (hence Anti-Exchange Case B, verified not proved)",C00->C04 C00->C05 C00->C06 C00->C07 C00->C08 C00->Y C03->C06 C03->C07 C05->C11 W->Y X->C09 X->Y C00-C02 C00-C03 C00-X C02-C03 C03-C10 C04-X C05-X C08-X,0.00823825000000511,0.0,0.00823825000000511,,4,44,9,0,0.389622641509434,2.8962264150943398,8,4
c12_s01_cov050_seed00000106_bw025,c12_s01_cov050_seed00000106,flip,fast_gate,12,1,measured,0.5,0.25,,106,X,Y,9,10,12,12,0.8571428571428571,1,W,0.2222222222222222,2,0,1,0,3,True,1,ok,local_up_fast,mpdag_criterion,True,"Conjecture 2 (hence Anti-Exchange Case B, verified not proved)",C00->C02 C00->C06 C00->Y C02->C03 C02->C06 C02->C07 C02->C10 C06->C07 C08->C05 W->Y X->C02 X->C03 X->C10 X->Y C00-X C04-X C05-X C08-C09 C08-C11 C08-X C09-X,0.002146957999997312,0.0,0.002146957999997312,,1,12,2,0,0.02996845425867508,0.2996845425867508,9,2
c12_s01_cov050_seed00000116_bw025,c12_s01_cov050_seed00000116,flip,fast_gate,12,1,measured,0.5,0.25,,116,X,Y,6,6,11,11,0.8125,2,"C00,W",0.0,0,0,3,0,3,True,3,ok,local_up_fast,mpdag_criterion,True,"Conjecture 2 (hence Anti-Exchange Case B, verified not proved)",C00->C03 C00->Y C03->C04 C03->C09 C04->C05 C04->C08 C09->C10 C09->C11 W->Y X->C06 X->Y C00-C02 C00-X C02-C07 C04-C09 C10-C11,0.0023297919999833994,0.0,0.0023297919999833994,,3,30,4,0,0.9538461538461538,4.538461538461538,6,1
c12_s01_cov050_seed00000121_bw025,c12_s01_cov050_seed00000121,flip,fast_gate,12,1,measured,0.5,0.25,,121,X,Y,6,6,13,13,0.8125,2,"C00,W",0.16666666666666666,1,0,1,0,3,True,1,ok,local_up_fast,mpdag_criterion,True,"Conjecture 2 (hence Anti-Exchange Case B, verified not proved)",C00->C08 C00->Y C02->C00 C02->C05 C02->X C03->C04 C03->C11 C06->C09 C06->C10 C07->C03 W->Y X->C03 X->C06 X->C07 X->Y C00-X,0.0007479579999767338,0.0,0.0007479579999767338,,1,13,5,0,0.27838790885087905,1.5472027021491321,6,2
c12_s01_cov050_seed00000126_bw025,c12_s01_cov050_seed00000126,flip,fast_gate,12,1,measured,0.5,0.25,,126,X,Y,9,12,12,12,0.8571428571428571,2,"C00,W",0.0,0,0,2,0,3,True,2,ok,local_up_fast,mpdag_criterion,True,"Conjecture 2 (hence Anti-Exchange Case B, verified not proved)",C00->C02 C00->C03 C00->C05 C00->C08 C00->C10 C00->Y C02->C11 C03->C02 C03->C11 C04->C03 C04->C10 W->Y X->Y C00-C04 C00-X C04-C06 C04-C07 C04-C09 C05-C08 C06-C07 C07-C09,0.003276290999963294,0.0,0.003276290999963294,,2,23,7,0,0.9755963990997749,4.755963990997749,9,4
c12_s01_cov050_seed00000133_bw025,c12_s01_cov050_seed00000133,flip,fast_gate,12,1,measured,0.5,0.25,,133,X,Y,6,6,11,11,0.8125,1,W,0.16666666666666666,1,0,1,0,3,True,1,ok,local_up_fast,mpdag_criterion,True,"Conjecture 2 (hence Anti-Exchange Case B, verified not proved)",C00->Y C02->C03 C02->C05 C03->C04 C04->C06 C04->C08 C04->C09 C05->C03 C05->C07 C06->C10 C09->C11 W->Y X->Y C00-X C02-X C06-C09,0.0007911249999779102,0.0,0.0007911249999779102,,1,11,2,0,0.8749213821674042,4.374606910837021,6,1
c12_s01_cov050_seed00000135_bw025,c12_s01_cov050_seed00000135,flip,fast_gate,12,1,measured,0.5,0.25,,135,X,Y,7,6,14,14,0.8235294117647058,2,"C00,W",0.14285714285714285,1,0,1,0,3,True,1,ok,local_up_fast,mpdag_criterion,True,"Conjecture 2 (hence Anti-Exchange Case B, verified not proved)",C00->C07 C00->Y C02->C00 C02->C05 C02->C09 C02->X C03->C04 C06->C08 C07->C11 C09->C05 W->Y X->C03 X->C04 X->C06 X->C10 X->Y C00-X,0.000872082999990198,0.0,0.000872082999990198,,1,14,6,0,0.3443043888868869,2.196041545697268,7,2
c12_s01_cov050_seed00000143_bw025,c12_s01_cov050_seed00000143,flip,fast_gate,12,1,measured,0.5,0.25,,143,X,Y,6,6,12,12,0.8,1,W,0.0,0,0,2,0,3,True,3,ok,local_up_fast,mpdag_criterion,True,"Conjecture 2 (hence Anti-Exchange Case B, verified not proved)",C00->C06 C00->Y C02->C04 C02->C10 C03->C05 C03->C11 C06->C08 W->Y X->C03 X->C06 X->C09 X->Y C00-X C02-C07 C02-X,0.002842709000049126,0.0,0.002842709000049126,,4,44,10,0,0.7840319361277445,2.364604125083167,6,3
c12_s01_cov050_seed00000151_bw025,c12_s01_cov050_seed00000151,flip,fast_gate,12,1,measured,0.5,0.25,,151,X,Y,6,8,11,11,0.8125,1,W,0.0,0,0,2,0,3,True,3,ok,local_up_fast,mpdag_criterion,True,"Conjecture 2 (hence Anti-Exchange Case B, verified not proved)",C00->C07 C00->Y C03->C05 C03->C08 C03->C10 W->Y X->C02 X->C03 X->C06 X->C11 X->Y C00-X C04-C09 C04-X C05-C08 C06-C11,0.003048874999990403,0.0,0.003048874999990403,,3,30,8,0,0.6209832645901482,2.193523917887451,6,3
c12_s01_cov050_seed00000158_bw025,c12_s01_cov050_seed00000158,flip,fast_gate,12,1,measured,0.5,0.25,,158,X,Y,7,7,11,11,0.8235294117647058,2,"C00,W",0.0,0,0,3,0,3,True,3,ok,local_up_fast,mpdag_criterion,True,"Conjecture 2 (hence Anti-Exchange Case B, verified not proved)",C00->C04 C00->C10 C00->Y C02->C03 C02->C06 C02->C07 C02->C11 C06->C08 C08->C09 W->Y X->Y C00-C02 C00-X C02-C05 C03-C07 C06-C11 C10-X,0.011232875000018794,0.0,0.011232875000018794,,7,66,19,0,0.4225,2.6125,7,3
c12_s01_cov050_seed00000169_bw025,c12_s01_cov050_seed00000169,flip,fast_gate,12,1,measured,0.5,0.25,,169,X,Y,7,6,12,12,0.8235294117647058,2,"C00,W",0.0,0,0,2,0,3,True,2,ok,local_up_fast,mpdag_criterion,True,"Conjecture 2 (hence Anti-Exchange Case B, verified not proved)",C00->C07 C00->C10 C00->Y C02->C11 C04->C03 C05->C07 C05->C10 W->Y X->C02 X->C03 X->C04 X->C06 X->Y C00-C05 C00-X C05-C08 C08-C09,0.0026832089999970776,0.0,0.0026832089999970776,,2,23,9,0,0.42511543517150585,2.67171509937861,7,2
c12_s01_cov050_seed00000184_bw025,c12_s01_cov050_seed00000184,flip,fast_gate,12,1,measured,0.5,0.25,,184,X,Y,7,6,12,12,0.8235294117647058,2,"C00,W",0.0,0,0,3,0,3,True,3,ok,local_up_fast,mpdag_criterion,True,"Conjecture 2 (hence Anti-Exchange Case B, verified not proved)",C00->C02 C00->C07 C00->C08 C00->C10 C00->Y C03->C10 C04->C06 C06->C09 C10->C11 W->Y X->C04 X->Y C00-C03 C00-C05 C00-X C02-C07 C03-C05,0.005558791999987989,0.0,0.005558791999987989,,4,44,7,0,0.9594405594405593,3.797202797202797,7,3
c12_s01_cov050_seed00000186_bw025,c12_s01_cov050_seed00000186,flip,fast_gate,12,1,measured,0.5,0.25,,186,X,Y,6,7,11,11,0.8,1,W,0.0,0,0,2,0,3,True,3,ok,local_up_fast,mpdag_criterion,True,"Conjecture 2 (hence Anti-Exchange Case B, verified not proved)",C00->C02 C00->Y C02->C04 C03->C05 C03->C11 C05->C08 C06->C11 C07->C09 W->Y X->C07 X->Y C00-X C03-C06 C03-X C06-C10,0.006980459000033079,0.0,0.006980459000033079,,5,49,13,0,0.3326315789473684,1.663157894736842,6,2
c12_s01_cov050_seed00000189_bw025,c12_s01_cov050_seed00000189,flip,fast_gate,12,1,measured,0.5,0.25,,189,X,Y,8,7,15,15,0.8421052631578947,1,W,0.0,0,0,2,0,3,True,3,ok,local_up_fast,mpdag_criterion,True,"Conjecture 2 (hence Anti-Exchange Case B, verified not proved)",C00->C02 C00->C06 C00->Y C02->C04 C02->C06 C02->C09 C04->C05 C04->C11 C06->C07 C06->C10 W->Y X->C02 X->C04 X->C05 X->Y C00-X C03-C08 C03-X C07-C10,0.004227417000038258,0.0,0.004227417000038258,,4,56,7,0,0.2004320276497696,1.6494815668202767,8,3
c12_s01_cov100_seed00000040_bw025,c12_s01_cov100_seed00000040,flip,fast_gate,12,1,measured,1.0,0.25,,40,X,Y,14,8,14,14,0.8235294117647058,1,W,0.0,0,0,3,0,3,True,3,ok,local_up_fast,mpdag_criterion,True,"Conjecture 2 (hence Anti-Exchange Case B, verified not proved)",C00->C04 C00->C05 C00->C11 C00->Y C03->C07 C04->C06 C04->C08 C04->C09 C06->C09 C06->C10 C08->C06 C08->C10 W->Y X->Y C00-X C02-C03 C02-X,0.012693874999968102,0.0,0.012693874999968102,,9,113,15,0,0.1875,2.875,14,6
c12_s01_cov100_seed00000087_bw025,c12_s01_cov100_seed00000087,flip,fast_gate,12,1,measured,1.0,0.25,,87,X,Y,14,8,14,14,0.8235294117647058,2,"C00,W",0.0,0,0,,1,3,True,4,ok,e1_ladder,mpdag_criterion,True,"Conjecture 2 (hence Anti-Exchange Case B, verified not proved)","(('C00', 'Y'), ('C03', 'C02'), ('C05', 'C07'), ('C05', 'C09'), ('C05', 'C10'), ('C07', 'C09'), ('C09', 'C11'), ('W', 'Y'), ('X', 'C02'), ('X', 'C03'), ('X', 'C04'), ('X', 'C06'), ('X', 'Y'))",0.013002375000041866,0.08738191700001607,0.10038429200005794,,28,162,28,0,0.308974358974359,4.804029304029305,14,5
c12_s01_cov100_seed00000109_bw025,c12_s01_cov100_seed00000109,flip,fast_gate,12,1,measured,1.0,0.25,,109,X,Y,13,6,13,13,0.8125,1,W,0.0,0,0,2,0,3,True,2,ok,local_up_fast,mpdag_criterion,True,"Conjecture 2 (hence Anti-Exchange Case B, verified not proved)",C00->C04 C00->C06 C00->Y C02->C09 C03->C07 C04->C08 C05->C03 C05->C10 C08->C11 W->Y X->C02 X->C03 X->C10 X->Y C00-X C05-X,0.003909999999905267,0.0,0.003909999999905267,,4,49,11,0,0.20512820512820512,2.871794871794872,13,7
c12_s01_cov100_seed00000201_bw025,c12_s01_cov100_seed00000201,flip,fast_gate,12,1,measured,1.0,0.25,,201,X,Y,12,6,12,12,0.8,2,"C00,W",0.0,0,0,,1,3,True,4,ok,e1_ladder,mpdag_criterion,True,"Conjecture 2 (hence Anti-Exchange Case B, verified not proved)","(('C00', 'Y'), ('C02', 'C05'), ('C03', 'C04'), ('C05', 'C08'), ('C08', 'C09'), ('C08', 'C10'), ('C09', 'C10'), ('W', 'Y'), ('X', 'C07'), ('X', 'C11'), ('X', 'Y'))",0.0036396250000052532,0.0804142499999898,0.08405387499999506,,11,64,11,0,0.865,5.65,12,5
c12_s01_cov100_seed00000227_bw025,c12_s01_cov100_seed00000227,flip,fast_gate,12,1,measured,1.0,0.25,,227,X,Y,14,8,14,14,0.8235294117647058,2,"C00,W",0.0,0,0,3,0,3,True,3,ok,local_up_fast,mpdag_criterion,True,"Conjecture 2 (hence Anti-Exchange Case B, verified not proved)",C00->C02 C00->C03 C00->C06 C00->C07 C00->Y C02->C04 C02->C09 C07->C06 C09->C10 C11->C07 W->Y X->C05 X->C08 X->Y C00-C11 C00-X C03-X,0.009491041999922345,0.0,0.009491041999922345,,6,77,17,0,0.225,3.875,14,7
c12_s01_cov100_seed00000310_bw025,c12_s01_cov100_seed00000310,flip,fast_gate,12,1,measured,1.0,0.25,,310,X,Y,13,6,13,13,0.8125,2,"C00,W",0.07692307692307693,1,0,1,0,3,True,1,ok,local_up_fast,mpdag_criterion,True,"Conjecture 2 (hence Anti-Exchange Case B, verified not proved)",C00->C02 C00->Y C02->C08 C02->C09 C03->C11 C04->C03 C04->C05 C05->C10 C07->C00 C07->X W->Y X->C03 X->C04 X->C06 X->Y C00-X,0.0013380410000536358,0.0,0.0013380410000536358,,1,13,4,0,0.12682487725040917,1.9719524762077953,13,7
c12_s01_cov100_seed00000333_bw025,c12_s01_cov100_seed00000333,flip,fast_gate,12,1,measured,1.0,0.25,,333,X,Y,11,6,11,11,0.7857142857142857,2,"C00,W",0.0,0,0,,1,3,True,4,ok,e1_ladder,mpdag_criterion,True,"Conjecture 2 (hence Anti-Exchange Case B, verified not proved)","(('C00', 'C06'), ('C00', 'C09'), ('C00', 'Y'), ('C02', 'C10'), ('C04', 'C05'), ('C05', 'C07'), ('C06', 'C08'), ('C06', 'C11'), ('W', 'Y'), ('X', 'Y'))",0.0031902500001024237,0.06799775000001773,0.07118800000012016,,10,58,10,0,1.0,5.0,11,6
c12_s01_cov100_seed00000339_bw025,c12_s01_cov100_seed00000339,flip,fast_gate,12,1,measured,1.0,0.25,,339,X,Y,12,6,12,12,0.8,2,"C00,W",0.0,0,0,3,0,3,True,3,ok,local_up_fast,mpdag_criterion,True,"Conjecture 2 (hence Anti-Exchange Case B, verified not proved)",C00->C03 C00->C04 C00->Y C02->C09 C04->C03 C04->C05 C04->C06 C09->C11 W->Y X->C07 X->C08 X->Y C00-C02 C00-X C02-C10,0.006355666999979803,0.0,0.006355666999979803,,6,64,11,0,0.7222222222222223,4.135265700483092,12,7
c12_s01_cov100_seed00000369_bw025,c12_s01_cov100_seed00000369,flip,fast_gate,12,1,measured,1.0,0.25,,369,X,Y,15,8,15,15,0.8333333333333334,2,"C06,W",0.13333333333333333,2,0,1,0,3,True,1,ok,local_up_fast,mpdag_criterion,True,"Conjecture 2 (hence Anti-Exchange Case B, verified not proved)",C00->C07 C00->C09 C00->C10 C00->Y C02->C03 C02->C04 C02->C08 C06->C00 C06->X C11->C02 W->Y X->C02 X->C05 X->C07 X->C09 X->C11 X->Y C00-X,0.0007328330000291317,0.0,0.0007328330000291317,,1,15,2,0,0.029629629629629627,0.2962962962962963,15,8
c12_s01_cov100_seed00000418_bw025,c12_s01_cov100_seed00000418,flip,fast_gate,12,1,measured,1.0,0.25,,418,X,Y,13,6,13,13,0.8125,1,W,0.0,0,0,2,0,3,True,2,ok,local_up_fast,mpdag_criterion,True,"Conjecture 2 (hence Anti-Exchange Case B, verified not proved)",C00->C03 C00->C04 C00->Y C02->C06 C02->C08 C04->C11 C05->C10 C07->C05 W->Y X->C03 X->C05 X->C07 X->C09 X->Y C00-X C02-X,0.0024311250000437212,0.0,0.0024311250000437212,,3,37,13,0,0.5153846153846153,3.5570719602977667,13,7
c12_s01_cov100_seed00000424_bw025,c12_s01_cov100_seed00000424,flip,fast_gate,12,1,measured,1.0,0.25,,424,X,Y,14,8,14,14,0.8235294117647058,1,W,0.0,0,0,2,0,3,True,2,ok,local_up_fast,mpdag_criterion,True,"Conjecture 2 (hence Anti-Exchange Case B, verified not proved)",C00->C09 C00->Y C02->C00 C02->C03 C03->C04 C03->C05 C05->C07 C07->C10 C08->C06 W->Y X->C00 X->C03 X->C06 X->C11 X->Y C02-X C08-X,0.0026942920000010417,0.0,0.0026942920000010417,,3,40,11,0,0.1970779220779221,2.8353625541125544,14,7
c12_s01_cov100_seed00000435_bw025,c12_s01_cov100_seed00000435,flip,fast_gate,12,1,measured,1.0,0.25,,435,X,Y,15,8,15,15,0.8333333333333334,2,"C00,W",0.06666666666666667,1,0,1,0,3,True,1,ok,local_up_fast,mpdag_criterion,True,"Conjecture 2 (hence Anti-Exchange Case B, verified not proved)",C00->Y C02->C05 C02->C06 C02->C08 C03->C02 C04->C11 C05->C07 C08->C05 C10->C00 C10->X W->Y X->C02 X->C03 X->C04 X->C09 X->C11 X->Y C00-X,0.0009374999999636202,0.0,0.0009374999999636202,,1,15,6,0,0.12043954768536942,1.8104560829143002,15,4
c12_s01_cov100_seed00000447_bw025,c12_s01_cov100_seed00000447,flip,fast_gate,12,1,measured,1.0,0.25,,447,X,Y,12,6,12,12,0.8,1,W,0.0,0,0,3,0,3,True,3,ok,local_up_fast,mpdag_criterion,True,"Conjecture 2 (hence Anti-Exchange Case B, verified not proved)",C00->C02 C00->Y C03->C04 C03->C08 C04->C10 C06->C07 C06->C11 C08->C09 W->Y X->C06 X->C07 X->Y C00-X C03-C05 C03-X,0.004833041000097182,0.0,0.004833041000097182,,5,54,12,0,0.9888888888888889,4.648888888888889,12,7
c12_s01_cov100_seed00000515_bw025,c12_s01_cov100_seed00000515,flip,fast_gate,12,1,measured,1.0,0.25,,515,X,Y,13,6,13,13,0.8125,1,W,0.0,0,0,2,0,3,True,2,ok,local_up_fast,mpdag_criterion,True,"Conjecture 2 (hence Anti-Exchange Case B, verified not proved)",C00->C02 C00->C11 C00->Y C03->C04 C03->C10 C04->C05 C05->C09 C06->C07 C06->C08 C08->C07 W->Y X->C02 X->C03 X->Y C00-X C06-X,0.002261708999867551,0.0,0.002261708999867551,,3,37,11,0,0.5657142857142856,3.5345013477088947,13,8
c12_s06_cov050_seed00000001_bw025,c12_s06_cov050_seed00000001,flip,fast_gate,12,6,measured,0.5,0.25,,1,X,Y,6,5,11,11,0.8,2,"C00,W",0.0,0,0,,1,3,True,4,ok,e1_ladder,mpdag_criterion,True,"Conjecture 2 (hence Anti-Exchange Case B, verified not proved)","(('C00', 'Y'), ('C01', 'C00'), ('C02', 'C01'), ('C03', 'C07'), ('C04', 'C08'), ('C04', 'C11'), ('C08', 'C09'), ('C08', 'C10'), ('W', 'Y'), ('X', 'Y'))",0.004774875000066459,0.07054879200018149,0.07532366700024795,,14,67,14,0,0.5,3.0,6,2
c12_s06_cov050_seed00000006_bw025,c12_s06_cov050_seed00000006,flip,fast_gate,12,6,measured,0.5,0.25,,6,X,Y,6,4,11,11,0.7857142857142857,2,"C00,W",0.0,0,0,,1,3,True,4,ok,e1_ladder,mpdag_criterion,True,"Conjecture 2 (hence Anti-Exchange Case B, verified not proved)","(('C00', 'Y'), ('C01', 'C00'), ('C02', 'C01'), ('C03', 'C07'), ('C03', 'C10'), ('C04', 'C08'), ('C04', 'C11'), ('C05', 'C09'), ('W', 'Y'), ('X', 'Y'))",0.004837708999957613,0.06379012499996861,0.06862783399992622,,18,76,18,0,0.5,3.0,6,2
c12_s06_cov050_seed00000018_bw025,c12_s06_cov050_seed00000018,flip,fast_gate,12,6,measured,0.5,0.25,,18,X,Y,6,6,10,10,0.8,2,"C00,W",0.0,0,0,,1,3,True,4,ok,e1_ladder,mpdag_criterion,True,"Conjecture 2 (hence Anti-Exchange Case B, verified not proved)","(('C00', 'C09'), ('C00', 'Y'), ('C01', 'C00'), ('C02', 'C01'), ('W', 'Y'), ('X', 'C07'), ('X', 'C10'), ('X', 'C11'), ('X', 'Y'))",0.0042404579999129055,0.08781916699990688,0.09205962499981979,,10,52,10,0,0.5,3.0,6,2
c12_s06_cov050_seed00000022_bw025,c12_s06_cov050_seed00000022,flip,fast_gate,12,6,measured,0.5,0.25,,22,X,Y,6,5,11,11,0.8,2,"C00,W",0.0,0,0,,1,3,True,4,ok,e1_ladder,mpdag_criterion,True,"Conjecture 2 (hence Anti-Exchange Case B, verified not proved)","(('C00', 'C09'), ('C00', 'Y'), ('C01', 'C00'), ('C01', 'C10'), ('C02', 'C01'), ('C04', 'C07'), ('C07', 'C08'), ('C10', 'C11'), ('W', 'Y'), ('X', 'Y'))",0.007879291999870475,0.07624624999994012,0.0841255419998106,,15,67,15,0,0.5,3.0,6,2
c12_s06_cov050_seed00000023_bw025,c12_s06_cov050_seed00000023,flip,fast_gate,12,6,measured,0.5,0.25,,23,X,Y,6,6,11,11,0.8125,2,"C00,W",0.0,0,0,,1,3,True,4,ok,e1_ladder,mpdag_criterion,True,"Conjecture 2 (hence Anti-Exchange Case B, verified not proved)","(('C00', 'C07'), ('C00', 'Y'), ('C01', 'C00'), ('C01', 'C09'), ('C02', 'C01'), ('C05', 'C08'), ('C08', 'C10'), ('W', 'Y'), ('X', 'C10'), ('X', 'Y'))",0.008369249999987005,0.060944584000026225,0.06931383400001323,,13,67,13,0,0.5,3.0,6,2
c12_s06_cov050_seed00000042_bw025,c12_s06_cov050_seed00000042,flip,fast_gate,12,6,measured,0.5,0.25,,42,X,Y,6,5,11,11,0.8,2,"C00,W",0.0,0,0,,1,3,True,4,ok,e1_ladder,mpdag_criterion,True,"Conjecture 2 (hence Anti-Exchange Case B, verified not proved)","(('C00', 'C07'), ('C00', 'C09'), ('C00', 'Y'), ('C01', 'C00'), ('C02', 'C01'), ('C05', 'C10'), ('C10', 'C11'), ('W', 'Y'), ('X', 'C08'), ('X', 'Y'))",0.004019707999987077,0.07516783300002317,0.07918754100001024,,11,58,11,0,0.5,3.0,6,2
c12_s06_cov050_seed00000059_bw025,c12_s06_cov050_seed00000059,flip,fast_gate,12,6,measured,0.5,0.25,,59,X,Y,8,6,13,13,0.8333333333333334,2,"C00,W",0.0,0,0,,1,3,True,4,ok,e1_ladder,mpdag_criterion,True,"Conjecture 2 (hence Anti-Exchange Case B, verified not proved)","(('C00', 'Y'), ('C01', 'C00'), ('C01', 'C10'), ('C02', 'C01'), ('C02', 'C09'), ('C02', 'C10'), ('C02', 'C11'), ('C04', 'C08'), ('C05', 'C07'), ('C10', 'C11'), ('W', 'Y'), ('X', 'Y'))",0.022728292000010697,0.10091220800018164,0.12364050000019233,,40,182,40,0,0.5008036739380023,4.008036739380023,8,2
c12_s06_cov050_seed00000088_bw025,c12_s06_cov050_seed00000088,flip,fast_gate,12,6,measured,0.5,0.25,,88,X,Y,6,5,11,11,0.8,2,"C00,W",0.0,0,0,,1,3,True,4,ok,e1_ladder,mpdag_criterion,True,"Conjecture 2 (hence Anti-Exchange Case B, verified not proved)","(('C00', 'Y'), ('C01', 'C00'), ('C01', 'C08'), ('C02', 'C01'), ('C03', 'C07'), ('C05', 'C10'), ('C07', 'C09'), ('C08', 'C11'), ('W', 'Y'), ('X', 'Y'))",0.005930875000103697,0.06359462500017798,0.06952550000028168,,17,76,17,0,0.5,3.0,6,2
c12_s06_cov050_seed00000124_bw025,c12_s06_cov050_seed00000124,flip,fast_gate,12,6,measured,0.5,0.25,,124,X,Y,6,4,11,11,0.7857142857142857,2,"C00,W",0.0,0,0,,1,3,True,4,ok,e1_ladder,mpdag_criterion,True,"Conjecture 2 (hence Anti-Exchange Case B, verified not proved)","(('C00', 'C09'), ('C00', 'Y'), ('C01', 'C00'), ('C01', 'C11'), ('C02', 'C01'), ('C07', 'C10'), ('W', 'Y'), ('X', 'C07'), ('X', 'C08'), ('X', 'Y'))",0.006315916999938054,0.05598458400004347,0.06230050099998152,,13,67,13,0,0.5,3.0,6,2
c12_s06_cov050_seed00000128_bw025,c12_s06_cov050_seed00000128,flip,fast_gate,12,6,measured,0.5,0.25,,128,X,Y,6,6,10,10,0.8,2,"C00,W",0.0,0,0,,1,3,True,4,ok,e1_ladder,mpdag_criterion,True,"Conjecture 2 (hence Anti-Exchange Case B, verified not proved)","(('C00', 'Y'), ('C01', 'C00'), ('C01', 'C09'), ('C02', 'C01'), ('C04', 'C07'), ('C05', 'C08'), ('W', 'Y'), ('X', 'C11'), ('X', 'Y'))",0.0074544580002111616,0.09676933300011115,0.10422379100032231,,13,60,13,0,0.5,3.0,6,2
c12_s06_cov050_seed00000134_bw025,c12_s06_cov050_seed00000134,flip,fast_gate,12,6,measured,0.5,0.25,,134,X,Y,6,4,11,11,0.7857142857142857,2,"C00,W",0.0,0,0,,1,3,True,4,ok,e1_ladder,mpdag_criterion,True,"Conjecture 2 (hence Anti-Exchange Case B, verified not proved)","(('C00', 'Y'), ('C01', 'C00'), ('C02', 'C01'), ('C03', 'C09'), ('C04', 'C11'), ('C05', 'C07'), ('C07', 'C08'), ('C07', 'C10'), ('W', 'Y'), ('X', 'Y'))",0.00696725000011611,0.061301124999999956,0.06826837500011607,,13,67,13,0,0.5,3.0,6,2
c12_s06_cov050_seed00000165_bw025,c12_s06_cov050_seed00000165,flip,fast_gate,12,6,measured,0.5,0.25,,165,X,Y,6,5,11,11,0.8,2,"C00,W",0.0,0,0,,1,3,True,4,ok,e1_ladder,mpdag_criterion,True,"Conjecture 2 (hence Anti-Exchange Case B, verified not proved)","(('C00', 'Y'), ('C01', 'C00'), ('C01', 'C09'), ('C01', 'C10'), ('C02', 'C01'), ('C03', 'C08'), ('C03', 'C11'), ('C04', 'C07'), ('W', 'Y'), ('X', 'Y'))",0.008293749999893407,0.06800637499986806,0.07630012499976147,,24,94,24,0,0.5,3.0,6,2
c12_s06_cov050_seed00000177_bw025,c12_s06_cov050_seed00000177,flip,fast_gate,12,6,measured,0.5,0.25,,177,X,Y,6,5,11,11,0.8,2,"C00,W",0.0,0,0,,1,3,True,4,ok,e1_ladder,mpdag_criterion,True,"Conjecture 2 (hence Anti-Exchange Case B, verified not proved)","(('C00', 'C09'), ('C00', 'Y'), ('C01', 'C00'), ('C02', 'C01'), ('C03', 'C08'), ('C04', 'C07'), ('C05', 'C10'), ('C08', 'C11'), ('W', 'Y'), ('X', 'Y'))",0.02591720800000985,0.05953441700012263,0.08545162500013248,,15,67,15,0,0.5,3.0,6,2
c12_s06_cov050_seed00000179_bw025,c12_s06_cov050_seed00000179,flip,fast_gate,12,6,measured,0.5,0.25,,179,X,Y,6,6,10,10,0.8,2,"C00,W",0.0,0,0,,1,3,True,4,ok,e1_ladder,mpdag_criterion,True,"Conjecture 2 (hence Anti-Exchange Case B, verified not proved)","(('C00', 'Y'), ('C01', 'C00'), ('C02', 'C01'), ('C03', 'C09'), ('C03', 'C11'), ('C07', 'C08'), ('W', 'Y'), ('X', 'C07'), ('X', 'Y'))",0.0055497920000107115,0.07122020899987547,0.07677000099988618,,16,68,16,0,0.5,3.0,6,2
c12_s06_cov050_seed00000180_bw025,c12_s06_cov050_seed00000180,flip,fast_gate,12,6,measured,0.5,0.25,,180,X,Y,6,6,10,10,0.8,2,"C00,W",0.0,0,0,,1,3,True,4,ok,e1_ladder,mpdag_criterion,True,"Conjecture 2 (hence Anti-Exchange Case B, verified not proved)","(('C00', 'Y'), ('C01', 'C00'), ('C01', 'C07'), ('C02', 'C01'), ('C03', 'C11'), ('C04', 'C08'), ('C04', 'C09'), ('W', 'Y'), ('X', 'Y'))",0.006214416000148049,0.08097070799999528,0.08718512400014333,,17,68,17,0,0.5,3.0,6,2
c12_s06_cov050_seed00000191_bw025,c12_s06_cov050_seed00000191,flip,fast_gate,12,6,measured,0.5,0.25,,191,X,Y,6,5,11,11,0.8,2,"C00,W",0.0,0,0,,1,3,True,4,ok,e1_ladder,mpdag_criterion,True,"Conjecture 2 (hence Anti-Exchange Case B, verified not proved)","(('C00', 'C07'), ('C00', 'C08'), ('C00', 'C11'), ('C00', 'Y'), ('C01', 'C00'), ('C02', 'C01'), ('C03', 'C09'), ('C03', 'C10'), ('W', 'Y'), ('X', 'Y'))",0.00696529200013174,0.07515266699988388,0.08211795900001562,,19,76,19,0,0.5,3.0,6,2
c12_s06_cov050_seed00000199_bw025,c12_s06_cov050_seed00000199,flip,fast_gate,12,6,measured,0.5,0.25,,199,X,Y,7,10,8,8,0.8235294117647058,2,"C00,W",0.0,0,0,,1,3,True,4,ok,e1_ladder,mpdag_criterion,True,"Conjecture 2 (hence Anti-Exchange Case B, verified not proved)","(('C00', 'Y'), ('C01', 'C00'), ('C01', 'C09'), ('C02', 'C01'), ('C04', 'C08'), ('W', 'Y'), ('X', 'Y'))",0.006054749999975684,0.13374695799984693,0.1398017079998226,,13,46,13,0,0.5,3.0,7,3
c12_s06_cov050_seed00000214_bw025,c12_s06_cov050_seed00000214,flip,fast_gate,12,6,measured,0.5,0.25,,214,X,Y,6,6,11,11,0.8125,2,"C00,W",0.0,0,0,,1,3,True,4,ok,e1_ladder,mpdag_criterion,True,"Conjecture 2 (hence Anti-Exchange Case B, verified not proved)","(('C00', 'C07'), ('C00', 'Y'), ('C01', 'C00'), ('C01', 'C08'), ('C02', 'C01'), ('C07', 'C10'), ('C08', 'C09'), ('C08', 'C11'), ('W', 'Y'), ('X', 'Y'))",0.005501000000094791,0.07896049999999377,0.08446150000008856,,15,67,15,0,0.5,3.0,6,2
c12_s06_cov050_seed00000240_bw025,c12_s06_cov050_seed00000240,flip,fast_gate,12,6,measured,0.5,0.25,,240,X,Y,7,7,11,11,0.8235294117647058,2,"C00,W",0.0,0,0,,1,3,True,4,ok,e1_ladder,mpdag_criterion,True,"Conjecture 2 (hence Anti-Exchange Case B, verified not proved)","(('C00', 'Y'), ('C01', 'C00'), ('C02', 'C01'), ('C03', 'C09'), ('C03', 'C10'), ('C05', 'C07'), ('C05', 'C08'), ('C07', 'C11'), ('W', 'Y'), ('X', 'Y'))",0.009018291000074896,0.08961558400005742,0.09863387500013232,,16,76,16,0,0.5,3.0,7,3
c12_s06_cov050_seed00000248_bw025,c12_s06_cov050_seed00000248,flip,fast_gate,12,6,measured,0.5,0.25,,248,X,Y,6,5,11,11,0.8,2,"C00,W",0.0,0,0,,1,3,True,4,ok,e1_ladder,mpdag_criterion,True,"Conjecture 2 (hence Anti-Exchange Case B, verified not proved)","(('C00', 'Y'), ('C01', 'C00'), ('C02', 'C01'), ('C03', 'C07'), ('C03', 'C11'), ('C05', 'C08'), ('C08', 'C10'), ('W', 'Y'), ('X', 'C09'), ('X', 'Y'))",0.007508291999783978,0.06547858399994766,0.07298687599973164,,16,76,16,0,0.5,3.0,6,2
c12_s06_cov050_seed00000263_bw025,c12_s06_cov050_seed00000263,flip,fast_gate,12,6,measured,0.5,0.25,,263,X,Y,6,6,10,10,0.8,2,"C00,W",0.0,0,0,,1,3,True,4,ok,e1_ladder,mpdag_criterion,True,"Conjecture 2 (hence Anti-Exchange Case B, verified not proved)","(('C00', 'C09'), ('C00', 'Y'), ('C01', 'C00'), ('C01', 'C11'), ('C02', 'C01'), ('C03', 'C10'), ('C04', 'C07'), ('W', 'Y'), ('X', 'Y'))",0.0059988749999320135,0.06392895800013321,0.06992783300006522,,17,68,17,0,0.5,3.0,6,2
c12_s06_cov050_seed00000290_bw025,c12_s06_cov050_seed00000290,flip,fast_gate,12,6,measured,0.5,0.25,,290,X,Y,7,8,10,10,0.8235294117647058,2,"C00,W",0.0,0,0,,1,3,True,5,ok,e1_ladder,mpdag_criterion,True,"Conjecture 2 (hence Anti-Exchange Case B, verified not proved)","(('C00', 'Y'), ('C01', 'C00'), ('C02', 'C11'), ('C04', 'C10'), ('C07', 'C00'), ('W', 'Y'), ('X', 'C09'), ('X', 'Y'))",0.00914712500002679,0.1106603329999416,0.11980745799996839,,16,77,16,0,0.6438775510204081,4.438775510204081,7,1
c12_s06_cov050_seed00000322_bw025,c12_s06_cov050_seed00000322,flip,fast_gate,12,6,measured,0.5,0.25,,322,X,Y,6,9,8,8,0.8125,2,"C00,W",0.0,0,0,,1,3,True,4,ok,e1_ladder,mpdag_criterion,True,"Conjecture 2 (hence Anti-Exchange Case B, verified not proved)","(('C00', 'C07'), ('C00', 'Y'), ('C01', 'C00'), ('C02', 'C01'), ('C05', 'C10'), ('W', 'Y'), ('X', 'Y'))",0.007968208000193044,0.08286370799987708,0.09083191600007012,,10,40,10,0,0.5,3.0,6,2
c12_s06_cov050_seed00000379_bw025,c12_s06_cov050_seed00000379,flip,fast_gate,12,6,measured,0.5,0.25,,379,X,Y,7,6,12,12,0.8235294117647058,2,"C00,W",0.0,0,0,,1,3,True,4,ok,e1_ladder,mpdag_criterion,True,"Conjecture 2 (hence Anti-Exchange Case B, verified not proved)","(('C00', 'Y'), ('C01', 'C00'), ('C01', 'C10'), ('C02', 'C01'), ('C02', 'C10'), ('C03', 'C09'), ('C04', 'C07'), ('C04', 'C08'), ('C07', 'C11'), ('W', 'Y'), ('X', 'Y'))",0.009090000000014697,0.08609333300000799,0.09518333300002269,,27,125,27,0,0.5520833333333333,3.5208333333333335,7,2
c12_s06_cov050_seed00000397_bw025,c12_s06_cov050_seed00000397,flip,fast_gate,12,6,measured,0.5,0.25,,397,X,Y,6,5,11,11,0.8,2,"C00,W",0.0,0,0,,1,3,True,4,ok,e1_ladder,mpdag_criterion,True,"Conjecture 2 (hence Anti-Exchange Case B, verified not proved)","(('C00', 'Y'), ('C01', 'C00'), ('C02', 'C01'), ('C03', 'C08'), ('C03', 'C10'), ('C03', 'C11'), ('W', 'Y'), ('X', 'C07'), ('X', 'C09'), ('X', 'Y'))",0.006890333999990617,0.06534629199995834,0.07223662599994896,,21,85,21,0,0.5,3.0,6,2
c12_s06_cov050_seed00000419_bw025,c12_s06_cov050_seed00000419,flip,fast_gate,12,6,measured,0.5,0.25,,419,X,Y,6,5,10,10,0.7857142857142857,2,"C00,W",0.0,0,0,,1,3,True,4,ok,e1_ladder,mpdag_criterion,True,"Conjecture 2 (hence Anti-Exchange Case B, verified not proved)","(('C00', 'Y'), ('C01', 'C00'), ('C01', 'C10'), ('C02', 'C01'), ('C05', 'C07'), ('C07', 'C08'), ('C07', 'C11'), ('W', 'Y'), ('X', 'Y'))",0.007360167000115325,0.05679462499983856,0.06415479199995389,,12,60,12,0,0.5,3.0,6,2
c12_s06_cov050_seed00000426_bw025,c12_s06_cov050_seed00000426,flip,fast_gate,12,6,measured,0.5,0.25,,426,X,Y,6,6,11,11,0.8125,2,"C00,W",0.0,0,0,,1,3,True,4,ok,e1_ladder,mpdag_criterion,True,"Conjecture 2 (hence Anti-Exchange Case B, verified not proved)","(('C00', 'Y'), ('C01', 'C00'), ('C01', 'C07'), ('C02', 'C01'), ('C03', 'C09'), ('C04', 'C08'), ('C08', 'C11'), ('W', 'Y'), ('X', 'C10'), ('X', 'Y'))",0.005548124999904758,0.1026657919999252,0.10821391699982996,,16,76,16,0,0.5,3.0,6,2
c12_s06_cov050_seed00000431_bw025,c12_s06_cov050_seed00000431,flip,fast_gate,12,6,measured,0.5,0.25,,431,X,Y,6,5,12,12,0.8125,2,"C00,W",0.0,0,0,,1,3,True,4,ok,e1_ladder,mpdag_criterion,True,"Conjecture 2 (hence Anti-Exchange Case B, verified not proved)","(('C00', 'C08'), ('C00', 'Y'), ('C01', 'C00'), ('C02', 'C01'), ('C03', 'C10'), ('C04', 'C09'), ('C05', 'C07'), ('C05', 'C11'), ('C09', 'C11'), ('W', 'Y'), ('X', 'Y'))",0.00535708400002477,0.06334191699988878,0.06869900099991355,,14,74,14,0,0.5,3.0,6,2
c12_s06_cov050_seed00000433_bw025,c12_s06_cov050_seed00000433,flip,fast_gate,12,6,measured,0.5,0.25,,433,X,Y,6,6,10,10,0.8,2,"C00,W",0.0,0,0,,1,3,True,4,ok,e1_ladder,mpdag_criterion,True,"Conjecture 2 (hence Anti-Exchange Case B, verified not proved)","(('C00', 'C11'), ('C00', 'Y'), ('C01', 'C00'), ('C01', 'C07'), ('C02', 'C01'), ('C07', 'C09'), ('W', 'Y'), ('X', 'C10'), ('X', 'Y'))",0.0077997920000143495,0.07080345899998974,0.07860325100000409,,14,60,14,0,0.5,3.0,6,2
c12_s06_cov050_seed00000446_bw025,c12_s06_cov050_seed00000446,flip,fast_gate,12,6,measured,0.5,0.25,,446,X,Y,6,5,11,11,0.8,2,"C00,W",0.0,0,0,,1,3,True,4,ok,e1_ladder,mpdag_criterion,True,"Conjecture 2 (hence Anti-Exchange Case B, verified not proved)","(('C00', 'C07'), ('C00', 'C10'), ('C00', 'Y'), ('C01', 'C00'), ('C02', 'C01'), ('C05', 'C08'), ('C05', 'C09'), ('C05', 'C11'), ('W', 'Y'), ('X', 'Y'))",0.003982375000077809,0.06867020899994714,0.07265258400002494,,11,58,11,0,0.5,3.0,6,2
c12_s06_cov050_seed00000447_bw025,c12_s06_cov050_seed00000447,flip,fast_gate,12,6,measured,0.5,0.25,,447,X,Y,6,5,10,10,0.7857142857142857,2,"C00,W",0.0,0,0,,1,3,True,4,ok,e1_ladder,mpdag_criterion,True,"Conjecture 2 (hence Anti-Exchange Case B, verified not proved)","(('C00', 'Y'), ('C01', 'C00'), ('C02', 'C01'), ('C03', 'C07'), ('C05', 'C08'), ('C08', 'C09'), ('W', 'Y'), ('X', 'C10'), ('X', 'Y'))",0.007522375000007742,0.062046250000094005,0.06956862500010175,,12,60,12,0,0.5,3.0,6,2
c12_s06_cov050_seed00000451_bw025,c12_s06_cov050_seed00000451,flip,fast_gate,12,6,measured,0.5,0.25,,451,X,Y,7,7,11,11,0.8235294117647058,2,"C00,W",0.0,0,0,,1,3,True,4,ok,e1_ladder,mpdag_criterion,True,"Conjecture 2 (hence Anti-Exchange Case B, verified not proved)","(('C00', 'C08'), ('C00', 'Y'), ('C01', 'C00'), ('C02', 'C01'), ('C04', 'C07'), ('C05', 'C11'), ('C08', 'C09'), ('C08', 'C10'), ('W', 'Y'), ('X', 'Y'))",0.006991583000171886,0.07352250000008098,0.08051408300025287,,11,58,11,0,0.5,3.0,7,3
c12_s06_cov050_seed00000462_bw025,c12_s06_cov050_seed00000462,flip,fast_gate,12,6,measured,0.5,0.25,,462,X,Y,6,5,11,11,0.8,2,"C00,W",0.0,0,0,,1,3,True,4,ok,e1_ladder,mpdag_criterion,True,"Conjecture 2 (hence Anti-Exchange Case B, verified not proved)","(('C00', 'Y'), ('C01', 'C00'), ('C02', 'C01'), ('C04', 'C07'), ('C04', 'C10'), ('C05', 'C09'), ('C05', 'C11'), ('C07', 'C08'), ('W', 'Y'), ('X', 'Y'))",0.007539374999851134,0.07887550000009469,0.08641487499994582,,11,58,11,0,0.5,3.0,6,2
c12_s06_cov050_seed00000473_bw025,c12_s06_cov050_seed00000473,flip,fast_gate,12,6,measured,0.5,0.25,,473,X,Y,7,8,10,10,0.8235294117647058,2,"C00,W",0.0,0,0,,1,3,True,5,ok,e1_ladder,mpdag_criterion,True,"Conjecture 2 (hence Anti-Exchange Case B, verified not proved)","(('C00', 'Y'), ('C01', 'C00'), ('C02', 'C07'), ('C02', 'C10'), ('C09', 'C00'), ('W', 'Y'), ('X', 'C08'), ('X', 'Y'))",0.010290500000110114,0.10590899999988324,0.11619949999999335,,21,85,21,0,0.6455555555555555,4.455555555555556,7,1
c12_s06_cov050_seed00000482_bw025,c12_s06_cov050_seed00000482,flip,fast_gate,12,6,measured,0.5,0.25,,482,X,Y,6,7,10,10,0.8125,2,"C00,W",0.0,0,0,,1,3,True,4,ok,e1_ladder,mpdag_criterion,True,"Conjecture 2 (hence Anti-Exchange Case B, verified not proved)","(('C00', 'Y'), ('C01', 'C00'), ('C01', 'C07'), ('C02', 'C01'), ('C05', 'C08'), ('C05', 'C09'), ('C08', 'C10'), ('W', 'Y'), ('X', 'Y'))",0.005384250000133761,0.08774570800005677,0.09312995800019053,,12,60,12,0,0.5,3.0,6,2
c12_s06_cov050_seed00000488_bw025,c12_s06_cov050_seed00000488,flip,fast_gate,12,6,measured,0.5,0.25,,488,X,Y,6,6,11,11,0.8125,2,"C00,W",0.0,0,0,,1,3,True,4,ok,e1_ladder,mpdag_criterion,True,"Conjecture 2 (hence Anti-Exchange Case B, verified not proved)","(('C00', 'C08'), ('C00', 'Y'), ('C01', 'C00'), ('C02', 'C01'), ('C03', 'C10'), ('C05', 'C07'), ('C10', 'C11'), ('W', 'Y'), ('X', 'C09'), ('X', 'Y'))",0.006249791000072946,0.07019841700002871,0.07644820800010166,,14,67,14,0,0.5,3.0,6,2
c12_s06_cov050_seed00000535_bw025,c12_s06_cov050_seed00000535,flip,fast_gate,12,6,measured,0.5,0.25,,535,X,Y,6,10,7,7,0.8125,2,"C00,W",0.0,0,0,,1,3,True,4,ok,e1_ladder,mpdag_criterion,True,"Conjecture 2 (hence Anti-Exchange Case B, verified not proved)","(('C00', 'Y'), ('C01', 'C00'), ('C01', 'C08'), ('C02', 'C01'), ('W', 'Y'), ('X', 'Y'))",0.005266166000183148,0.10383108299993182,0.10909724900011497,,12,39,12,0,0.5,3.0,6,2
c12_s06_cov050_seed00000537_bw025,c12_s06_cov050_seed00000537,flip,fast_gate,12,6,measured,0.5,0.25,,537,X,Y,6,6,9,9,0.7857142857142857,2,"C00,W",0.0,0,0,,1,3,True,4,ok,e1_ladder,mpdag_criterion,True,"Conjecture 2 (hence Anti-Exchange Case B, verified not proved)","(('C00', 'Y'), ('C01', 'C00'), ('C01', 'C07'), ('C02', 'C01'), ('C05', 'C10'), ('C10', 'C11'), ('W', 'Y'), ('X', 'Y'))",0.0044413329999315465,0.05739633300004243,0.06183766599997398,,12,53,12,0,0.5,3.0,6,2
c12_s06_cov050_seed00000538_bw025,c12_s06_cov050_seed00000538,flip,fast_gate,12,6,measured,0.5,0.25,,538,X,Y,6,6,10,10,0.8,2,"C00,W",0.0,0,0,,1,3,True,4,ok,e1_ladder,mpdag_criterion,True,"Conjecture 2 (hence Anti-Exchange Case B, verified not proved)","(('C00', 'C07'), ('C00', 'Y'), ('C01', 'C00'), ('C02', 'C01'), ('C04', 'C08'), ('C04', 'C10'), ('C08', 'C11'), ('W', 'Y'), ('X', 'Y'))",0.004167207999898892,0.07562304199996106,0.07979024999985995,,12,52,12,0,0.5,3.0,6,2
c12_s06_cov050_seed00000546_bw025,c12_s06_cov050_seed00000546,flip,fast_gate,12,6,measured,0.5,0.25,,546,X,Y,6,7,8,8,0.7857142857142857,2,"C00,W",0.0,0,0,,1,3,True,4,ok,e1_ladder,mpdag_criterion,True,"Conjecture 2 (hence Anti-Exchange Case B, verified not proved)","(('C00', 'Y'), ('C01', 'C00'), ('C02', 'C01'), ('C05', 'C10'), ('W', 'Y'), ('X', 'C08'), ('X', 'Y'))",0.0047986249999212305,0.06401558299990029,0.06881420799982152,,9,40,9,0,0.5,3.0,6,2
c12_s06_cov100_seed00000066_bw025,c12_s06_cov100_seed00000066,flip,fast_gate,12,6,measured,1.0,0.25,,66,X,Y,12,6,12,12,0.8,2,"C00,W",0.0,0,0,3,0,3,True,3,ok,local_up_fast,mpdag_criterion,True,"Conjecture 2 (hence Anti-Exchange Case B, verified not proved)",C00->Y C01->C00 C02->C01 C03->C02 C07->C08 W->Y X->C07 X->C08 X->C09 X->C10 X->C11 X->Y C03-C04 C04-C05 C05-X,0.004327332999991995,0.0,0.004327332999991995,,7,75,13,0,0.21818181818181817,2.9186602870813396,12,6
c12_s06_cov100_seed00000081_bw025,c12_s06_cov100_seed00000081,flip,fast_gate,12,6,measured,1.0,0.25,,81,X,Y,13,6,13,13,0.8125,2,"C00,W",0.0,0,0,,1,3,True,4,ok,e1_ladder,mpdag_criterion,True,"Conjecture 2 (hence Anti-Exchange Case B, verified not proved)","(('C00', 'C07'), ('C00', 'Y'), ('C01', 'C00'), ('C01', 'C07'), ('C02', 'C01'), ('C02', 'C11'), ('C03', 'C08'), ('C03', 'C09'), ('C11', 'C01'), ('W', 'Y'), ('X', 'C10'), ('X', 'Y'))",0.01437133400008861,0.07562158299992916,0.08999291700001777,,39,182,39,0,0.6837662337662336,4.98051948051948,13,7
c12_s06_cov100_seed00000094_bw025,c12_s06_cov100_seed00000094,flip,fast_gate,12,6,measured,1.0,0.25,,94,X,Y,12,6,12,12,0.8,2,"C00,W",0.0,0,0,3,0,3,True,3,ok,local_up_fast,mpdag_criterion,True,"Conjecture 2 (hence Anti-Exchange Case B, verified not proved)",C00->C07 C00->C10 C00->Y C01->C00 C01->C08 C02->C01 C03->C02 C04->C09 C07->C10 W->Y X->C11 X->Y C03-C04 C04-C05 C05-X,0.004767334000007395,0.0,0.004767334000007395,,8,85,17,0,0.9454545454545455,4.359307359307359,12,7
c12_s06_cov100_seed00000114_bw025,c12_s06_cov100_seed00000114,flip,fast_gate,12,6,measured,1.0,0.25,,114,X,Y,12,6,12,12,0.8,2,"C00,W",0.0,0,0,,1,3,True,4,ok,e1_ladder,mpdag_criterion,True,"Conjecture 2 (hence Anti-Exchange Case B, verified not proved)","(('C00', 'C08'), ('C00', 'Y'), ('C01', 'C00'), ('C02', 'C01'), ('C02', 'C07'), ('C03', 'C09'), ('C03', 'C10'), ('C07', 'C01'), ('C07', 'C11'), ('W', 'Y'), ('X', 'Y'))",0.009466500000144151,0.10273783299999195,0.1122043330001361,,31,135,31,0,0.2875,3.875,12,7
c12_s06_cov100_seed00000127_bw025,c12_s06_cov100_seed00000127,flip,fast_gate,12,6,measured,1.0,0.25,,127,X,Y,12,6,12,12,0.8,2,"C00,W",0.0,0,0,,1,3,True,5,ok,e1_ladder,mpdag_criterion,True,"Conjecture 2 (hence Anti-Exchange Case B, verified not proved)","(('C00', 'Y'), ('C01', 'C00'), ('C02', 'C01'), ('C02', 'C07'), ('C03', 'C07'), ('C03', 'C08'), ('C03', 'C10'), ('W', 'Y'), ('X', 'C11'), ('X', 'Y'))",0.006492917000059606,0.08145049999984622,0.08794341699990582,,15,64,15,0,0.4333333333333333,4.666666666666667,12,6
c12_s06_cov100_seed00000317_bw025,c12_s06_cov100_seed00000317,flip,fast_gate,12,6,measured,1.0,0.25,,317,X,Y,14,8,14,14,0.8235294117647058,2,"C00,W",0.0,0,0,,1,3,True,5,ok,e1_ladder,mpdag_criterion,True,"Conjecture 2 (hence Anti-Exchange Case B, verified not proved)","(('C00', 'C08'), ('C00', 'C09'), ('C00', 'Y'), ('C01', 'C00'), ('C01', 'C07'), ('C02', 'C01'), ('C02', 'C07'), ('C02', 'C11'), ('C03', 'C10'), ('C09', 'C08'), ('W', 'Y'), ('X', 'Y'))",0.026439333000098486,0.12169174999985444,0.14813108299995292,,69,320,69,0,1.0,6.0,14,8
c12_s06_cov100_seed00000355_bw025,c12_s06_cov100_seed00000355,flip,fast_gate,12,6,measured,1.0,0.25,,355,X,Y,13,6,13,13,0.8125,2,"C00,W",0.0,0,0,3,0,3,True,3,ok,local_up_fast,mpdag_criterion,True,"Conjecture 2 (hence Anti-Exchange Case B, verified not proved)",C00->Y C01->C00 C01->C08 C02->C01 C03->C02 C03->C07 C03->C09 C04->C09 C04->C10 C05->C10 C07->C11 W->Y X->Y C03-C04 C04-C05 C05-X,0.015098583000053623,0.0,0.015098583000053623,,18,205,49,0,0.7526315789473685,4.526315789473684,13,8
c12_s06_cov100_seed00000577_bw025,c12_s06_cov100_seed00000577,flip,fast_gate,12,6,measured,1.0,0.25,,577,X,Y,13,6,13,13,0.8125,2,"C00,W",0.0,0,0,3,0,3,True,3,ok,local_up_fast,mpdag_criterion,True,"Conjecture 2 (hence Anti-Exchange Case B, verified not proved)",C00->Y C01->C00 C02->C01 C02->C07 C03->C02 C03->C07 C05->C08 C05->C09 C05->C11 C07->C10 W->Y X->C08 X->Y C03-C04 C04-C05 C05-X,0.0063670830002138246,0.0,0.0063670830002138246,,9,105,23,0,0.9577639751552794,4.577639751552795,13,8
c12_s11_cov050_seed00000010_bw025,c12_s11_cov050_seed00000010,flip,fast_gate,12,11,measured,0.5,0.25,,10,X,Y,6,14,11,11,0.7857142857142857,2,"C00,W",0.0,0,0,,1,3,True,4,ok,e1_ladder,mpdag_criterion,True,"Conjecture 2 (hence Anti-Exchange Case B, verified not proved)","(('C00', 'Y'), ('C01', 'C00'), ('C02', 'C01'), ('C03', 'C02'), ('C04', 'C03'), ('C05', 'C04'), ('C06', 'C05'), ('C07', 'C06'), ('W', 'Y'), ('X', 'Y'))",0.0029987079999500565,0.04985820899992177,0.05285691699987183,,10,58,10,0,0.5,3.0,6,2
c12_s11_cov050_seed00000029_bw025,c12_s11_cov050_seed00000029,flip,fast_gate,12,11,measured,0.5,0.25,,29,X,Y,6,14,11,11,0.7857142857142857,2,"C00,W",0.0,0,0,,1,3,True,4,ok,e1_ladder,mpdag_criterion,True,"Conjecture 2 (hence Anti-Exchange Case B, verified not proved)","(('C00', 'Y'), ('C01', 'C00'), ('C02', 'C01'), ('C03', 'C02'), ('C04', 'C03'), ('C05', 'C04'), ('C06', 'C05'), ('C07', 'C06'), ('W', 'Y'), ('X', 'Y'))",0.002796583999952418,0.09510595799997645,0.09790254199992887,,10,58,10,0,0.5,3.0,6,2
c12_s11_cov050_seed00000031_bw025,c12_s11_cov050_seed00000031,flip,fast_gate,12,11,measured,0.5,0.25,,31,X,Y,6,14,11,11,0.7857142857142857,2,"C00,W",0.0,0,0,,1,3,True,4,ok,e1_ladder,mpdag_criterion,True,"Conjecture 2 (hence Anti-Exchange Case B, verified not proved)","(('C00', 'Y'), ('C01', 'C00'), ('C02', 'C01'), ('C03', 'C02'), ('C04', 'C03'), ('C05', 'C04'), ('C06', 'C05'), ('C07', 'C06'), ('W', 'Y'), ('X', 'Y'))",0.0027598330000273563,0.05380229200000031,0.05656212500002766,,10,58,10,0,0.5,3.0,6,2
c12_s11_cov050_seed00000041_bw025,c12_s11_cov050_seed00000041,flip,fast_gate,12,11,measured,0.5,0.25,,41,X,Y,6,14,11,11,0.7857142857142857,2,"C00,W",0.0,0,0,,1,3,True,4,ok,e1_ladder,mpdag_criterion,True,"Conjecture 2 (hence Anti-Exchange Case B, verified not proved)","(('C00', 'Y'), ('C01', 'C00'), ('C02', 'C01'), ('C03', 'C02'), ('C04', 'C03'), ('C05', 'C04'), ('C06', 'C05'), ('C07', 'C06'), ('W', 'Y'), ('X', 'Y'))",0.0028569579999384587,0.05207412499999009,0.05493108299992855,,10,58,10,0,0.5,3.0,6,2
c12_s11_cov050_seed00000052_bw025,c12_s11_cov050_seed00000052,flip,fast_gate,12,11,measured,0.5,0.25,,52,X,Y,6,14,11,11,0.7857142857142857,2,"C00,W",0.0,0,0,,1,3,True,4,ok,e1_ladder,mpdag_criterion,True,"Conjecture 2 (hence Anti-Exchange Case B, verified not proved)","(('C00', 'Y'), ('C01', 'C00'), ('C02', 'C01'), ('C03', 'C02'), ('C04', 'C03'), ('C05', 'C04'), ('C06', 'C05'), ('C07', 'C06'), ('W', 'Y'), ('X', 'Y'))",0.0047988339999847085,0.055729040999949575,0.060527874999934284,,10,58,10,0,0.5,3.0,6,2
c12_s11_cov050_seed00000081_bw025,c12_s11_cov050_seed00000081,flip,fast_gate,12,11,measured,0.5,0.25,,81,X,Y,6,14,11,11,0.7857142857142857,2,"C00,W",0.0,0,0,,1,3,True,4,ok,e1_ladder,mpdag_criterion,True,"Conjecture 2 (hence Anti-Exchange Case B, verified not proved)","(('C00', 'Y'), ('C01', 'C00'), ('C02', 'C01'), ('C03', 'C02'), ('C04', 'C03'), ('C05', 'C04'), ('C06', 'C05'), ('C07', 'C06'), ('W', 'Y'), ('X', 'Y'))",0.0034029999999347638,0.05314495800007535,0.05654795800001011,,10,58,10,0,0.5,3.0,6,2
c12_s11_cov050_seed00000084_bw025,c12_s11_cov050_seed00000084,flip,fast_gate,12,11,measured,0.5,0.25,,84,X,Y,6,14,11,11,0.7857142857142857,2,"C00,W",0.0,0,0,,1,3,True,4,ok,e1_ladder,mpdag_criterion,True,"Conjecture 2 (hence Anti-Exchange Case B, verified not proved)","(('C00', 'Y'), ('C01', 'C00'), ('C02', 'C01'), ('C03', 'C02'), ('C04', 'C03'), ('C05', 'C04'), ('C06', 'C05'), ('C07', 'C06'), ('W', 'Y'), ('X', 'Y'))",0.0030174159999205585,0.054732374999957756,0.057749790999878314,,10,58,10,0,0.5,3.0,6,2
c12_s11_cov050_seed00000107_bw025,c12_s11_cov050_seed00000107,flip,fast_gate,12,11,measured,0.5,0.25,,107,X,Y,6,14,11,11,0.7857142857142857,2,"C00,W",0.0,0,0,,1,3,True,4,ok,e1_ladder,mpdag_criterion,True,"Conjecture 2 (hence Anti-Exchange Case B, verified not proved)","(('C00', 'Y'), ('C01', 'C00'), ('C02', 'C01'), ('C03', 'C02'), ('C04', 'C03'), ('C05', 'C04'), ('C06', 'C05'), ('C07', 'C06'), ('W', 'Y'), ('X', 'Y'))",0.00293062499986263,0.054478333000133716,0.057408957999996346,,10,58,10,0,0.5,3.0,6,2
c12_s11_cov050_seed00000147_bw025,c12_s11_cov050_seed00000147,flip,fast_gate,12,11,measured,0.5,0.25,,147,X,Y,6,14,11,11,0.7857142857142857,2,"C00,W",0.0,0,0,,1,3,True,4,ok,e1_ladder,mpdag_criterion,True,"Conjecture 2 (hence Anti-Exchange Case B, verified not proved)","(('C00', 'Y'), ('C01', 'C00'), ('C02', 'C01'), ('C03', 'C02'), ('C04', 'C03'), ('C05', 'C04'), ('C06', 'C05'), ('C07', 'C06'), ('W', 'Y'), ('X', 'Y'))",0.0028102079998006957,0.05675058299993907,0.059560790999739766,,10,58,10,0,0.5,3.0,6,2
c12_s11_cov050_seed00000159_bw025,c12_s11_cov050_seed00000159,flip,fast_gate,12,11,measured,0.5,0.25,,159,X,Y,6,14,11,11,0.7857142857142857,2,"C00,W",0.0,0,0,,1,3,True,4,ok,e1_ladder,mpdag_criterion,True,"Conjecture 2 (hence Anti-Exchange Case B, verified not proved)","(('C00', 'Y'), ('C01', 'C00'), ('C02', 'C01'), ('C03', 'C02'), ('C04', 'C03'), ('C05', 'C04'), ('C06', 'C05'), ('C07', 'C06'), ('W', 'Y'), ('X', 'Y'))",0.0027942080000684655,0.05223737500000425,0.055031583000072715,,10,58,10,0,0.5,3.0,6,2
c12_s11_cov050_seed00000162_bw025,c12_s11_cov050_seed00000162,flip,fast_gate,12,11,measured,0.5,0.25,,162,X,Y,6,14,11,11,0.7857142857142857,2,"C00,W",0.0,0,0,,1,3,True,4,ok,e1_ladder,mpdag_criterion,True,"Conjecture 2 (hence Anti-Exchange Case B, verified not proved)","(('C00', 'Y'), ('C01', 'C00'), ('C02', 'C01'), ('C03', 'C02'), ('C04', 'C03'), ('C05', 'C04'), ('C06', 'C05'), ('C07', 'C06'), ('W', 'Y'), ('X', 'Y'))",0.0029802079998262343,0.06167349999986982,0.06465370799969605,,10,58,10,0,0.5,3.0,6,2
c12_s11_cov050_seed00000167_bw025,c12_s11_cov050_seed00000167,flip,fast_gate,12,11,measured,0.5,0.25,,167,X,Y,6,14,11,11,0.7857142857142857,2,"C00,W",0.0,0,0,,1,3,True,4,ok,e1_ladder,mpdag_criterion,True,"Conjecture 2 (hence Anti-Exchange Case B, verified not proved)","(('C00', 'Y'), ('C01', 'C00'), ('C02', 'C01'), ('C03', 'C02'), ('C04', 'C03'), ('C05', 'C04'), ('C06', 'C05'), ('C07', 'C06'), ('W', 'Y'), ('X', 'Y'))",0.0031719580001663417,0.05709945900002822,0.06027141700019456,,10,58,10,0,0.5,3.0,6,2
c12_s11_cov050_seed00000174_bw025,c12_s11_cov050_seed00000174,flip,fast_gate,12,11,measured,0.5,0.25,,174,X,Y,6,14,11,11,0.7857142857142857,2,"C00,W",0.0,0,0,,1,3,True,4,ok,e1_ladder,mpdag_criterion,True,"Conjecture 2 (hence Anti-Exchange Case B, verified not proved)","(('C00', 'Y'), ('C01', 'C00'), ('C02', 'C01'), ('C03', 'C02'), ('C04', 'C03'), ('C05', 'C04'), ('C06', 'C05'), ('C07', 'C06'), ('W', 'Y'), ('X', 'Y'))",0.0029013749999649008,0.051360250000016094,0.054261624999980995,,10,58,10,0,0.5,3.0,6,2
c12_s11_cov050_seed00000183_bw025,c12_s11_cov050_seed00000183,flip,fast_gate,12,11,measured,0.5,0.25,,183,X,Y,6,14,11,11,0.7857142857142857,2,"C00,W",0.0,0,0,,1,3,True,4,ok,e1_ladder,mpdag_criterion,True,"Conjecture 2 (hence Anti-Exchange Case B, verified not proved)","(('C00', 'Y'), ('C01', 'C00'), ('C02', 'C01'), ('C03', 'C02'), ('C04', 'C03'), ('C05', 'C04'), ('C06', 'C05'), ('C07', 'C06'), ('W', 'Y'), ('X', 'Y'))",0.0028860830000212445,0.05472087499992995,0.05760695799995119,,10,58,10,0,0.5,3.0,6,2
c12_s11_cov050_seed00000195_bw025,c12_s11_cov050_seed00000195,flip,fast_gate,12,11,measured,0.5,0.25,,195,X,Y,6,14,11,11,0.7857142857142857,2,"C00,W",0.0,0,0,,1,3,True,4,ok,e1_ladder,mpdag_criterion,True,"Conjecture 2 (hence Anti-Exchange Case B, verified not proved)","(('C00', 'Y'), ('C01', 'C00'), ('C02', 'C01'), ('C03', 'C02'), ('C04', 'C03'), ('C05', 'C04'), ('C06', 'C05'), ('C07', 'C06'), ('W', 'Y'), ('X', 'Y'))",0.0029434579998905974,0.05629891699982181,0.05924237499971241,,10,58,10,0,0.5,3.0,6,2
c12_s11_cov050_seed00000200_bw025,c12_s11_cov050_seed00000200,flip,fast_gate,12,11,measured,0.5,0.25,,200,X,Y,6,14,11,11,0.7857142857142857,2,"C00,W",0.0,0,0,,1,3,True,4,ok,e1_ladder,mpdag_criterion,True,"Conjecture 2 (hence Anti-Exchange Case B, verified not proved)","(('C00', 'Y'), ('C01', 'C00'), ('C02', 'C01'), ('C03', 'C02'), ('C04', 'C03'), ('C05', 'C04'), ('C06', 'C05'), ('C07', 'C06'), ('W', 'Y'), ('X', 'Y'))",0.002857917000028465,0.06935683300002893,0.07221475000005739,,10,58,10,0,0.5,3.0,6,2
c12_s11_cov050_seed00000214_bw025,c12_s11_cov050_seed00000214,flip,fast_gate,12,11,measured,0.5,0.25,,214,X,Y,6,14,11,11,0.7857142857142857,2,"C00,W",0.0,0,0,,1,3,True,4,ok,e1_ladder,mpdag_criterion,True,"Conjecture 2 (hence Anti-Exchange Case B, verified not proved)","(('C00', 'Y'), ('C01', 'C00'), ('C02', 'C01'), ('C03', 'C02'), ('C04', 'C03'), ('C05', 'C04'), ('C06', 'C05'), ('C07', 'C06'), ('W', 'Y'), ('X', 'Y'))",0.002904417000081594,0.05265462500005924,0.055559042000140835,,10,58,10,0,0.5,3.0,6,2
c12_s11_cov050_seed00000225_bw025,c12_s11_cov050_seed00000225,flip,fast_gate,12,11,measured,0.5,0.25,,225,X,Y,6,14,11,11,0.7857142857142857,2,"C00,W",0.0,0,0,,1,3,True,4,ok,e1_ladder,mpdag_criterion,True,"Conjecture 2 (hence Anti-Exchange Case B, verified not proved)","(('C00', 'Y'), ('C01', 'C00'), ('C02', 'C01'), ('C03', 'C02'), ('C04', 'C03'), ('C05', 'C04'), ('C06', 'C05'), ('C07', 'C06'), ('W', 'Y'), ('X', 'Y'))",0.0028932079999322013,0.05482833400014897,0.05772154200008117,,10,58,10,0,0.5,3.0,6,2
c12_s11_cov050_seed00000293_bw025,c12_s11_cov050_seed00000293,flip,fast_gate,12,11,measured,0.5,0.25,,293,X,Y,6,14,11,11,0.7857142857142857,2,"C00,W",0.0,0,0,,1,3,True,4,ok,e1_ladder,mpdag_criterion,True,"Conjecture 2 (hence Anti-Exchange Case B, verified not proved)","(('C00', 'Y'), ('C01', 'C00'), ('C02', 'C01'), ('C03', 'C02'), ('C04', 'C03'), ('C05', 'C04'), ('C06', 'C05'), ('C07', 'C06'), ('W', 'Y'), ('X', 'Y'))",0.0051756249999925785,0.05286320799996247,0.05803883299995505,,10,58,10,0,0.5,3.0,6,2
c12_s11_cov050_seed00000343_bw025,c12_s11_cov050_seed00000343,flip,fast_gate,12,11,measured,0.5,0.25,,343,X,Y,6,14,11,11,0.7857142857142857,2,"C00,W",0.0,0,0,,1,3,True,4,ok,e1_ladder,mpdag_criterion,True,"Conjecture 2 (hence Anti-Exchange Case B, verified not proved)","(('C00', 'Y'), ('C01', 'C00'), ('C02', 'C01'), ('C03', 'C02'), ('C04', 'C03'), ('C05', 'C04'), ('C06', 'C05'), ('C07', 'C06'), ('W', 'Y'), ('X', 'Y'))",0.00290787500011902,0.055800292000185436,0.058708167000304456,,10,58,10,0,0.5,3.0,6,2
c12_s11_cov050_seed00000347_bw025,c12_s11_cov050_seed00000347,flip,fast_gate,12,11,measured,0.5,0.25,,347,X,Y,6,14,11,11,0.7857142857142857,2,"C00,W",0.0,0,0,,1,3,True,4,ok,e1_ladder,mpdag_criterion,True,"Conjecture 2 (hence Anti-Exchange Case B, verified not proved)","(('C00', 'Y'), ('C01', 'C00'), ('C02', 'C01'), ('C03', 'C02'), ('C04', 'C03'), ('C05', 'C04'), ('C06', 'C05'), ('C07', 'C06'), ('W', 'Y'), ('X', 'Y'))",0.002836582999862003,0.0541571250000743,0.056993707999936305,,10,58,10,0,0.5,3.0,6,2
c12_s11_cov050_seed00000360_bw025,c12_s11_cov050_seed00000360,flip,fast_gate,12,11,measured,0.5,0.25,,360,X,Y,6,14,11,11,0.7857142857142857,2,"C00,W",0.0,0,0,,1,3,True,4,ok,e1_ladder,mpdag_criterion,True,"Conjecture 2 (hence Anti-Exchange Case B, verified not proved)","(('C00', 'Y'), ('C01', 'C00'), ('C02', 'C01'), ('C03', 'C02'), ('C04', 'C03'), ('C05', 'C04'), ('C06', 'C05'), ('C07', 'C06'), ('W', 'Y'), ('X', 'Y'))",0.0028214589999606687,0.05715120799982287,0.05997266699978354,,10,58,10,0,0.5,3.0,6,2
c12_s11_cov050_seed00000377_bw025,c12_s11_cov050_seed00000377,flip,fast_gate,12,11,measured,0.5,0.25,,377,X,Y,6,14,11,11,0.7857142857142857,2,"C00,W",0.0,0,0,,1,3,True,4,ok,e1_ladder,mpdag_criterion,True,"Conjecture 2 (hence Anti-Exchange Case B, verified not proved)","(('C00', 'Y'), ('C01', 'C00'), ('C02', 'C01'), ('C03', 'C02'), ('C04', 'C03'), ('C05', 'C04'), ('C06', 'C05'), ('C07', 'C06'), ('W', 'Y'), ('X', 'Y'))",0.0029442080001444992,0.05758129199989526,0.060525500000039756,,10,58,10,0,0.5,3.0,6,2
c12_s11_cov050_seed00000393_bw025,c12_s11_cov050_seed00000393,flip,fast_gate,12,11,measured,0.5,0.25,,393,X,Y,6,14,11,11,0.7857142857142857,2,"C00,W",0.0,0,0,,1,3,True,4,ok,e1_ladder,mpdag_criterion,True,"Conjecture 2 (hence Anti-Exchange Case B, verified not proved)","(('C00', 'Y'), ('C01', 'C00'), ('C02', 'C01'), ('C03', 'C02'), ('C04', 'C03'), ('C05', 'C04'), ('C06', 'C05'), ('C07', 'C06'), ('W', 'Y'), ('X', 'Y'))",0.0040758340001048055,0.05530883400001585,0.059384668000120655,,10,58,10,0,0.5,3.0,6,2
c12_s11_cov050_seed00000406_bw025,c12_s11_cov050_seed00000406,flip,fast_gate,12,11,measured,0.5,0.25,,406,X,Y,6,14,11,11,0.7857142857142857,2,"C00,W",0.0,0,0,,1,3,True,4,ok,e1_ladder,mpdag_criterion,True,"Conjecture 2 (hence Anti-Exchange Case B, verified not proved)","(('C00', 'Y'), ('C01', 'C00'), ('C02', 'C01'), ('C03', 'C02'), ('C04', 'C03'), ('C05', 'C04'), ('C06', 'C05'), ('C07', 'C06'), ('W', 'Y'), ('X', 'Y'))",0.0027557920000162994,0.05799750000005588,0.06075329200007218,,10,58,10,0,0.5,3.0,6,2
c12_s11_cov050_seed00000427_bw025,c12_s11_cov050_seed00000427,flip,fast_gate,12,11,measured,0.5,0.25,,427,X,Y,6,14,11,11,0.7857142857142857,2,"C00,W",0.0,0,0,,1,3,True,4,ok,e1_ladder,mpdag_criterion,True,"Conjecture 2 (hence Anti-Exchange Case B, verified not proved)","(('C00', 'Y'), ('C01', 'C00'), ('C02', 'C01'), ('C03', 'C02'), ('C04', 'C03'), ('C05', 'C04'), ('C06', 'C05'), ('C07', 'C06'), ('W', 'Y'), ('X', 'Y'))",0.0026592920000894082,0.05480358400018304,0.057462876000272445,,10,58,10,0,0.5,3.0,6,2
c12_s11_cov050_seed00000429_bw025,c12_s11_cov050_seed00000429,flip,fast_gate,12,11,measured,0.5,0.25,,429,X,Y,6,14,11,11,0.7857142857142857,2,"C00,W",0.0,0,0,,1,3,True,4,ok,e1_ladder,mpdag_criterion,True,"Conjecture 2 (hence Anti-Exchange Case B, verified not proved)","(('C00', 'Y'), ('C01', 'C00'), ('C02', 'C01'), ('C03', 'C02'), ('C04', 'C03'), ('C05', 'C04'), ('C06', 'C05'), ('C07', 'C06'), ('W', 'Y'), ('X', 'Y'))",0.0027730419999443257,0.052931209000007584,0.05570425099995191,,10,58,10,0,0.5,3.0,6,2
c12_s11_cov050_seed00000430_bw025,c12_s11_cov050_seed00000430,flip,fast_gate,12,11,measured,0.5,0.25,,430,X,Y,6,14,11,11,0.7857142857142857,2,"C00,W",0.0,0,0,,1,3,True,4,ok,e1_ladder,mpdag_criterion,True,"Conjecture 2 (hence Anti-Exchange Case B, verified not proved)","(('C00', 'Y'), ('C01', 'C00'), ('C02', 'C01'), ('C03', 'C02'), ('C04', 'C03'), ('C05', 'C04'), ('C06', 'C05'), ('C07', 'C06'), ('W', 'Y'), ('X', 'Y'))",0.0030130000000099244,0.05389645799982645,0.05690945799983638,,10,58,10,0,0.5,3.0,6,2
c12_s11_cov050_seed00000431_bw025,c12_s11_cov050_seed00000431,flip,fast_gate,12,11,measured,0.5,0.25,,431,X,Y,6,14,11,11,0.7857142857142857,2,"C00,W",0.0,0,0,,1,3,True,4,ok,e1_ladder,mpdag_criterion,True,"Conjecture 2 (hence Anti-Exchange Case B, verified not proved)","(('C00', 'Y'), ('C01', 'C00'), ('C02', 'C01'), ('C03', 'C02'), ('C04', 'C03'), ('C05', 'C04'), ('C06', 'C05'), ('C07', 'C06'), ('W', 'Y'), ('X', 'Y'))",0.0028684169999451115,0.04837191700016774,0.05124033400011285,,10,58,10,0,0.5,3.0,6,2
c12_s11_cov050_seed00000507_bw025,c12_s11_cov050_seed00000507,flip,fast_gate,12,11,measured,0.5,0.25,,507,X,Y,6,14,11,11,0.7857142857142857,2,"C00,W",0.0,0,0,,1,3,True,4,ok,e1_ladder,mpdag_criterion,True,"Conjecture 2 (hence Anti-Exchange Case B, verified not proved)","(('C00', 'Y'), ('C01', 'C00'), ('C02', 'C01'), ('C03', 'C02'), ('C04', 'C03'), ('C05', 'C04'), ('C06', 'C05'), ('C07', 'C06'), ('W', 'Y'), ('X', 'Y'))",0.0029174590001730394,0.05760162499996113,0.06051908400013417,,10,58,10,0,0.5,3.0,6,2
c12_s11_cov050_seed00000513_bw025,c12_s11_cov050_seed00000513,flip,fast_gate,12,11,measured,0.5,0.25,,513,X,Y,6,14,11,11,0.7857142857142857,2,"C00,W",0.0,0,0,,1,3,True,4,ok,e1_ladder,mpdag_criterion,True,"Conjecture 2 (hence Anti-Exchange Case B, verified not proved)","(('C00', 'Y'), ('C01', 'C00'), ('C02', 'C01'), ('C03', 'C02'), ('C04', 'C03'), ('C05', 'C04'), ('C06', 'C05'), ('C07', 'C06'), ('W', 'Y'), ('X', 'Y'))",0.005096375000221087,0.05354599999986931,0.058642375000090396,,10,58,10,0,0.5,3.0,6,2
c12_s11_cov050_seed00000533_bw025,c12_s11_cov050_seed00000533,flip,fast_gate,12,11,measured,0.5,0.25,,533,X,Y,6,14,11,11,0.7857142857142857,2,"C00,W",0.0,0,0,,1,3,True,4,ok,e1_ladder,mpdag_criterion,True,"Conjecture 2 (hence Anti-Exchange Case B, verified not proved)","(('C00', 'Y'), ('C01', 'C00'), ('C02', 'C01'), ('C03', 'C02'), ('C04', 'C03'), ('C05', 'C04'), ('C06', 'C05'), ('C07', 'C06'), ('W', 'Y'), ('X', 'Y'))",0.0028816669998832367,0.0527799590001905,0.05566162600007374,,10,58,10,0,0.5,3.0,6,2
c12_s11_cov050_seed00000535_bw025,c12_s11_cov050_seed00000535,flip,fast_gate,12,11,measured,0.5,0.25,,535,X,Y,6,14,11,11,0.7857142857142857,2,"C00,W",0.0,0,0,,1,3,True,4,ok,e1_ladder,mpdag_criterion,True,"Conjecture 2 (hence Anti-Exchange Case B, verified not proved)","(('C00', 'Y'), ('C01', 'C00'), ('C02', 'C01'), ('C03', 'C02'), ('C04', 'C03'), ('C05', 'C04'), ('C06', 'C05'), ('C07', 'C06'), ('W', 'Y'), ('X', 'Y'))",0.005140291000088837,0.05250066700000389,0.057640958000092724,,10,58,10,0,0.5,3.0,6,2
c12_s11_cov050_seed00000552_bw025,c12_s11_cov050_seed00000552,flip,fast_gate,12,11,measured,0.5,0.25,,552,X,Y,6,14,11,11,0.7857142857142857,2,"C00,W",0.0,0,0,,1,3,True,4,ok,e1_ladder,mpdag_criterion,True,"Conjecture 2 (hence Anti-Exchange Case B, verified not proved)","(('C00', 'Y'), ('C01', 'C00'), ('C02', 'C01'), ('C03', 'C02'), ('C04', 'C03'), ('C05', 'C04'), ('C06', 'C05'), ('C07', 'C06'), ('W', 'Y'), ('X', 'Y'))",0.0027054170000155864,0.0577277499999127,0.06043316699992829,,10,58,10,0,0.5,3.0,6,2
c12_s11_cov050_seed00000583_bw025,c12_s11_cov050_seed00000583,flip,fast_gate,12,11,measured,0.5,0.25,,583,X,Y,6,14,11,11,0.7857142857142857,2,"C00,W",0.0,0,0,,1,3,True,4,ok,e1_ladder,mpdag_criterion,True,"Conjecture 2 (hence Anti-Exchange Case B, verified not proved)","(('C00', 'Y'), ('C01', 'C00'), ('C02', 'C01'), ('C03', 'C02'), ('C04', 'C03'), ('C05', 'C04'), ('C06', 'C05'), ('C07', 'C06'), ('W', 'Y'), ('X', 'Y'))",0.002834665999898789,0.05307254199988165,0.05590720799978044,,10,58,10,0,0.5,3.0,6,2
c12_s11_cov050_seed00000591_bw025,c12_s11_cov050_seed00000591,flip,fast_gate,12,11,measured,0.5,0.25,,591,X,Y,6,14,11,11,0.7857142857142857,2,"C00,W",0.0,0,0,,1,3,True,4,ok,e1_ladder,mpdag_criterion,True,"Conjecture 2 (hence Anti-Exchange Case B, verified not proved)","(('C00', 'Y'), ('C01', 'C00'), ('C02', 'C01'), ('C03', 'C02'), ('C04', 'C03'), ('C05', 'C04'), ('C06', 'C05'), ('C07', 'C06'), ('W', 'Y'), ('X', 'Y'))",0.0030374170000868617,0.054197041999941575,0.05723445900002844,,10,58,10,0,0.5,3.0,6,2
c12_s11_cov100_seed00000134_bw025,c12_s11_cov100_seed00000134,flip,fast_gate,12,11,measured,1.0,0.25,,134,X,Y,11,6,11,11,0.7857142857142857,2,"C00,W",0.0,0,0,,1,3,True,8,ok,e1_ladder,mpdag_criterion,True,"Conjecture 2 (hence Anti-Exchange Case B, verified not proved)","(('C00', 'Y'), ('C01', 'C00'), ('C02', 'C01'), ('C03', 'C02'), ('W', 'Y'), ('X', 'Y'))",0.003661666000198238,0.0874804170000516,0.09114208300024984,,10,58,10,0,0.6,7.0,11,3
c12_s11_cov100_seed00000499_bw025,c12_s11_cov100_seed00000499,flip,fast_gate,12,11,measured,1.0,0.25,,499,X,Y,11,6,11,11,0.7857142857142857,2,"C00,W",0.0,0,0,,1,3,True,8,ok,e1_ladder,mpdag_criterion,True,"Conjecture 2 (hence Anti-Exchange Case B, verified not proved)","(('C00', 'Y'), ('C01', 'C00'), ('C02', 'C01'), ('C03', 'C02'), ('W', 'Y'), ('X', 'Y'))",0.004772042000240617,0.08823220800013587,0.09300425000037649,,10,58,10,0,0.6,7.0,11,3
c12_s11_cov100_seed00000543_bw025,c12_s11_cov100_seed00000543,flip,fast_gate,12,11,measured,1.0,0.25,,543,X,Y,11,6,11,11,0.7857142857142857,2,"C00,W",0.0,0,0,,1,3,True,8,ok,e1_ladder,mpdag_criterion,True,"Conjecture 2 (hence Anti-Exchange Case B, verified not proved)","(('C00', 'Y'), ('C01', 'C00'), ('C02', 'C01'), ('C03', 'C02'), ('W', 'Y'), ('X', 'Y'))",0.0056907919997684075,0.07644587499999034,0.08213666699975875,,10,58,10,0,0.6,7.0,11,3
