stratum,arm,predictor_a,predictor_b,endpoint,status,stratum_n,n,n_excluded,n_clusters,tau_a_point,tau_b_point,delta_point,ci_lo_2p5,ci_hi_97p5,frac_delta_gt_0,n_boot,seed,degeneracy_note
flip_cov0.5_bw0.0,flip,r_val,shd_truth,AUC_frac,ok,480,480,0,480,0.6135336154814215,0.2296133572215578,0.3839202582598637,0.30153596622313017,0.46579962499418565,1.0,10000,0,
flip_cov0.5_bw0.0,flip,r_val,n_k,AUC_frac,ok,480,480,0,480,0.6135336154814215,0.25826831138419415,0.35526530409722734,0.24532298424309443,0.4650673995972847,1.0,10000,0,
flip_cov0.5_bw0.0,flip,r_val,k_g0,AUC_frac,ok,480,480,0,480,0.6135336154814215,0.08876670994329884,0.5247669055381227,0.40876179285344755,0.6373922521271523,1.0,10000,0,"k_g0 is definitionally shd_cpdag, but differs from n_k here."
flip_cov0.5_bw0.0,flip,r_val,separation,AUC_frac,ok,480,480,0,480,0.6135336154814215,0.46057317146751914,0.15296044401390235,0.11782495752076366,0.1902626425535142,1.0,10000,0,
flip_cov0.5_bw0.0,flip,r_val,neg_phi_1,AUC_frac,ok,480,480,0,480,0.6135336154814215,0.37851176348088633,0.23502185200053516,0.19696523818520417,0.2751914042068661,1.0,10000,0,
flip_cov0.5_bw0.0,flip,r_val,r_claim,AUC_frac,ok,480,240,240,240,0.3694614500490676,0.3694614500490676,0.0,0.0,0.0,0.0,10000,0,"r_val == r_claim on every uncensored row; a zero delta is an identity. 240 of 480 rows right-censored and dropped, not imputed."
flip_cov0.5_bw0.1,flip,r_val,shd_truth,AUC_frac,ok,480,480,0,480,0.32837606536161185,-0.009287322407708338,0.3376633877693202,0.24384395540643927,0.4340424212425398,1.0,10000,0,
flip_cov0.5_bw0.1,flip,r_val,n_k,AUC_frac,ok,480,480,0,480,0.32837606536161185,-0.05630882701259604,0.3846848923742079,0.2776081604474902,0.48936606824579626,1.0,10000,0,
flip_cov0.5_bw0.1,flip,r_val,k_g0,AUC_frac,ok,480,480,0,480,0.32837606536161185,-0.11518054287369298,0.44355660823530485,0.332029109223286,0.552486245290377,1.0,10000,0,"k_g0 is definitionally shd_cpdag, but differs from n_k here."
flip_cov0.5_bw0.1,flip,r_val,separation,AUC_frac,ok,480,480,0,480,0.32837606536161185,0.245212360971122,0.08316370439048984,0.03972962639433682,0.12773332325729986,0.9999,10000,0,
flip_cov0.5_bw0.1,flip,r_val,neg_phi_1,AUC_frac,ok,480,480,0,480,0.32837606536161185,0.3457137957508384,-0.017337730389226536,-0.07739172222711327,0.03950402569184938,0.2793,10000,0,
flip_cov0.5_bw0.1,flip,r_val,r_claim,AUC_frac,ok,480,240,240,240,0.37023801329830675,0.37023801329830675,0.0,0.0,0.0,0.0,10000,0,"r_val == r_claim on every uncensored row; a zero delta is an identity. 240 of 480 rows right-censored and dropped, not imputed."
flip_cov0.5_bw0.25,flip,r_val,shd_truth,AUC_frac,ok,476,476,0,476,-0.0270338065199596,-0.1693379498755582,0.1423041433555986,0.05987766624093203,0.2245247704955442,0.9996,10000,0,
flip_cov0.5_bw0.25,flip,r_val,n_k,AUC_frac,ok,476,476,0,476,-0.0270338065199596,-0.26639781497718706,0.23936400845722747,0.14480060733498937,0.3355186863658295,1.0,10000,0,
flip_cov0.5_bw0.25,flip,r_val,k_g0,AUC_frac,ok,476,476,0,476,-0.0270338065199596,-0.21685863838782707,0.18982483186786747,0.0992460473576836,0.281301361493311,1.0,10000,0,"k_g0 is definitionally shd_cpdag, but differs from n_k here."
flip_cov0.5_bw0.25,flip,r_val,separation,AUC_frac,ok,476,476,0,476,-0.0270338065199596,0.0045748344846777474,-0.031608641004637346,-0.09705123530863294,0.032435062213986766,0.1689,10000,0,
flip_cov0.5_bw0.25,flip,r_val,neg_phi_1,AUC_frac,ok,476,476,0,476,-0.0270338065199596,0.3417026754552311,-0.3687364819751907,-0.4442375310016994,-0.2956380188380705,0.0,10000,0,
flip_cov0.5_bw0.25,flip,r_val,r_claim,AUC_frac,ok,476,379,97,379,0.102092629615022,0.13252952570344273,-0.030436896088420734,-0.07221440110987573,0.011380498564276609,0.0814,10000,0,"97 of 476 rows right-censored and dropped, not imputed."
flip_cov1.0_bw0.0,flip,r_val,shd_truth,AUC_frac,undefined (predictor or endpoint constant on matched sample),480,480,0,480,0.4693567707761453,,,,,,10000,0,
flip_cov1.0_bw0.0,flip,r_val,n_k,AUC_frac,ok,480,480,0,480,0.4693567707761453,-0.0947107327302256,0.5640675035063709,0.4605698385165613,0.6675562754367631,1.0,10000,0,
flip_cov1.0_bw0.0,flip,r_val,k_g0,AUC_frac,ok,480,480,0,480,0.4693567707761453,-0.0947107327302256,0.5640675035063709,0.4605698385165613,0.6675562754367631,1.0,10000,0,"k_g0 == n_k on every row of this stratum; a relabelling, not an independent baseline."
flip_cov1.0_bw0.0,flip,r_val,separation,AUC_frac,ok,480,480,0,480,0.4693567707761453,0.4693567707761453,0.0,0.0,0.0,0.0,10000,0,"r_val == separation exactly on every row: the generator draws instances at target separations, so a zero delta is an identity, not a null result."
flip_cov1.0_bw0.0,flip,r_val,neg_phi_1,AUC_frac,ok,480,480,0,480,0.4693567707761453,0.3619879282018309,0.1073688425743144,0.07760301808477696,0.13696412146620768,1.0,10000,0,
flip_cov1.0_bw0.0,flip,r_val,r_claim,AUC_frac,ok,480,200,280,200,0.25662188601241404,0.25662188601241404,0.0,0.0,0.0,0.0,10000,0,"r_val == r_claim on every uncensored row; a zero delta is an identity. 280 of 480 rows right-censored and dropped, not imputed."
flip_cov1.0_bw0.1,flip,r_val,shd_truth,AUC_frac,ok,480,480,0,480,0.4181611899400737,-0.17554061002257842,0.5937017999626522,0.49632439971625286,0.6899746424268659,1.0,10000,0,
flip_cov1.0_bw0.1,flip,r_val,n_k,AUC_frac,ok,480,480,0,480,0.4181611899400737,-0.10913963960611275,0.5273008295461864,0.4297423269901745,0.6221307701408371,1.0,10000,0,
flip_cov1.0_bw0.1,flip,r_val,k_g0,AUC_frac,ok,480,480,0,480,0.4181611899400737,-0.10913963960611275,0.5273008295461864,0.4297423269901745,0.6221307701408371,1.0,10000,0,"k_g0 == n_k on every row of this stratum; a relabelling, not an independent baseline."
flip_cov1.0_bw0.1,flip,r_val,separation,AUC_frac,ok,480,480,0,480,0.4181611899400737,0.4185249857281884,-0.0003637957881147402,-0.018711372563587802,0.0178124415070919,0.4907,10000,0,
flip_cov1.0_bw0.1,flip,r_val,neg_phi_1,AUC_frac,ok,480,480,0,480,0.4181611899400737,0.3042702663321648,0.11389092360790887,0.05505570192780152,0.1742370710980632,1.0,10000,0,
flip_cov1.0_bw0.1,flip,r_val,r_claim,AUC_frac,ok,480,212,268,212,0.32588768864906664,0.32588768864906664,0.0,0.0,0.0,0.0,10000,0,"r_val == r_claim on every uncensored row; a zero delta is an identity. 268 of 480 rows right-censored and dropped, not imputed."
flip_cov1.0_bw0.25,flip,r_val,shd_truth,AUC_frac,ok,334,334,0,334,0.27955168033772343,-0.10160716422851537,0.38115884456623883,0.2553282882297207,0.5076728081375004,1.0,10000,0,
flip_cov1.0_bw0.25,flip,r_val,n_k,AUC_frac,ok,334,334,0,334,0.27955168033772343,-0.11228217784009271,0.39183385817781613,0.2688424445762952,0.5123492989879206,1.0,10000,0,
flip_cov1.0_bw0.25,flip,r_val,k_g0,AUC_frac,ok,334,334,0,334,0.27955168033772343,-0.11228217784009271,0.39183385817781613,0.2688424445762952,0.5123492989879206,1.0,10000,0,"k_g0 == n_k on every row of this stratum; a relabelling, not an independent baseline."
flip_cov1.0_bw0.25,flip,r_val,separation,AUC_frac,ok,334,334,0,334,0.27955168033772343,0.3123484532966669,-0.032796772958943454,-0.08505124760399636,0.018099986015898545,0.1039,10000,0,
flip_cov1.0_bw0.25,flip,r_val,neg_phi_1,AUC_frac,ok,334,334,0,334,0.27955168033772343,0.2997962982487468,-0.020244617911023388,-0.09615283022679243,0.06034971835843348,0.3062,10000,0,
flip_cov1.0_bw0.25,flip,r_val,r_claim,AUC_frac,ok,334,196,138,196,0.2930756036344179,0.2930756036344179,0.0,0.0,0.0,0.0,10000,0,"r_val == r_claim on every uncensored row; a zero delta is an identity. 138 of 334 rows right-censored and dropped, not imputed."
tiered_nt2,tiered,r_val,shd_truth,AUC_frac,ok,414,414,0,414,0.8190088730682316,0.27613022938554505,0.5428786436826865,0.4828345559556764,0.6036301405230025,1.0,10000,0,
tiered_nt2,tiered,r_val,n_k,AUC_frac,ok,414,414,0,414,0.8190088730682316,-0.5682237999111347,1.3872326729793663,1.3395167878421064,1.430927899802688,1.0,10000,0,
tiered_nt2,tiered,r_val,k_g0,AUC_frac,ok,414,414,0,414,0.8190088730682316,0.24870975846694046,0.5702991146012911,0.5059128545904819,0.6359954425843554,1.0,10000,0,"k_g0 is definitionally shd_cpdag, but differs from n_k here."
tiered_nt2,tiered,r_val,separation,AUC_frac,ok,414,414,0,414,0.8190088730682316,0.7342737907844451,0.08473508228378646,0.05589974806965365,0.1154130246288705,1.0,10000,0,
tiered_nt2,tiered,r_val,neg_phi_1,AUC_frac,ok,414,414,0,414,0.8190088730682316,-0.5682237999111347,1.3872326729793663,1.3395167878421064,1.430927899802688,1.0,10000,0,
tiered_nt2,tiered,r_val,r_claim,AUC_frac,undefined (predictor or endpoint constant on matched sample),414,414,0,414,0.8190088730682316,,,,,,10000,0,"0 of 414 rows right-censored and dropped, not imputed."
tiered_nt3,tiered,r_val,shd_truth,AUC_frac,ok,480,480,0,480,0.8071605524071076,0.08039680748238814,0.7267637449247195,0.6641174430989671,0.7897941046052807,1.0,10000,0,
tiered_nt3,tiered,r_val,n_k,AUC_frac,ok,480,480,0,480,0.8071605524071076,-0.45560842440341587,1.2627689768105235,1.1961860168574696,1.3267207315438991,1.0,10000,0,
tiered_nt3,tiered,r_val,k_g0,AUC_frac,ok,480,480,0,480,0.8071605524071076,0.07381621972752202,0.7333443326795855,0.6701576850600569,0.7966166093500767,1.0,10000,0,"k_g0 is definitionally shd_cpdag, but differs from n_k here."
tiered_nt3,tiered,r_val,separation,AUC_frac,ok,480,480,0,480,0.8071605524071076,0.8203946510803914,-0.013234098673283845,-0.02507832133422797,-0.002158187382646338,0.0088,10000,0,
tiered_nt3,tiered,r_val,neg_phi_1,AUC_frac,ok,480,480,0,480,0.8071605524071076,0.5335676590408972,0.2735928933662104,0.23902717525404515,0.3091471984485132,1.0,10000,0,
tiered_nt3,tiered,r_val,r_claim,AUC_frac,ok,480,480,0,480,0.8071605524071076,0.6591644782638194,0.1479960741432882,0.12413803588054205,0.1734509242805334,1.0,10000,0,"0 of 480 rows right-censored and dropped, not imputed."
tiered_nt4,tiered,r_val,shd_truth,AUC_frac,ok,480,480,0,480,0.7479410041713067,0.13509700423511264,0.6128439999361941,0.5417745617484014,0.6843834293503237,1.0,10000,0,
tiered_nt4,tiered,r_val,n_k,AUC_frac,ok,480,480,0,480,0.7479410041713067,-0.42967505888143465,1.1776160630527412,1.1089766793660885,1.2447332623567908,1.0,10000,0,
tiered_nt4,tiered,r_val,k_g0,AUC_frac,ok,480,480,0,480,0.7479410041713067,0.05259328935063996,0.6953477148206667,0.6273450129577836,0.7633250012253885,1.0,10000,0,"k_g0 is definitionally shd_cpdag, but differs from n_k here."
tiered_nt4,tiered,r_val,separation,AUC_frac,ok,480,480,0,480,0.7479410041713067,0.7784736023707896,-0.03053259819948284,-0.04365957831410394,-0.01878458499039149,0.0,10000,0,
tiered_nt4,tiered,r_val,neg_phi_1,AUC_frac,ok,480,480,0,480,0.7479410041713067,0.6158804431086091,0.1320605610626976,0.10365470423237522,0.16133519839035923,1.0,10000,0,
tiered_nt4,tiered,r_val,r_claim,AUC_frac,ok,480,480,0,480,0.7479410041713067,0.7137820443686678,0.034158959802638944,0.0115485840460367,0.05811863732568921,0.9987,10000,0,"0 of 480 rows right-censored and dropped, not imputed."
