stratum,arm,predictor_a,predictor_b,endpoint,status,stratum_n,n,n_excluded,n_clusters,tau_a_point,tau_b_point,delta_point,ci_lo_2p5,ci_hi_97p5,frac_delta_gt_0,n_boot,n_boot_valid,n_boot_nan,seed,loo_delta_min,loo_delta_max,loo_cluster_at_min,loo_cluster_at_max,loo_n_clusters_with_delta,loo_verdict_flips,scope_note
flip_cov025_bw000,flip,radius,shd_truth,AUC_frac_usable,ok,106,106,0,8,-0.5267509728699254,-0.32228931435067226,-0.2044616585192532,-1.282281408011423,0.23112966245672367,0.19365492393915132,10000,9992,8,0,-0.6207292656013965,-0.002608041637915337,insurance,Kampen_2014,8,False,
flip_cov025_bw000,flip,radius,n_k,AUC_frac_usable,ok,106,106,0,8,-0.5267509728699254,0.8244001199323044,-1.35115109280223,-1.902504061608846,-0.5565433498133823,0.0,10000,9772,228,0,-1.707644361686761,-0.9469445194741017,barley,insurance,8,False,
flip_cov025_bw000,flip,radius,k_g0,AUC_frac_usable,ok,106,106,0,8,-0.5267509728699254,-0.6180666906681382,0.09131571779821279,-0.49784425324579795,0.38931139208410037,0.5959555511062168,10000,9989,11,0,-0.0727820616791578,0.28391142059105356,barley,Polzer_2012,8,True,
flip_cov025_bw000,flip,radius,separation,AUC_frac_usable,ok,106,58,48,5,-0.7176305227933403,-0.49369746129704073,-0.22393306149629955,-0.9041661602159093,0.06475405224692377,0.2183895419092607,10000,9103,897,0,-0.47799227803444183,0.034771336940982556,insurance,Polzer_2012,5,True,
flip_cov025_bw000,flip,radius,phi_1,AUC_frac_usable,ok,106,106,0,8,-0.5267509728699254,-0.8244001199323044,0.297649147062379,0.03485569590469198,0.3645490994858019,0.9767703643061809,10000,9772,228,0,0.17645734159144033,0.32172725352649834,barley,munin1,8,False,
flip_cov025_bw000,flip,radius,r_claim,AUC_frac_usable,undefined (predictor or endpoint constant on matched sample),106,106,0,8,-0.5267509728699254,,,,,,10000,0,0,0,,,,,0,,
flip_cov025_bw010,flip,radius,shd_truth,AUC_frac_usable,ok,318,318,0,8,-0.513414151685496,-0.33695805307406584,-0.17645609861143013,-1.2344343271441431,0.21358160857816863,0.21297037630104082,10000,9992,8,0,-0.5334729983040319,0.02100920605693507,insurance,Kampen_2014,8,True,
flip_cov025_bw010,flip,radius,n_k,AUC_frac_usable,ok,318,318,0,8,-0.513414151685496,0.7925961738316143,-1.3060103255171103,-1.895426146118135,-0.5066615054817251,0.0,10000,9772,228,0,-1.6772154959710481,-0.8936477678696797,barley,insurance,8,False,
flip_cov025_bw010,flip,radius,k_g0,AUC_frac_usable,ok,318,318,0,8,-0.513414151685496,-0.5650941697847244,0.0516800180992284,-0.49181172108620796,0.28660128445075583,0.548503353689058,10000,9989,11,0,-0.0897511648803403,0.23081443875995278,insurance,Polzer_2012,8,True,
flip_cov025_bw010,flip,radius,separation,AUC_frac_usable,ok,318,174,144,5,-0.7023505298689791,-0.48274625516431485,-0.2196042747046642,-0.8317255370998902,0.06056776235328876,0.2183895419092607,10000,9103,897,0,-0.4432932396416789,0.03200610273267401,insurance,Polzer_2012,5,True,
flip_cov025_bw010,flip,radius,phi_1,AUC_frac_usable,insufficient_n,318,0,318,0,,,,,,,10000,0,0,0,,,,,0,,"phi_1 is only defined where the unit's operative K is the frame's own K (flip arm, base_wrongness=0.0); this stratum's units carry phi_1=None throughout, so this row is expected to read insufficient_n / n=0, not a genuine null finding."
flip_cov025_bw010,flip,radius,r_claim,AUC_frac_usable,insufficient_n,318,0,318,0,,,,,,,10000,0,0,0,,,,,0,,"r_claim is only defined where the unit's operative K is the frame's own K (flip arm, base_wrongness=0.0); this stratum's units carry r_claim=None throughout, so this row is expected to read insufficient_n / n=0, not a genuine null finding."
flip_cov025_bw025,flip,radius,shd_truth,AUC_frac_usable,ok,318,318,0,8,-0.520992930173906,-0.38636818549927426,-0.13462474467463176,-1.28730765898908,0.23762992324329235,0.25200160128102483,10000,9992,8,0,-0.4959909369581237,0.07219348983325824,barley,Kampen_2014,8,True,
flip_cov025_bw025,flip,radius,n_k,AUC_frac_usable,ok,318,318,0,8,-0.520992930173906,0.8019290158944388,-1.3229219460683448,-1.895049649390773,-0.5249503906737324,0.0,10000,9772,228,0,-1.6978196856529444,-0.9153998696109233,barley,insurance,8,False,
flip_cov025_bw025,flip,radius,k_g0,AUC_frac_usable,ok,318,318,0,8,-0.520992930173906,-0.5244321932304932,0.0034392630565871496,-0.5175600510309915,0.2943420563168357,0.48793673040344376,10000,9989,11,0,-0.19463252236109363,0.17809538454873047,insurance,Polzer_2012,8,True,
flip_cov025_bw025,flip,radius,separation,AUC_frac_usable,ok,318,174,144,5,-0.7157759521045614,-0.49088278273442937,-0.22489316937013198,-0.8317255370998902,0.05625764512624609,0.20619575963967923,10000,9103,897,0,-0.4525369168779668,0.027995836981465683,insurance,Polzer_2012,5,True,
flip_cov025_bw025,flip,radius,phi_1,AUC_frac_usable,insufficient_n,318,0,318,0,,,,,,,10000,0,0,0,,,,,0,,"phi_1 is only defined where the unit's operative K is the frame's own K (flip arm, base_wrongness=0.0); this stratum's units carry phi_1=None throughout, so this row is expected to read insufficient_n / n=0, not a genuine null finding."
flip_cov025_bw025,flip,radius,r_claim,AUC_frac_usable,insufficient_n,318,0,318,0,,,,,,,10000,0,0,0,,,,,0,,"r_claim is only defined where the unit's operative K is the frame's own K (flip arm, base_wrongness=0.0); this stratum's units carry r_claim=None throughout, so this row is expected to read insufficient_n / n=0, not a genuine null finding."
flip_cov025_bwa1,flip,radius,shd_truth,AUC_frac_usable,ok,318,112,206,5,0.0785662691340324,-0.2643648649393593,0.3429311340733917,-0.2418797404110291,0.638316560393716,0.7816965643052599,10000,9867,133,0,0.03486698803958588,0.39526657133383275,barley,Sebastiani_2005,5,False,
flip_cov025_bwa1,flip,radius,n_k,AUC_frac_usable,undefined (predictor or endpoint constant on matched sample),318,112,206,5,0.0785662691340324,,,,,,10000,0,0,0,,,,,0,,
flip_cov025_bwa1,flip,radius,k_g0,AUC_frac_usable,ok,318,112,206,5,0.0785662691340324,0.005482311759109498,0.0730839573749229,-0.1710879826853811,0.7353887103776604,0.7217706502636204,10000,9104,896,0,-0.019189231185373558,0.1716794397437666,munin1,magic-niab,5,True,
flip_cov025_bwa1,flip,radius,separation,AUC_frac_usable,ok,318,35,283,2,-0.12348642553125098,-0.10058358144442507,-0.022902844086825913,-0.022902844086825913,-0.016896758727984698,0.0,10000,7551,2449,0,-0.016896758727984698,-0.016896758727984698,win95pts,win95pts,1,False,
flip_cov025_bwa1,flip,radius,phi_1,AUC_frac_usable,insufficient_n,318,0,318,0,,,,,,,10000,0,0,0,,,,,0,,"phi_1 is only defined where the unit's operative K is the frame's own K (flip arm, base_wrongness=0.0); this stratum's units carry phi_1=None throughout, so this row is expected to read insufficient_n / n=0, not a genuine null finding."
flip_cov025_bwa1,flip,radius,r_claim,AUC_frac_usable,insufficient_n,318,0,318,0,,,,,,,10000,0,0,0,,,,,0,,"r_claim is only defined where the unit's operative K is the frame's own K (flip arm, base_wrongness=0.0); this stratum's units carry r_claim=None throughout, so this row is expected to read insufficient_n / n=0, not a genuine null finding."
flip_cov050_bw000,flip,radius,shd_truth,AUC_frac_usable,ok,182,182,0,17,0.19074657597977682,0.4255242108263896,-0.23477763484661276,-0.9959863493239289,0.332258986500421,0.244,10000,10000,0,0,-0.3556371174863764,0.08244288677283673,insurance,child,17,True,
flip_cov050_bw000,flip,radius,n_k,AUC_frac_usable,ok,182,182,0,17,0.19074657597977682,0.17908665224018422,0.011659923739592598,-1.1668104668989692,0.9961557183806089,0.4482,10000,10000,0,0,-0.6701856995021547,0.40975236617247907,insurance,child,17,True,
flip_cov050_bw000,flip,radius,k_g0,AUC_frac_usable,ok,182,182,0,17,0.19074657597977682,0.2691653334394261,-0.0784187574596493,-0.5287749563361847,0.3216072995108344,0.3237,10000,10000,0,0,-0.15303052844273218,0.037367757769133786,barley,Polzer_2012,17,True,
flip_cov050_bw000,flip,radius,separation,AUC_frac_usable,ok,182,97,85,11,0.13962758606776207,0.19899868412027627,-0.0593710980525142,-0.5391603821080642,0.19447017813700365,0.3939697485725734,10000,9983,17,0,-0.14619900299923516,0.06547793906912117,child,Polzer_2012,11,True,
flip_cov050_bw000,flip,radius,phi_1,AUC_frac_usable,ok,182,182,0,17,0.19074657597977682,-0.2015724224722997,0.3923189984520765,0.11972206724284154,0.9040323642228905,0.9969,10000,10000,0,0,0.2840854412659083,0.5728271599499817,water,barley,17,False,
flip_cov050_bw000,flip,radius,r_claim,AUC_frac_usable,undefined (predictor or endpoint constant on matched sample),182,182,0,17,0.19074657597977682,,,,,,10000,0,0,0,,,,,0,,
flip_cov050_bw010,flip,radius,shd_truth,AUC_frac_usable,ok,546,546,0,17,0.13973192068019674,0.4317048874550582,-0.29197296677486145,-1.0034099425952345,0.24566103864909833,0.1586,10000,10000,0,0,-0.4331153267518979,0.0019114067100377552,insurance,child,17,True,
flip_cov050_bw010,flip,radius,n_k,AUC_frac_usable,ok,546,546,0,17,0.13973192068019674,0.1538256124873136,-0.014093691807116865,-1.1484140418003619,0.8901772653002749,0.4302,10000,10000,0,0,-0.6854625649994263,0.3660806799381583,insurance,child,17,True,
flip_cov050_bw010,flip,radius,k_g0,AUC_frac_usable,ok,546,546,0,17,0.13973192068019674,0.24149494143758563,-0.10176302075738888,-0.503904489998714,0.27110340492153895,0.2586,10000,10000,0,0,-0.1862877686808586,0.004783936126007582,ecoli70,Polzer_2012,17,True,
flip_cov050_bw010,flip,radius,separation,AUC_frac_usable,ok,546,291,255,11,0.10190977508770312,0.1978464197706752,-0.0959366446829721,-0.512583894136167,0.13942696126593698,0.2568366222578383,10000,9983,17,0,-0.19051136008337743,0.0005583401352053652,child,Polzer_2012,11,True,
flip_cov050_bw010,flip,radius,phi_1,AUC_frac_usable,insufficient_n,546,0,546,0,,,,,,,10000,0,0,0,,,,,0,,"phi_1 is only defined where the unit's operative K is the frame's own K (flip arm, base_wrongness=0.0); this stratum's units carry phi_1=None throughout, so this row is expected to read insufficient_n / n=0, not a genuine null finding."
flip_cov050_bw010,flip,radius,r_claim,AUC_frac_usable,insufficient_n,546,0,546,0,,,,,,,10000,0,0,0,,,,,0,,"r_claim is only defined where the unit's operative K is the frame's own K (flip arm, base_wrongness=0.0); this stratum's units carry r_claim=None throughout, so this row is expected to read insufficient_n / n=0, not a genuine null finding."
flip_cov050_bw025,flip,radius,shd_truth,AUC_frac_usable,ok,546,515,31,17,0.11169010319610785,0.539591281918056,-0.4279011787219482,-1.1786416138051843,0.23388182966921744,0.0809,10000,10000,0,0,-0.7249901453555019,-0.1596833422123149,insurance,child,17,False,
flip_cov050_bw025,flip,radius,n_k,AUC_frac_usable,ok,546,515,31,17,0.11169010319610785,0.27725964358203203,-0.1655695403859242,-1.269170484725371,0.7675222316461416,0.3467,10000,10000,0,0,-0.9521029026942263,0.19282928556434265,insurance,child,17,True,
flip_cov050_bw025,flip,radius,k_g0,AUC_frac_usable,ok,546,515,31,17,0.11169010319610785,0.30857273382081857,-0.19688263062471073,-0.6034107138877794,0.11624457287656392,0.0987,10000,10000,0,0,-0.2812800357945965,-0.10539813061893274,insurance,Polzer_2012,17,False,
flip_cov050_bw025,flip,radius,separation,AUC_frac_usable,ok,546,264,282,11,0.12464462644910053,0.17415672996037201,-0.049512103511271485,-0.4787520336514816,0.19088037533123942,0.4261244114995492,10000,9983,17,0,-0.13476401146854372,0.05576585699872408,child,Polzer_2012,11,True,
flip_cov050_bw025,flip,radius,phi_1,AUC_frac_usable,insufficient_n,546,0,546,0,,,,,,,10000,0,0,0,,,,,0,,"phi_1 is only defined where the unit's operative K is the frame's own K (flip arm, base_wrongness=0.0); this stratum's units carry phi_1=None throughout, so this row is expected to read insufficient_n / n=0, not a genuine null finding."
flip_cov050_bw025,flip,radius,r_claim,AUC_frac_usable,insufficient_n,546,0,546,0,,,,,,,10000,0,0,0,,,,,0,,"r_claim is only defined where the unit's operative K is the frame's own K (flip arm, base_wrongness=0.0); this stratum's units carry r_claim=None throughout, so this row is expected to read insufficient_n / n=0, not a genuine null finding."
flip_cov050_bwa1,flip,radius,shd_truth,AUC_frac_usable,ok,546,310,236,15,0.4444277481883542,-0.3019274689603861,0.7463552171487402,-0.024983908385796137,1.370045111371727,0.9703317630550266,10000,9977,23,0,0.3634498444230121,0.887280064772626,insurance,barley,15,False,
flip_cov050_bwa1,flip,radius,n_k,AUC_frac_usable,ok,546,310,236,15,0.4444277481883542,-0.041684836942965126,0.4861125851313193,-0.3670304299908234,1.1461629184438014,0.8087601483411847,10000,9977,23,0,0.025510329822749506,0.6343382783051834,insurance,water,15,False,
flip_cov050_bwa1,flip,radius,k_g0,AUC_frac_usable,ok,546,310,236,15,0.4444277481883542,0.31091573651644755,0.13351201167190663,-0.23324889830173956,0.40270240853618633,0.733386789616117,10000,9977,23,0,0.02649254137307655,0.20433711941525867,ecoli70,water,15,False,
flip_cov050_bwa1,flip,radius,separation,AUC_frac_usable,ok,546,112,434,9,0.5914043058891227,0.49824672200476083,0.0931575838843619,-0.16603511766589663,0.25985559480047027,0.8729759629890376,10000,9943,57,0,0.027712890018295827,0.13396189082963939,insurance,ecoli70,9,False,
flip_cov050_bwa1,flip,radius,phi_1,AUC_frac_usable,insufficient_n,546,0,546,0,,,,,,,10000,0,0,0,,,,,0,,"phi_1 is only defined where the unit's operative K is the frame's own K (flip arm, base_wrongness=0.0); this stratum's units carry phi_1=None throughout, so this row is expected to read insufficient_n / n=0, not a genuine null finding."
flip_cov050_bwa1,flip,radius,r_claim,AUC_frac_usable,insufficient_n,546,0,546,0,,,,,,,10000,0,0,0,,,,,0,,"r_claim is only defined where the unit's operative K is the frame's own K (flip arm, base_wrongness=0.0); this stratum's units carry r_claim=None throughout, so this row is expected to read insufficient_n / n=0, not a genuine null finding."
flip_cov100_bw000,flip,radius,shd_truth,AUC_frac_usable,undefined (predictor or endpoint constant on matched sample),543,540,3,24,0.06377025915559671,,,,,,10000,0,0,0,,,,,0,,
flip_cov100_bw000,flip,radius,n_k,AUC_frac_usable,ok,543,540,3,24,0.06377025915559671,0.30320729637188243,-0.23943703721628573,-0.8905121046062083,0.22455795849831417,0.1763,10000,10000,0,0,-0.5499381217012653,-0.07464188698759902,insurance,paths,24,False,
flip_cov100_bw000,flip,radius,k_g0,AUC_frac_usable,ok,543,540,3,24,0.06377025915559671,0.1504437625916282,-0.08667350343603149,-0.614889478485662,0.2478496620108856,0.3472,10000,10000,0,0,-0.28643827417069223,0.037800360423798945,insurance,diabetes,24,True,
flip_cov100_bw000,flip,radius,separation,AUC_frac_usable,ok,543,306,237,20,0.11105829075392806,0.06359824030861916,0.047460050445308904,-0.2560315121985134,0.1898960961484472,0.6293,10000,10000,0,0,-0.08405427252372491,0.09973560752435215,insurance,barley,20,True,
flip_cov100_bw000,flip,radius,phi_1,AUC_frac_usable,ok,543,540,3,24,0.06377025915559671,-0.4274233184528219,0.4911935776084186,0.16776375547187686,0.8579958567648063,0.9996,10000,10000,0,0,0.3317032807057381,0.5826794513390872,insurance,barley,24,False,
flip_cov100_bw000,flip,radius,r_claim,AUC_frac_usable,undefined (predictor or endpoint constant on matched sample),543,540,3,24,0.06377025915559671,,,,,,10000,0,0,0,,,,,0,,
flip_cov100_bw010,flip,radius,shd_truth,AUC_frac_usable,ok,1629,1579,50,24,0.12632490904524413,0.25982410200025896,-0.13349919295501483,-0.7904765285253216,0.34245220015810385,0.3202,10000,10000,0,0,-0.47636406220956085,0.012507419549735138,insurance,paths,24,True,
flip_cov100_bw010,flip,radius,n_k,AUC_frac_usable,ok,1629,1579,50,24,0.12632490904524413,0.32056784756107964,-0.19424293851583552,-0.8631493913840932,0.2752986449944842,0.2339,10000,10000,0,0,-0.5110857864691587,-0.024380892345716526,insurance,paths,24,False,
flip_cov100_bw010,flip,radius,k_g0,AUC_frac_usable,ok,1629,1579,50,24,0.12632490904524413,0.16274831579279087,-0.03642340674754674,-0.5483168512721084,0.2719502267051765,0.4556,10000,10000,0,0,-0.21301678420666836,0.059898846483271914,insurance,diabetes,24,True,
flip_cov100_bw010,flip,radius,separation,AUC_frac_usable,ok,1629,879,750,20,0.16796118916666647,0.06470269395138953,0.10325849521527694,-0.08796757014720928,0.22195513959550311,0.8421,10000,10000,0,0,0.01487390938928268,0.13809130990078408,insurance,paths,20,False,
flip_cov100_bw010,flip,radius,phi_1,AUC_frac_usable,insufficient_n,1629,0,1629,0,,,,,,,10000,0,0,0,,,,,0,,"phi_1 is only defined where the unit's operative K is the frame's own K (flip arm, base_wrongness=0.0); this stratum's units carry phi_1=None throughout, so this row is expected to read insufficient_n / n=0, not a genuine null finding."
flip_cov100_bw010,flip,radius,r_claim,AUC_frac_usable,insufficient_n,1629,0,1629,0,,,,,,,10000,0,0,0,,,,,0,,"r_claim is only defined where the unit's operative K is the frame's own K (flip arm, base_wrongness=0.0); this stratum's units carry r_claim=None throughout, so this row is expected to read insufficient_n / n=0, not a genuine null finding."
flip_cov100_bw025,flip,radius,shd_truth,AUC_frac_usable,ok,1629,1386,243,23,0.2922494086052659,0.21198786251089868,0.0802615460943672,-0.7457528030364103,0.602801324427994,0.5495,10000,10000,0,0,-0.3592366547291816,0.28344091187433557,insurance,paths,23,True,
flip_cov100_bw025,flip,radius,n_k,AUC_frac_usable,ok,1629,1386,243,23,0.2922494086052659,0.2233624552346914,0.06888695337057449,-0.8298591554101036,0.6130559759796478,0.5299,10000,10000,0,0,-0.40273340633910554,0.2764942779459044,insurance,paths,23,True,
flip_cov100_bw025,flip,radius,k_g0,AUC_frac_usable,ok,1629,1386,243,23,0.2922494086052659,0.1632574254212833,0.12899198318398258,-0.4791445259741909,0.4581431263931797,0.7177,10000,10000,0,0,-0.13494197313437484,0.24969213986567795,insurance,paths,23,True,
flip_cov100_bw025,flip,radius,separation,AUC_frac_usable,ok,1629,762,867,19,0.29774268096390133,0.04724471322217983,0.2504979677417215,-0.0518105068283024,0.39335279576295434,0.94,10000,10000,0,0,0.10317864651103366,0.30453012220231357,insurance,paths,19,False,
flip_cov100_bw025,flip,radius,phi_1,AUC_frac_usable,insufficient_n,1629,0,1629,0,,,,,,,10000,0,0,0,,,,,0,,"phi_1 is only defined where the unit's operative K is the frame's own K (flip arm, base_wrongness=0.0); this stratum's units carry phi_1=None throughout, so this row is expected to read insufficient_n / n=0, not a genuine null finding."
flip_cov100_bw025,flip,radius,r_claim,AUC_frac_usable,insufficient_n,1629,0,1629,0,,,,,,,10000,0,0,0,,,,,0,,"r_claim is only defined where the unit's operative K is the frame's own K (flip arm, base_wrongness=0.0); this stratum's units carry r_claim=None throughout, so this row is expected to read insufficient_n / n=0, not a genuine null finding."
flip_cov100_bwa1,flip,radius,shd_truth,AUC_frac_usable,ok,1629,1146,483,21,0.2995305420966374,0.020134129260886396,0.279396412835751,0.0752241912695096,0.4826771328978889,0.9944994499449945,10000,9999,1,0,0.22680633233498362,0.34587306641621235,Polzer_2012,barley,21,False,
flip_cov100_bwa1,flip,radius,n_k,AUC_frac_usable,ok,1629,1146,483,21,0.2995305420966374,0.17886017082362546,0.12067037127301192,-0.31589939700443653,0.5091615630352357,0.7356,10000,10000,0,0,-0.071858086147404,0.23528112900617795,insurance,diabetes,21,True,
flip_cov100_bwa1,flip,radius,k_g0,AUC_frac_usable,ok,1629,1146,483,21,0.2995305420966374,0.0721720863775056,0.22735845571913177,-0.25592580352175304,0.6695391466684851,0.8441,10000,10000,0,0,0.0335709047289694,0.41475575479039356,insurance,diabetes,21,False,
flip_cov100_bwa1,flip,radius,separation,AUC_frac_usable,ok,1629,517,1112,17,0.40970090950934784,0.2756191007310751,0.13408180877827275,-0.1627505092692163,0.3677957379580661,0.8185,10000,10000,0,0,-0.0021675075083727458,0.19283060946462047,insurance,barley,17,True,
flip_cov100_bwa1,flip,radius,phi_1,AUC_frac_usable,insufficient_n,1629,0,1629,0,,,,,,,10000,0,0,0,,,,,0,,"phi_1 is only defined where the unit's operative K is the frame's own K (flip arm, base_wrongness=0.0); this stratum's units carry phi_1=None throughout, so this row is expected to read insufficient_n / n=0, not a genuine null finding."
flip_cov100_bwa1,flip,radius,r_claim,AUC_frac_usable,insufficient_n,1629,0,1629,0,,,,,,,10000,0,0,0,,,,,0,,"r_claim is only defined where the unit's operative K is the frame's own K (flip arm, base_wrongness=0.0); this stratum's units carry r_claim=None throughout, so this row is expected to read insufficient_n / n=0, not a genuine null finding."
tiered_nt2,tiered,radius,shd_truth,AUC_rate_usable,ok,543,60,483,11,0.5802354721554341,0.6157986685344325,-0.03556319637899841,-0.4592356226147836,0.5018263405584296,0.6225733168112351,10000,9684,316,0,-0.1413418851685132,0.1616780142761881,magic-irri,magic-niab,11,True,
tiered_nt2,tiered,radius,n_k,AUC_rate_usable,ok,543,60,483,11,0.5802354721554341,-0.17286720574504982,0.7531026779004839,-0.3670100587944814,1.478621437639054,0.8997211607972736,10000,9683,317,0,0.03012158327350306,1.1702287923104142,paths,hailfinder,11,False,
tiered_nt2,tiered,radius,k_g0,AUC_rate_usable,ok,543,60,483,11,0.5802354721554341,-0.0920691287714497,0.6723046009268838,-0.36111813383216007,1.2537105993747095,0.9052044609665427,10000,9684,316,0,0.06560006114727351,1.0544798653896927,paths,hailfinder,11,False,
tiered_nt2,tiered,radius,separation,AUC_rate_usable,ok,543,49,494,8,0.6312921198686302,0.607158776151615,0.024133343717015254,-0.43594831367657483,0.47566578413674804,0.688131707825362,10000,9597,403,0,-0.09824864223776264,0.17806715843743193,magic-irri,magic-niab,8,True,
tiered_nt2,tiered,radius,phi_1,AUC_rate_usable,insufficient_n,543,0,543,0,,,,,,,10000,0,0,0,,,,,0,,"phi_1 is only defined where the unit's operative K is the frame's own K (flip arm, base_wrongness=0.0); this stratum's units carry phi_1=None throughout, so this row is expected to read insufficient_n / n=0, not a genuine null finding."
tiered_nt2,tiered,radius,r_claim,AUC_rate_usable,insufficient_n,543,0,543,0,,,,,,,10000,0,0,0,,,,,0,,"r_claim is only defined where the unit's operative K is the frame's own K (flip arm, base_wrongness=0.0); this stratum's units carry r_claim=None throughout, so this row is expected to read insufficient_n / n=0, not a genuine null finding."
tiered_nt3,tiered,radius,shd_truth,AUC_rate_usable,ok,543,176,367,18,0.377616815579245,0.3084463242703133,0.06917049130893166,-0.2901950407571477,0.6106645339464694,0.6643,10000,10000,0,0,-0.050054805686177456,0.22901880852425757,paths,insurance,18,True,
tiered_nt3,tiered,radius,n_k,AUC_rate_usable,ok,543,176,367,18,0.377616815579245,-0.06616299897014669,0.44377981454939164,-0.18229315580828218,1.1239865639760815,0.905,10000,10000,0,0,0.1184239983205463,0.6068459194871494,paths,barley,18,False,
tiered_nt3,tiered,radius,k_g0,AUC_rate_usable,ok,543,176,367,18,0.377616815579245,0.2272441934788057,0.15037262210043928,-0.19875929152877206,0.5657147549729528,0.8086,10000,10000,0,0,0.015616980922767976,0.27728347084854454,magic-niab,Polzer_2012,18,False,
tiered_nt3,tiered,radius,separation,AUC_rate_usable,ok,543,113,430,14,0.49271593156968485,0.5849837075597851,-0.09226777599010028,-0.48267124113954324,0.2795149296503338,0.3640728145629126,10000,9998,2,0,-0.3036764784761554,0.04712474419892698,paths,Polzer_2012,14,True,
tiered_nt3,tiered,radius,phi_1,AUC_rate_usable,insufficient_n,543,0,543,0,,,,,,,10000,0,0,0,,,,,0,,"phi_1 is only defined where the unit's operative K is the frame's own K (flip arm, base_wrongness=0.0); this stratum's units carry phi_1=None throughout, so this row is expected to read insufficient_n / n=0, not a genuine null finding."
tiered_nt3,tiered,radius,r_claim,AUC_rate_usable,insufficient_n,543,0,543,0,,,,,,,10000,0,0,0,,,,,0,,"r_claim is only defined where the unit's operative K is the frame's own K (flip arm, base_wrongness=0.0); this stratum's units carry r_claim=None throughout, so this row is expected to read insufficient_n / n=0, not a genuine null finding."
tiered_nt4,tiered,radius,shd_truth,AUC_rate_usable,ok,543,265,278,19,0.4832453597995131,0.25461900817620065,0.22862635162331246,-0.14841818733860396,0.7367841782630873,0.8937,10000,10000,0,0,0.09017748390472374,0.4601502556493602,hailfinder,insurance,19,False,
tiered_nt4,tiered,radius,n_k,AUC_rate_usable,ok,543,265,278,19,0.4832453597995131,0.12362268575786922,0.3596226740416439,-0.0827107850746981,0.9902958359719701,0.9374,10000,10000,0,0,0.12099027571906601,0.6051150675240949,paths,insurance,19,False,
tiered_nt4,tiered,radius,k_g0,AUC_rate_usable,ok,543,265,278,19,0.4832453597995131,0.2714203669564115,0.21182499284310163,-0.07131815573155333,0.6165782418294441,0.9289,10000,10000,0,0,0.154498275669041,0.3876680694484031,magic-niab,insurance,19,False,
tiered_nt4,tiered,radius,separation,AUC_rate_usable,ok,543,165,378,15,0.5128856050244759,0.5463364771913091,-0.03345087216683318,-0.3697062127635067,0.30427609095338354,0.4918,10000,10000,0,0,-0.17489777122900868,0.11882827926675305,paths,Polzer_2012,15,True,
tiered_nt4,tiered,radius,phi_1,AUC_rate_usable,insufficient_n,543,0,543,0,,,,,,,10000,0,0,0,,,,,0,,"phi_1 is only defined where the unit's operative K is the frame's own K (flip arm, base_wrongness=0.0); this stratum's units carry phi_1=None throughout, so this row is expected to read insufficient_n / n=0, not a genuine null finding."
tiered_nt4,tiered,radius,r_claim,AUC_rate_usable,insufficient_n,543,0,543,0,,,,,,,10000,0,0,0,,,,,0,,"r_claim is only defined where the unit's operative K is the frame's own K (flip arm, base_wrongness=0.0); this stratum's units carry r_claim=None throughout, so this row is expected to read insufficient_n / n=0, not a genuine null finding."
