arm,base_wrongness,component_size,coverage,n_tiers,predictor,endpoint,is_primary,is_sensitivity,is_secondary,stratum_n_instances,n,n_excluded_unreached,n_excluded_nan,predictor_constant,underpowered,status,tau_b,p_value,ci_lo_2p5,ci_hi_97p5,n_boot_nan,r_assumes
flip,0.0,6,0.5,,n_k,AUC_abs,False,False,True,60,60,0,0,False,False,ok,0.3033897229884647,0.0071027115332902195,0.05005543695605234,0.5377125189993693,0,
flip,0.0,6,0.5,,n_k,AUC_frac,True,False,False,60,60,0,0,False,False,ok,-0.0512893801040671,0.6490424537298486,-0.31835191086264064,0.24378888173013413,0,
flip,0.0,6,0.5,,n_k,AUC_frac_usable,False,True,False,60,60,0,0,False,False,ok,-0.0512893801040671,0.6490424537298486,-0.31835191086264064,0.24378888173013413,0,
flip,0.0,6,0.5,,r_val,AUC_frac,True,False,False,60,60,0,0,False,False,ok,0.8555448850379169,1.3200629691846137e-14,0.708690893677155,0.9573456972869328,0,"Conjecture 2 (hence Anti-Exchange Case B, verified not proved)"
flip,0.0,6,0.5,,r_val,AUC_frac_usable,False,True,False,60,60,0,0,False,False,ok,0.8555448850379169,1.3200629691846137e-14,0.708690893677155,0.9573456972869328,0,"Conjecture 2 (hence Anti-Exchange Case B, verified not proved)"
flip,0.0,6,0.5,,shd_cpdag,AUC_frac,True,False,False,60,60,0,0,False,False,ok,-0.23416858592925105,0.030864523800947632,-0.46949718643585614,0.02764085152672704,0,
flip,0.0,6,0.5,,shd_cpdag,AUC_frac_usable,False,True,False,60,60,0,0,False,False,ok,-0.23416858592925105,0.030864523800947632,-0.46949718643585614,0.02764085152672704,0,
flip,0.0,6,0.5,,shd_truth,AUC_frac,True,False,False,60,60,0,0,False,False,ok,0.17770934336898328,0.09900975565266283,-0.05678849862690229,0.38480213620105247,0,
flip,0.0,6,0.5,,shd_truth,AUC_frac_usable,False,True,False,60,60,0,0,False,False,ok,0.17770934336898328,0.09900975565266283,-0.05678849862690229,0.38480213620105247,0,
flip,0.0,6,0.5,,undirected_fraction,AUC_frac,True,False,False,60,60,0,0,False,False,ok,-0.0512893801040671,0.6490424537298486,-0.31835191086264064,0.24378888173013413,0,
flip,0.0,6,0.5,,undirected_fraction,AUC_frac_usable,False,True,False,60,60,0,0,False,False,ok,-0.0512893801040671,0.6490424537298486,-0.31835191086264064,0.24378888173013413,0,
flip,0.0,6,1.0,,n_k,AUC_abs,False,False,True,60,60,0,0,False,False,ok,-0.3122262294590573,0.0037914499131941155,-0.5046159960114619,-0.1141781352500231,0,
flip,0.0,6,1.0,,n_k,AUC_frac,True,False,False,60,60,0,0,False,False,ok,-0.3934687687570773,0.00026397620538828295,-0.5748869701508473,-0.2043176967489639,0,
flip,0.0,6,1.0,,n_k,AUC_frac_usable,False,True,False,60,60,0,0,False,False,ok,-0.32039532277917077,0.002988970445088725,-0.5223397518130855,-0.11414032783442156,0,
flip,0.0,6,1.0,,r_val,AUC_frac,True,False,False,60,60,0,0,False,False,ok,0.7868343410494848,8.071983792242443e-14,0.6381625706371095,0.8964617809457114,0,"Conjecture 2 (hence Anti-Exchange Case B, verified not proved)"
flip,0.0,6,1.0,,r_val,AUC_frac_usable,False,True,False,60,60,0,0,False,False,ok,0.6546552943509802,5.282440968728583e-10,0.5321944358266385,0.7765723386778061,0,"Conjecture 2 (hence Anti-Exchange Case B, verified not proved)"
flip,0.0,6,1.0,,shd_cpdag,AUC_frac,True,False,False,60,60,0,0,False,False,ok,-0.3934687687570773,0.00026397620538828295,-0.5748869701508473,-0.2043176967489639,0,
flip,0.0,6,1.0,,shd_cpdag,AUC_frac_usable,False,True,False,60,60,0,0,False,False,ok,-0.32039532277917077,0.002988970445088725,-0.5223397518130855,-0.11414032783442156,0,
flip,0.0,6,1.0,,shd_truth,AUC_frac,True,False,False,60,60,0,0,True,False,undefined (predictor constant),,,,,0,
flip,0.0,6,1.0,,shd_truth,AUC_frac_usable,False,True,False,60,60,0,0,True,False,undefined (predictor constant),,,,,0,
flip,0.0,6,1.0,,undirected_fraction,AUC_frac,True,False,False,60,60,0,0,False,False,ok,-0.3934687687570773,0.00026397620538828295,-0.5748869701508473,-0.2043176967489639,0,
flip,0.0,6,1.0,,undirected_fraction,AUC_frac_usable,False,True,False,60,60,0,0,False,False,ok,-0.32039532277917077,0.002988970445088725,-0.5223397518130855,-0.11414032783442156,0,
flip,0.0,8,0.5,,n_k,AUC_abs,False,False,True,60,60,0,0,False,False,ok,-0.07245336465298242,0.5427962363589798,-0.35177685753980376,0.2888226493436651,164,
flip,0.0,8,0.5,,n_k,AUC_frac,True,False,False,60,60,0,0,False,False,ok,-0.2753227856813332,0.020742330931310442,-0.4714566542094554,-0.1101701318874943,164,
flip,0.0,8,0.5,,n_k,AUC_frac_usable,False,True,False,60,60,0,0,False,False,ok,-0.21321990169306257,0.07329435090305352,-0.3935139490839236,-0.0807371128953152,164,
flip,0.0,8,0.5,,r_val,AUC_frac,True,False,False,60,60,0,0,False,False,ok,0.6175135279477232,2.5353651029708995e-07,0.30856459363444544,0.8960717025486784,0,"Conjecture 2 (hence Anti-Exchange Case B, verified not proved)"
flip,0.0,8,0.5,,r_val,AUC_frac_usable,False,True,False,60,60,0,0,False,False,ok,0.7873297481333471,4.9406317144918354e-11,0.581869080215403,0.9265724933138548,0,"Conjecture 2 (hence Anti-Exchange Case B, verified not proved)"
flip,0.0,8,0.5,,shd_cpdag,AUC_frac,True,False,False,60,60,0,0,False,False,ok,-0.4727764828550462,1.9262678173883156e-05,-0.6067249733240764,-0.31260872684337115,0,
flip,0.0,8,0.5,,shd_cpdag,AUC_frac_usable,False,True,False,60,60,0,0,False,False,ok,-0.4727764828550462,1.9262678173883156e-05,-0.5956402316727212,-0.33265737797690653,0,
flip,0.0,8,0.5,,shd_truth,AUC_frac,True,False,False,60,60,0,0,False,False,ok,0.20719694477146744,0.05768629957204102,-0.038147989688459095,0.4386196883331436,0,
flip,0.0,8,0.5,,shd_truth,AUC_frac_usable,False,True,False,60,60,0,0,False,False,ok,0.21575880199342895,0.04809737387758715,-0.006212374290786855,0.42721197558767154,0,
flip,0.0,8,0.5,,undirected_fraction,AUC_frac,True,False,False,60,60,0,0,False,False,ok,-0.4781839781189651,1.9293525449755663e-05,-0.6426919111609319,-0.2791779675559762,0,
flip,0.0,8,0.5,,undirected_fraction,AUC_frac_usable,False,True,False,60,60,0,0,False,False,ok,-0.49448570464574804,9.935100868105852e-06,-0.6324236946443539,-0.32637227771851524,0,
flip,0.0,8,1.0,,n_k,AUC_abs,False,False,True,60,60,0,0,False,False,ok,-0.4299511697938599,3.6554469670679006e-05,-0.6117348231909294,-0.24148700275891982,0,
flip,0.0,8,1.0,,n_k,AUC_frac,True,False,False,60,60,0,0,False,False,ok,-0.46080809356148783,9.722505428581023e-06,-0.650409858969841,-0.2614943130960247,0,
flip,0.0,8,1.0,,n_k,AUC_frac_usable,False,True,False,60,58,0,2,False,False,ok,0.2496173224066989,0.019529080189371766,0.053169112573313665,0.43049589582024145,0,
flip,0.0,8,1.0,,r_val,AUC_frac,True,False,False,60,60,0,0,False,False,ok,0.6864410780525171,6.70530425095863e-11,0.5225936692033869,0.8312381254875619,0,"Conjecture 2 (hence Anti-Exchange Case B, verified not proved)"
flip,0.0,8,1.0,,r_val,AUC_frac_usable,False,True,False,60,58,0,2,False,False,ok,-0.1097453725663397,0.3100010648490723,-0.31814088159695275,0.11486902335104107,0,"Conjecture 2 (hence Anti-Exchange Case B, verified not proved)"
flip,0.0,8,1.0,,shd_cpdag,AUC_frac,True,False,False,60,60,0,0,False,False,ok,-0.46080809356148783,9.722505428581023e-06,-0.650409858969841,-0.2614943130960247,0,
flip,0.0,8,1.0,,shd_cpdag,AUC_frac_usable,False,True,False,60,58,0,2,False,False,ok,0.2496173224066989,0.019529080189371766,0.053169112573313665,0.43049589582024145,0,
flip,0.0,8,1.0,,shd_truth,AUC_frac,True,False,False,60,60,0,0,True,False,undefined (predictor constant),,,,,0,
flip,0.0,8,1.0,,shd_truth,AUC_frac_usable,False,True,False,60,58,0,2,True,False,undefined (predictor constant),,,,,0,
flip,0.0,8,1.0,,undirected_fraction,AUC_frac,True,False,False,60,60,0,0,False,False,ok,-0.46080809356148783,9.722505428581023e-06,-0.650409858969841,-0.2614943130960247,0,
flip,0.0,8,1.0,,undirected_fraction,AUC_frac_usable,False,True,False,60,58,0,2,False,False,ok,0.2496173224066989,0.019529080189371766,0.053169112573313665,0.43049589582024145,0,
flip,0.0,10,0.5,,n_k,AUC_abs,False,False,True,60,60,0,0,False,False,ok,-0.1583087001294171,0.15067175094793453,-0.36703569912979317,0.08095723793069472,0,
flip,0.0,10,0.5,,n_k,AUC_frac,True,False,False,60,60,0,0,False,False,ok,-0.18837611166594306,0.08386285631163397,-0.4023694015047561,0.06072705100145768,0,
flip,0.0,10,0.5,,n_k,AUC_frac_usable,False,True,False,60,60,0,0,False,False,ok,-0.20750323946748211,0.05590089891493455,-0.4387667036329192,0.05375296383459143,0,
flip,0.0,10,0.5,,r_val,AUC_frac,True,False,False,60,60,0,0,False,False,ok,0.5370362696691225,8.479299202088183e-07,0.2809203853442693,0.7691005770891283,0,"Conjecture 2 (hence Anti-Exchange Case B, verified not proved)"
flip,0.0,10,0.5,,r_val,AUC_frac_usable,False,True,False,60,60,0,0,False,False,ok,0.6240970810774161,9.190517209684094e-09,0.39004374076334725,0.8287398757097124,0,"Conjecture 2 (hence Anti-Exchange Case B, verified not proved)"
flip,0.0,10,0.5,,shd_cpdag,AUC_frac,True,False,False,60,60,0,0,False,False,ok,-0.2505549344968376,0.016036030067998523,-0.4456566265536497,-0.028723896783475835,0,
flip,0.0,10,0.5,,shd_cpdag,AUC_frac_usable,False,True,False,60,60,0,0,False,False,ok,-0.20502767014202844,0.047890742863131955,-0.41546919845650665,0.033605528302714543,0,
flip,0.0,10,0.5,,shd_truth,AUC_frac,True,False,False,60,60,0,0,False,False,ok,0.12443515857761496,0.2349486692389956,-0.07114436996727373,0.31426493665158384,0,
flip,0.0,10,0.5,,shd_truth,AUC_frac_usable,False,True,False,60,60,0,0,False,False,ok,0.04607312596010286,0.6588497216334019,-0.1566000629635025,0.25022834950935974,0,
flip,0.0,10,0.5,,undirected_fraction,AUC_frac,True,False,False,60,60,0,0,False,False,ok,-0.19249041863379127,0.06960724254356006,-0.40211615015993707,0.05134242202179458,0,
flip,0.0,10,0.5,,undirected_fraction,AUC_frac_usable,False,True,False,60,60,0,0,False,False,ok,-0.21529822803471443,0.04159929920667717,-0.4342145684666144,0.04176961596617799,0,
flip,0.0,10,1.0,,n_k,AUC_abs,False,False,True,60,60,0,0,False,False,ok,-0.598275083073345,3.22029666745862e-09,-0.709952355166238,-0.4703317654023168,0,
flip,0.0,10,1.0,,n_k,AUC_frac,True,False,False,60,60,0,0,False,False,ok,-0.3931191322136222,0.00013604900063225338,-0.5908557352185253,-0.1935359603300878,0,
flip,0.0,10,1.0,,n_k,AUC_frac_usable,False,True,False,60,56,0,4,False,False,ok,0.37424706584612605,0.0006012804931724544,0.14570420102546572,0.5837705569690989,0,
flip,0.0,10,1.0,,r_val,AUC_frac,True,False,False,60,60,0,0,False,False,ok,0.5202617138124874,8.453823330567874e-07,0.34738568036689144,0.6898735289188651,0,"Conjecture 2 (hence Anti-Exchange Case B, verified not proved)"
flip,0.0,10,1.0,,r_val,AUC_frac_usable,False,True,False,60,56,0,4,False,False,ok,-0.30838857837031053,0.0060325723229732375,-0.5199387956278433,-0.05534892405434044,0,"Conjecture 2 (hence Anti-Exchange Case B, verified not proved)"
flip,0.0,10,1.0,,shd_cpdag,AUC_frac,True,False,False,60,60,0,0,False,False,ok,-0.3931191322136222,0.00013604900063225338,-0.5908557352185253,-0.1935359603300878,0,
flip,0.0,10,1.0,,shd_cpdag,AUC_frac_usable,False,True,False,60,56,0,4,False,False,ok,0.37424706584612605,0.0006012804931724544,0.14570420102546572,0.5837705569690989,0,
flip,0.0,10,1.0,,shd_truth,AUC_frac,True,False,False,60,60,0,0,True,False,undefined (predictor constant),,,,,0,
flip,0.0,10,1.0,,shd_truth,AUC_frac_usable,False,True,False,60,56,0,4,True,False,undefined (predictor constant),,,,,0,
flip,0.0,10,1.0,,undirected_fraction,AUC_frac,True,False,False,60,60,0,0,False,False,ok,-0.3931191322136222,0.00013604900063225338,-0.5908557352185253,-0.1935359603300878,0,
flip,0.0,10,1.0,,undirected_fraction,AUC_frac_usable,False,True,False,60,56,0,4,False,False,ok,0.37424706584612605,0.0006012804931724544,0.14570420102546572,0.5837705569690989,0,
flip,0.0,12,0.5,,n_k,AUC_abs,False,False,True,60,60,0,0,False,False,ok,-0.42749682857147564,0.00024189496205421316,-0.6800950828261468,-0.1530491995501843,0,
flip,0.0,12,0.5,,n_k,AUC_frac,True,False,False,60,60,0,0,False,False,ok,-0.4988942116946686,1.696680681699348e-05,-0.7263000528229285,-0.2554419686102909,0,
flip,0.0,12,0.5,,n_k,AUC_frac_usable,False,True,False,60,59,0,1,False,False,ok,-0.24057648676869975,0.034982712852580984,-0.46843278896145524,-0.0037750185996489943,0,
flip,0.0,12,0.5,,r_val,AUC_frac,True,False,False,60,60,0,0,False,False,ok,0.6797237434319858,1.1938203646636227e-08,0.4226218834419458,0.8901661894751862,0,"Conjecture 2 (hence Anti-Exchange Case B, verified not proved)"
flip,0.0,12,0.5,,r_val,AUC_frac_usable,False,True,False,60,59,0,1,False,False,ok,0.4898188005594902,2.8791878256236077e-05,0.29113656774399416,0.6836437797435001,0,"Conjecture 2 (hence Anti-Exchange Case B, verified not proved)"
flip,0.0,12,0.5,,shd_cpdag,AUC_frac,True,False,False,60,60,0,0,False,False,ok,-0.4437237533529899,4.3746818139269234e-05,-0.6160787949338373,-0.23877955113768617,0,
flip,0.0,12,0.5,,shd_cpdag,AUC_frac_usable,False,True,False,60,59,0,1,False,False,ok,-0.2723772832680697,0.010875125449820937,-0.4703833545975459,-0.06939212706985926,0,
flip,0.0,12,0.5,,shd_truth,AUC_frac,True,False,False,60,60,0,0,False,False,ok,0.28290310153018394,0.00817735852110165,0.07570499562458363,0.4843949356148627,0,
flip,0.0,12,0.5,,shd_truth,AUC_frac_usable,False,True,False,60,59,0,1,False,False,ok,0.1725410577863861,0.1006825526318454,-0.041605051171661675,0.3723108747010181,0,
flip,0.0,12,0.5,,undirected_fraction,AUC_frac,True,False,False,60,60,0,0,False,False,ok,-0.45846697806469705,2.282190543661382e-05,-0.6124294863932827,-0.2833430339081307,0,
flip,0.0,12,0.5,,undirected_fraction,AUC_frac_usable,False,True,False,60,59,0,1,False,False,ok,-0.2319970441334246,0.029358802937340493,-0.4369112320051328,-0.021014604127173132,0,
flip,0.0,12,1.0,,n_k,AUC_abs,False,False,True,60,60,0,0,False,False,ok,-0.4578310971417846,5.46347813055953e-06,-0.5892026386379177,-0.3122570381026973,0,
flip,0.0,12,1.0,,n_k,AUC_frac,True,False,False,60,60,0,0,False,False,ok,-0.23319906008617994,0.022912089003459944,-0.43039935834179277,-0.041835857324644087,0,
flip,0.0,12,1.0,,n_k,AUC_frac_usable,False,True,False,60,55,0,5,False,False,ok,0.4775726516771477,1.3048987576245854e-05,0.2619872715899687,0.67800015137517,0,
flip,0.0,12,1.0,,r_val,AUC_frac,True,False,False,60,60,0,0,False,False,ok,0.4366180654461945,4.1227099157065104e-05,0.2366401536290185,0.6258663625026875,0,"Conjecture 2 (hence Anti-Exchange Case B, verified not proved)"
flip,0.0,12,1.0,,r_val,AUC_frac_usable,False,True,False,60,55,0,5,False,False,ok,-0.3666793988112846,0.0013215030690034045,-0.5769220157098367,-0.11738063878042203,0,"Conjecture 2 (hence Anti-Exchange Case B, verified not proved)"
flip,0.0,12,1.0,,shd_cpdag,AUC_frac,True,False,False,60,60,0,0,False,False,ok,-0.23319906008617994,0.022912089003459944,-0.43039935834179277,-0.041835857324644087,0,
flip,0.0,12,1.0,,shd_cpdag,AUC_frac_usable,False,True,False,60,55,0,5,False,False,ok,0.4775726516771477,1.3048987576245854e-05,0.2619872715899687,0.67800015137517,0,
flip,0.0,12,1.0,,shd_truth,AUC_frac,True,False,False,60,60,0,0,True,False,undefined (predictor constant),,,,,0,
flip,0.0,12,1.0,,shd_truth,AUC_frac_usable,False,True,False,60,55,0,5,True,False,undefined (predictor constant),,,,,0,
flip,0.0,12,1.0,,undirected_fraction,AUC_frac,True,False,False,60,60,0,0,False,False,ok,-0.23319906008617994,0.022912089003459944,-0.43039935834179277,-0.041835857324644087,0,
flip,0.0,12,1.0,,undirected_fraction,AUC_frac_usable,False,True,False,60,55,0,5,False,False,ok,0.4775726516771477,1.3048987576245854e-05,0.2619872715899687,0.67800015137517,0,
flip,0.1,6,0.5,,n_k,AUC_abs,False,False,True,60,60,0,0,False,False,ok,0.25480495929804947,0.02381656987016628,-0.0034718659078160257,0.5033020525594153,0,
flip,0.1,6,0.5,,n_k,AUC_frac,True,False,False,60,60,0,0,False,False,ok,-0.10518669478969692,0.35065168513466793,-0.36777055690788274,0.18952373724032842,0,
flip,0.1,6,0.5,,n_k,AUC_frac_usable,False,True,False,60,60,0,0,False,False,ok,-0.10518669478969692,0.35065168513466793,-0.36777055690788274,0.18952373724032842,0,
flip,0.1,6,0.5,,r_val,AUC_frac,True,False,False,60,60,0,0,False,False,ok,0.8077858827932594,3.494681893114822e-13,0.6314320780920539,0.9486832980505138,0,"Conjecture 2 (hence Anti-Exchange Case B, verified not proved)"
flip,0.1,6,0.5,,r_val,AUC_frac_usable,False,True,False,60,60,0,0,False,False,ok,0.8077858827932594,3.494681893114822e-13,0.6314320780920539,0.9486832980505138,0,"Conjecture 2 (hence Anti-Exchange Case B, verified not proved)"
flip,0.1,6,0.5,,shd_cpdag,AUC_frac,True,False,False,60,60,0,0,False,False,ok,-0.2795925925643566,0.009949433921841958,-0.5117285377686771,-0.022996497738427588,0,
flip,0.1,6,0.5,,shd_cpdag,AUC_frac_usable,False,True,False,60,60,0,0,False,False,ok,-0.2795925925643566,0.009949433921841958,-0.5117285377686771,-0.022996497738427588,0,
flip,0.1,6,0.5,,shd_truth,AUC_frac,True,False,False,60,60,0,0,False,False,ok,0.20078847887144863,0.06233340498263068,-0.027967529566345697,0.4059328622068933,0,
flip,0.1,6,0.5,,shd_truth,AUC_frac_usable,False,True,False,60,60,0,0,False,False,ok,0.20078847887144863,0.06233340498263068,-0.027967529566345697,0.4059328622068933,0,
flip,0.1,6,0.5,,undirected_fraction,AUC_frac,True,False,False,60,60,0,0,False,False,ok,-0.10518669478969692,0.35065168513466793,-0.36777055690788274,0.18952373724032842,0,
flip,0.1,6,0.5,,undirected_fraction,AUC_frac_usable,False,True,False,60,60,0,0,False,False,ok,-0.10518669478969692,0.35065168513466793,-0.36777055690788274,0.18952373724032842,0,
flip,0.1,6,1.0,,n_k,AUC_abs,False,False,True,60,60,0,0,False,False,ok,-0.206280042831055,0.05659182241499872,-0.4276534041185785,0.021864435583709364,0,
flip,0.1,6,1.0,,n_k,AUC_frac,True,False,False,60,60,0,0,False,False,ok,-0.31247548182227447,0.004080347935786698,-0.5202858719314135,-0.0872078853805195,0,
flip,0.1,6,1.0,,n_k,AUC_frac_usable,False,True,False,60,60,0,0,False,False,ok,-0.3724314932700298,0.0005656023968965229,-0.5461182331964385,-0.18853664061143893,0,
flip,0.1,6,1.0,,r_val,AUC_frac,True,False,False,60,60,0,0,False,False,ok,0.6249842461754013,8.976211349054087e-10,0.4093811426240389,0.8251192045948172,0,"Conjecture 2 (hence Anti-Exchange Case B, verified not proved)"
flip,0.1,6,1.0,,r_val,AUC_frac_usable,False,True,False,60,60,0,0,False,False,ok,0.5859705686290478,7.238512686999042e-09,0.4386828402686574,0.7276209371478641,0,"Conjecture 2 (hence Anti-Exchange Case B, verified not proved)"
flip,0.1,6,1.0,,shd_cpdag,AUC_frac,True,False,False,60,60,0,0,False,False,ok,-0.31247548182227447,0.004080347935786698,-0.5202858719314135,-0.0872078853805195,0,
flip,0.1,6,1.0,,shd_cpdag,AUC_frac_usable,False,True,False,60,60,0,0,False,False,ok,-0.3724314932700298,0.0005656023968965229,-0.5461182331964385,-0.18853664061143893,0,
flip,0.1,6,1.0,,shd_truth,AUC_frac,True,False,False,60,60,0,0,False,False,ok,-0.30422839643330046,0.0069516495891263205,-0.5229158612334088,-0.07036538868573694,0,
flip,0.1,6,1.0,,shd_truth,AUC_frac_usable,False,True,False,60,60,0,0,False,False,ok,-0.3837136633027152,0.0006058602378222836,-0.5611114380814913,-0.19257481746073854,0,
flip,0.1,6,1.0,,undirected_fraction,AUC_frac,True,False,False,60,60,0,0,False,False,ok,-0.31247548182227447,0.004080347935786698,-0.5202858719314135,-0.0872078853805195,0,
flip,0.1,6,1.0,,undirected_fraction,AUC_frac_usable,False,True,False,60,60,0,0,False,False,ok,-0.3724314932700298,0.0005656023968965229,-0.5461182331964385,-0.18853664061143893,0,
flip,0.1,8,0.5,,n_k,AUC_abs,False,False,True,60,60,0,0,False,False,ok,-0.05586543029229121,0.6387304291878979,-0.32986925561360614,0.2938981139372838,164,
flip,0.1,8,0.5,,n_k,AUC_frac,True,False,False,60,60,0,0,False,False,ok,-0.06827997035724483,0.5661015914928962,-0.3440603833493039,0.2626315455462932,164,
flip,0.1,8,0.5,,n_k,AUC_frac_usable,False,True,False,60,60,0,0,False,False,ok,-0.25035989130989766,0.03538352673284143,-0.44821044109177544,-0.10219780398812742,164,
flip,0.1,8,0.5,,r_val,AUC_frac,True,False,False,60,60,0,0,False,False,ok,0.5290400570128865,9.93668499132296e-06,0.18144554586271294,0.8127425537743156,0,"Conjecture 2 (hence Anti-Exchange Case B, verified not proved)"
flip,0.1,8,0.5,,r_val,AUC_frac_usable,False,True,False,60,60,0,0,False,False,ok,0.6128047327065935,3.085474523775909e-07,0.3055034556553417,0.8915907875785154,0,"Conjecture 2 (hence Anti-Exchange Case B, verified not proved)"
flip,0.1,8,0.5,,shd_cpdag,AUC_frac,True,False,False,60,60,0,0,False,False,ok,-0.39231268575740535,0.00038689213240683903,-0.5684075625632027,-0.1762423827790007,0,
flip,0.1,8,0.5,,shd_cpdag,AUC_frac_usable,False,True,False,60,60,0,0,False,False,ok,-0.46971967308173646,2.1463863482772762e-05,-0.6016112230817441,-0.31118552331883986,0,
flip,0.1,8,0.5,,shd_truth,AUC_frac,True,False,False,60,60,0,0,False,False,ok,0.26726124191242434,0.013884705700900137,0.020165116750190636,0.50289503970253,0,
flip,0.1,8,0.5,,shd_truth,AUC_frac_usable,False,True,False,60,60,0,0,False,False,ok,0.19429468062839736,0.07368732695941169,-0.05585294851986401,0.4291226140826042,0,
flip,0.1,8,0.5,,undirected_fraction,AUC_frac,True,False,False,60,60,0,0,False,False,ok,-0.3874304376234559,0.0005330506613195214,-0.5940114385751535,-0.15076810997927548,0,
flip,0.1,8,0.5,,undirected_fraction,AUC_frac_usable,False,True,False,60,60,0,0,False,False,ok,-0.46708903227500764,2.9705769935811383e-05,-0.6243775542655097,-0.2771747347621033,0,
flip,0.1,8,1.0,,n_k,AUC_abs,False,False,True,56,56,0,0,False,False,ok,-0.21638992288797038,0.042044454095006616,-0.45486238742134494,0.018442424375005987,0,
flip,0.1,8,1.0,,n_k,AUC_frac,True,False,False,56,56,0,0,False,False,ok,-0.26940266309423705,0.011238138335616337,-0.48870231077075654,-0.049175252223355254,0,
flip,0.1,8,1.0,,n_k,AUC_frac_usable,False,True,False,56,54,0,2,False,False,ok,0.02025401051406213,0.8636751170948982,-0.2049870722399301,0.2507440974171118,0,
flip,0.1,8,1.0,,r_val,AUC_frac,True,False,False,56,56,0,0,False,False,ok,0.4851753489427042,2.16970307448046e-06,0.25823201291841574,0.7101437677378901,0,"Conjecture 2 (hence Anti-Exchange Case B, verified not proved)"
flip,0.1,8,1.0,,r_val,AUC_frac_usable,False,True,False,56,54,0,2,False,False,ok,0.14844776237384508,0.19240353432742496,-0.12952449352774284,0.4149801134109508,0,"Conjecture 2 (hence Anti-Exchange Case B, verified not proved)"
flip,0.1,8,1.0,,shd_cpdag,AUC_frac,True,False,False,56,56,0,0,False,False,ok,-0.26940266309423705,0.011238138335616337,-0.48870231077075654,-0.049175252223355254,0,
flip,0.1,8,1.0,,shd_cpdag,AUC_frac_usable,False,True,False,56,54,0,2,False,False,ok,0.02025401051406213,0.8636751170948982,-0.2049870722399301,0.2507440974171118,0,
flip,0.1,8,1.0,,shd_truth,AUC_frac,True,False,False,56,56,0,0,True,False,undefined (predictor constant),,,,,0,
flip,0.1,8,1.0,,shd_truth,AUC_frac_usable,False,True,False,56,54,0,2,True,False,undefined (predictor constant),,,,,0,
flip,0.1,8,1.0,,undirected_fraction,AUC_frac,True,False,False,56,56,0,0,False,False,ok,-0.26940266309423705,0.011238138335616337,-0.48870231077075654,-0.049175252223355254,0,
flip,0.1,8,1.0,,undirected_fraction,AUC_frac_usable,False,True,False,56,54,0,2,False,False,ok,0.02025401051406213,0.8636751170948982,-0.2049870722399301,0.2507440974171118,0,
flip,0.1,10,0.5,,n_k,AUC_abs,False,False,True,60,60,0,0,False,False,ok,-0.216710309218472,0.048256580312897916,-0.4077055629430701,0.00882521880814759,0,
flip,0.1,10,0.5,,n_k,AUC_frac,True,False,False,60,60,0,0,False,False,ok,-0.11720343211390419,0.2849046586224081,-0.353879478042553,0.15067611755874238,0,
flip,0.1,10,0.5,,n_k,AUC_frac_usable,False,True,False,60,60,0,0,False,False,ok,-0.02037785272884588,0.8521204680178925,-0.2544173002568052,0.24763583259234107,0,
flip,0.1,10,0.5,,r_val,AUC_frac,True,False,False,60,60,0,0,False,False,ok,0.6858965829418583,1.4579089346596176e-10,0.46988801641093514,0.8746949864189174,0,"Conjecture 2 (hence Anti-Exchange Case B, verified not proved)"
flip,0.1,10,0.5,,r_val,AUC_frac_usable,False,True,False,60,60,0,0,False,False,ok,0.611123322401575,1.0292353618610092e-08,0.3869132678784287,0.8090333271881128,0,"Conjecture 2 (hence Anti-Exchange Case B, verified not proved)"
flip,0.1,10,0.5,,shd_cpdag,AUC_frac,True,False,False,60,60,0,0,False,False,ok,-0.10768670218249385,0.300270546796242,-0.2950525395515277,0.09358027846298006,0,
flip,0.1,10,0.5,,shd_cpdag,AUC_frac_usable,False,True,False,60,60,0,0,False,False,ok,0.004291934433794459,0.9669834258230086,-0.22774701986535398,0.25527756528637413,0,
flip,0.1,10,0.5,,shd_truth,AUC_frac,True,False,False,60,60,0,0,False,False,ok,-0.11396371545561985,0.2797007732580439,-0.3436354318209792,0.12198245277797719,0,
flip,0.1,10,0.5,,shd_truth,AUC_frac_usable,False,True,False,60,60,0,0,False,False,ok,-0.22635841823855138,0.03134331499999638,-0.4420267950931703,-0.005841820319163452,0,
flip,0.1,10,0.5,,undirected_fraction,AUC_frac,True,False,False,60,60,0,0,False,False,ok,-0.11867710121283354,0.26741012209069004,-0.34802198624096187,0.1398892764382162,0,
flip,0.1,10,0.5,,undirected_fraction,AUC_frac_usable,False,True,False,60,60,0,0,False,False,ok,-0.04699644756838195,0.659698309854956,-0.27189518747118757,0.22406300152691697,0,
flip,0.1,10,1.0,,n_k,AUC_abs,False,False,True,60,60,0,0,False,False,ok,-0.6169165467816746,7.090560151027502e-10,-0.7302401868238286,-0.4844917962296374,0,
flip,0.1,10,1.0,,n_k,AUC_frac,True,False,False,60,60,0,0,False,False,ok,-0.4538622105038901,8.138554932497074e-06,-0.6284731845690159,-0.2710061657126809,0,
flip,0.1,10,1.0,,n_k,AUC_frac_usable,False,True,False,60,59,0,1,False,False,ok,-0.38180913909293135,0.0008114256098957523,-0.5516247615172947,-0.17001807994947463,0,
flip,0.1,10,1.0,,r_val,AUC_frac,True,False,False,60,60,0,0,False,False,ok,0.5315147117056179,1.0992565142227453e-07,0.3213276948750353,0.7324732952762687,0,"Conjecture 2 (hence Anti-Exchange Case B, verified not proved)"
flip,0.1,10,1.0,,r_val,AUC_frac_usable,False,True,False,60,59,0,1,False,False,ok,0.5210383272048442,3.543181352288677e-06,0.29538545855809195,0.6678112618940583,0,"Conjecture 2 (hence Anti-Exchange Case B, verified not proved)"
flip,0.1,10,1.0,,shd_cpdag,AUC_frac,True,False,False,60,60,0,0,False,False,ok,-0.4538622105038901,8.138554932497074e-06,-0.6284731845690159,-0.2710061657126809,0,
flip,0.1,10,1.0,,shd_cpdag,AUC_frac_usable,False,True,False,60,59,0,1,False,False,ok,-0.38180913909293135,0.0008114256098957523,-0.5516247615172947,-0.17001807994947463,0,
flip,0.1,10,1.0,,shd_truth,AUC_frac,True,False,False,60,60,0,0,True,False,undefined (predictor constant),,,,,0,
flip,0.1,10,1.0,,shd_truth,AUC_frac_usable,False,True,False,60,59,0,1,True,False,undefined (predictor constant),,,,,0,
flip,0.1,10,1.0,,undirected_fraction,AUC_frac,True,False,False,60,60,0,0,False,False,ok,-0.4538622105038901,8.138554932497074e-06,-0.6284731845690159,-0.2710061657126809,0,
flip,0.1,10,1.0,,undirected_fraction,AUC_frac_usable,False,True,False,60,59,0,1,False,False,ok,-0.38180913909293135,0.0008114256098957523,-0.5516247615172947,-0.17001807994947463,0,
flip,0.1,12,0.5,,n_k,AUC_abs,False,False,True,60,60,0,0,False,False,ok,-0.5221173385145088,1.0101244282147289e-05,-0.6804110027943404,-0.3501675422806127,0,
flip,0.1,12,0.5,,n_k,AUC_frac,True,False,False,60,60,0,0,False,False,ok,-0.19924812082587104,0.09202120820585423,-0.564501122455147,0.21746311899315532,0,
flip,0.1,12,0.5,,n_k,AUC_frac_usable,False,True,False,60,60,0,0,False,False,ok,-0.16772139842244269,0.1476931182508572,-0.44424021093599453,0.14054528053726417,0,
flip,0.1,12,0.5,,r_val,AUC_frac,True,False,False,60,60,0,0,False,False,ok,0.3678931205001061,0.0015535522973528985,-0.009295031271225548,0.7240090839062381,0,"Conjecture 2 (hence Anti-Exchange Case B, verified not proved)"
flip,0.1,12,0.5,,r_val,AUC_frac_usable,False,True,False,60,60,0,0,False,False,ok,0.029552169089461122,0.7952692585366694,-0.2735497548303693,0.3049425485323264,0,"Conjecture 2 (hence Anti-Exchange Case B, verified not proved)"
flip,0.1,12,0.5,,shd_cpdag,AUC_frac,True,False,False,60,60,0,0,False,False,ok,-0.04744598619857204,0.6660155220224746,-0.3465148156041147,0.25679703789539116,0,
flip,0.1,12,0.5,,shd_cpdag,AUC_frac_usable,False,True,False,60,60,0,0,False,False,ok,-0.0905407756832112,0.4005332154260577,-0.33675119329806213,0.15716696928951734,0,
flip,0.1,12,0.5,,shd_truth,AUC_frac,True,False,False,60,60,0,0,False,False,ok,0.17598335597902143,0.1015999145123882,-0.016919082840528756,0.3598551453252465,0,
flip,0.1,12,0.5,,shd_truth,AUC_frac_usable,False,True,False,60,60,0,0,False,False,ok,0.008280243186238555,0.9373375269957435,-0.21086451416520416,0.2160465702690655,0,
flip,0.1,12,0.5,,undirected_fraction,AUC_frac,True,False,False,60,60,0,0,False,False,ok,-0.17936645683912056,0.1042829574441888,-0.44619902594498073,0.10275457654036417,0,
flip,0.1,12,0.5,,undirected_fraction,AUC_frac_usable,False,True,False,60,60,0,0,False,False,ok,-0.0031752282416867427,0.9765850204063445,-0.23661659258725867,0.24111822917846565,0,
flip,0.1,12,1.0,,n_k,AUC_abs,False,False,True,60,60,0,0,False,False,ok,-0.39668690424565317,0.00011917183181680099,-0.54281837399939,-0.2397976156102438,0,
flip,0.1,12,1.0,,n_k,AUC_frac,True,False,False,60,60,0,0,False,False,ok,-0.2986666818610018,0.003928083856320571,-0.504596006925771,-0.09230779305951903,0,
flip,0.1,12,1.0,,n_k,AUC_frac_usable,False,True,False,60,53,0,7,False,False,ok,-0.3630593927139342,0.002594546035206112,-0.5565571740128321,-0.15662332101229406,0,
flip,0.1,12,1.0,,r_val,AUC_frac,True,False,False,60,60,0,0,False,False,ok,0.33951547644192537,0.0008146246286630757,0.1361224990064878,0.5435107729440956,0,"Conjecture 2 (hence Anti-Exchange Case B, verified not proved)"
flip,0.1,12,1.0,,r_val,AUC_frac_usable,False,True,False,60,53,0,7,False,False,ok,0.6673006817093065,1.702542031587942e-08,0.5679978870942443,0.7310035477975939,0,"Conjecture 2 (hence Anti-Exchange Case B, verified not proved)"
flip,0.1,12,1.0,,shd_cpdag,AUC_frac,True,False,False,60,60,0,0,False,False,ok,-0.2986666818610018,0.003928083856320571,-0.504596006925771,-0.09230779305951903,0,
flip,0.1,12,1.0,,shd_cpdag,AUC_frac_usable,False,True,False,60,53,0,7,False,False,ok,-0.3630593927139342,0.002594546035206112,-0.5565571740128321,-0.15662332101229406,0,
flip,0.1,12,1.0,,shd_truth,AUC_frac,True,False,False,60,60,0,0,True,False,undefined (predictor constant),,,,,0,
flip,0.1,12,1.0,,shd_truth,AUC_frac_usable,False,True,False,60,53,0,7,True,False,undefined (predictor constant),,,,,0,
flip,0.1,12,1.0,,undirected_fraction,AUC_frac,True,False,False,60,60,0,0,False,False,ok,-0.2986666818610018,0.003928083856320571,-0.504596006925771,-0.09230779305951903,0,
flip,0.1,12,1.0,,undirected_fraction,AUC_frac_usable,False,True,False,60,53,0,7,False,False,ok,-0.3630593927139342,0.002594546035206112,-0.5565571740128321,-0.15662332101229406,0,
flip,0.25,6,0.5,,n_k,AUC_abs,False,False,True,60,60,0,0,False,False,ok,-0.1479780943349755,0.2043693103126356,-0.48907419809866315,0.19670689771661326,0,
flip,0.25,6,0.5,,n_k,AUC_frac,True,False,False,60,60,0,0,False,False,ok,-0.6134453781512605,1.1257754052449985e-07,-0.8052351549055062,-0.3778704747516437,0,
flip,0.25,6,0.5,,n_k,AUC_frac_usable,False,True,False,60,60,0,0,False,False,ok,-0.6134453781512605,1.1257754052449985e-07,-0.8052351549055062,-0.3778704747516437,0,
flip,0.25,6,0.5,,r_val,AUC_frac,True,False,False,60,60,0,0,False,False,ok,0.7321376382345324,9.085011447984004e-10,0.5040842817078058,0.8807047847214259,0,"Conjecture 2 (hence Anti-Exchange Case B, verified not proved)"
flip,0.25,6,0.5,,r_val,AUC_frac_usable,False,True,False,60,60,0,0,False,False,ok,0.7321376382345324,9.085011447984004e-10,0.5040842817078058,0.8807047847214259,0,"Conjecture 2 (hence Anti-Exchange Case B, verified not proved)"
flip,0.25,6,0.5,,shd_cpdag,AUC_frac,True,False,False,60,60,0,0,False,False,ok,-0.5690926300424453,1.7288306695612322e-07,-0.7024568430177641,-0.4066824385976708,0,
flip,0.25,6,0.5,,shd_cpdag,AUC_frac_usable,False,True,False,60,60,0,0,False,False,ok,-0.5690926300424453,1.7288306695612322e-07,-0.7024568430177641,-0.4066824385976708,0,
flip,0.25,6,0.5,,shd_truth,AUC_frac,True,False,False,60,60,0,0,False,False,ok,-0.17164751250423455,0.11728317519887237,-0.43011935671544055,0.11054696962093817,0,
flip,0.25,6,0.5,,shd_truth,AUC_frac_usable,False,True,False,60,60,0,0,False,False,ok,-0.17164751250423455,0.11728317519887237,-0.43011935671544055,0.11054696962093817,0,
flip,0.25,6,0.5,,undirected_fraction,AUC_frac,True,False,False,60,60,0,0,False,False,ok,-0.6134453781512605,1.1257754052449985e-07,-0.8052351549055062,-0.3778704747516437,0,
flip,0.25,6,0.5,,undirected_fraction,AUC_frac_usable,False,True,False,60,60,0,0,False,False,ok,-0.6134453781512605,1.1257754052449985e-07,-0.8052351549055062,-0.3778704747516437,0,
flip,0.25,6,1.0,,n_k,AUC_abs,False,False,True,60,60,0,0,False,False,ok,-0.05604579218786337,0.6063272980769177,-0.285809855411979,0.15538160269157034,0,
flip,0.25,6,1.0,,n_k,AUC_frac,True,False,False,60,60,0,0,False,False,ok,-0.10005325297173492,0.3577463057877378,-0.3339478198544544,0.14571872777311706,0,
flip,0.25,6,1.0,,n_k,AUC_frac_usable,False,True,False,60,60,0,0,False,False,ok,0.2344966573949027,0.030702480324151245,-0.029770873665674356,0.48431995637399905,0,
flip,0.25,6,1.0,,r_val,AUC_frac,True,False,False,60,60,0,0,False,False,ok,0.35867272703219766,0.0005689636261114682,0.09634317196216617,0.6051070708821302,0,"Conjecture 2 (hence Anti-Exchange Case B, verified not proved)"
flip,0.25,6,1.0,,r_val,AUC_frac_usable,False,True,False,60,60,0,0,False,False,ok,0.15664712610251358,0.1313486025137155,-0.0787558999672819,0.3631214004710254,0,"Conjecture 2 (hence Anti-Exchange Case B, verified not proved)"
flip,0.25,6,1.0,,shd_cpdag,AUC_frac,True,False,False,60,60,0,0,False,False,ok,-0.10005325297173492,0.3577463057877378,-0.3339478198544544,0.14571872777311706,0,
flip,0.25,6,1.0,,shd_cpdag,AUC_frac_usable,False,True,False,60,60,0,0,False,False,ok,0.2344966573949027,0.030702480324151245,-0.029770873665674356,0.48431995637399905,0,
flip,0.25,6,1.0,,shd_truth,AUC_frac,True,False,False,60,60,0,0,False,False,ok,-0.06273764344284781,0.5775697565803353,-0.3180132959042988,0.19188938173444295,0,
flip,0.25,6,1.0,,shd_truth,AUC_frac_usable,False,True,False,60,60,0,0,False,False,ok,0.2516911128538168,0.025090265600358576,-0.010268353417516557,0.4973011527736181,0,
flip,0.25,6,1.0,,undirected_fraction,AUC_frac,True,False,False,60,60,0,0,False,False,ok,-0.10005325297173492,0.3577463057877378,-0.3339478198544544,0.14571872777311706,0,
flip,0.25,6,1.0,,undirected_fraction,AUC_frac_usable,False,True,False,60,60,0,0,False,False,ok,0.2344966573949027,0.030702480324151245,-0.029770873665674356,0.48431995637399905,0,
flip,0.25,8,0.5,,n_k,AUC_abs,False,False,True,60,60,0,0,False,False,ok,0.3188574841288278,0.008030803739601104,0.20403101507161553,0.512735610925987,1335,
flip,0.25,8,0.5,,n_k,AUC_frac,True,False,False,60,60,0,0,False,False,ok,0.3188574841288278,0.008030803739601104,0.1901082127437124,0.5115227914057179,1335,
flip,0.25,8,0.5,,n_k,AUC_frac_usable,False,True,False,60,60,0,0,False,False,ok,0.24737065714523226,0.034014644508803225,0.15379615762582233,0.40566983610527435,1335,
flip,0.25,8,0.5,,r_val,AUC_frac,True,False,False,60,60,0,0,False,False,ok,0.29678273368281693,0.010363978591161867,-0.11063344827568457,0.6771715941972247,0,"Conjecture 2 (hence Anti-Exchange Case B, verified not proved)"
flip,0.25,8,0.5,,r_val,AUC_frac_usable,False,True,False,60,60,0,0,False,False,ok,0.010874544956540737,0.9228732141257685,-0.3008162535512583,0.32695085223991016,0,"Conjecture 2 (hence Anti-Exchange Case B, verified not proved)"
flip,0.25,8,0.5,,shd_cpdag,AUC_frac,True,False,False,60,60,0,0,False,False,ok,0.24757713219380695,0.029476706336359213,-0.07173246919282826,0.5381260976840623,0,
flip,0.25,8,0.5,,shd_cpdag,AUC_frac_usable,False,True,False,60,60,0,0,False,False,ok,0.12069706559105331,0.27399586516294827,-0.16052631806608092,0.3882167517105414,0,
flip,0.25,8,0.5,,shd_truth,AUC_frac,True,False,False,60,60,0,0,False,False,ok,0.047422050085959094,0.66042672154085,-0.12192793070427607,0.22383588063387855,0,
flip,0.25,8,0.5,,shd_truth,AUC_frac_usable,False,True,False,60,60,0,0,False,False,ok,-0.055748382421835475,0.5945709006337876,-0.24101923537421663,0.1331280171753243,0,
flip,0.25,8,0.5,,undirected_fraction,AUC_frac,True,False,False,60,60,0,0,False,False,ok,-0.12038952713863156,0.2884448330397582,-0.42237196010392636,0.18681474602799827,0,
flip,0.25,8,0.5,,undirected_fraction,AUC_frac_usable,False,True,False,60,60,0,0,False,False,ok,-0.11740344542518255,0.2859875688067042,-0.3719817698788529,0.1336898476821808,0,
flip,0.25,8,1.0,,n_k,AUC_abs,False,False,True,42,42,0,0,False,False,ok,-0.37125568375392165,0.0024199780415323333,-0.6328650102975951,-0.0942756837566765,0,
flip,0.25,8,1.0,,n_k,AUC_frac,True,False,False,42,42,0,0,False,False,ok,-0.43901337508543586,0.000334819326699733,-0.6420523588449923,-0.21233110471764957,0,
flip,0.25,8,1.0,,n_k,AUC_frac_usable,False,True,False,42,42,0,0,False,False,ok,-0.241972891073142,0.07315599246299172,-0.48416314080157496,0.033080163321771494,0,
flip,0.25,8,1.0,,r_val,AUC_frac,True,False,False,42,42,0,0,False,False,ok,0.577475024588959,1.0737866945156711e-06,0.31365868743638853,0.8140752942466197,0,"Conjecture 2 (hence Anti-Exchange Case B, verified not proved)"
flip,0.25,8,1.0,,r_val,AUC_frac_usable,False,True,False,42,42,0,0,False,False,ok,0.6411787777550514,9.050913947941061e-07,0.5119962513342782,0.7401414375918929,0,"Conjecture 2 (hence Anti-Exchange Case B, verified not proved)"
flip,0.25,8,1.0,,shd_cpdag,AUC_frac,True,False,False,42,42,0,0,False,False,ok,-0.43901337508543586,0.000334819326699733,-0.6420523588449923,-0.21233110471764957,0,
flip,0.25,8,1.0,,shd_cpdag,AUC_frac_usable,False,True,False,42,42,0,0,False,False,ok,-0.241972891073142,0.07315599246299172,-0.48416314080157496,0.033080163321771494,0,
flip,0.25,8,1.0,,shd_truth,AUC_frac,True,False,False,42,42,0,0,True,False,undefined (predictor constant),,,,,0,
flip,0.25,8,1.0,,shd_truth,AUC_frac_usable,False,True,False,42,42,0,0,True,False,undefined (predictor constant),,,,,0,
flip,0.25,8,1.0,,undirected_fraction,AUC_frac,True,False,False,42,42,0,0,False,False,ok,-0.43901337508543586,0.000334819326699733,-0.6420523588449923,-0.21233110471764957,0,
flip,0.25,8,1.0,,undirected_fraction,AUC_frac_usable,False,True,False,42,42,0,0,False,False,ok,-0.241972891073142,0.07315599246299172,-0.48416314080157496,0.033080163321771494,0,
flip,0.25,10,0.5,,n_k,AUC_abs,False,False,True,60,60,0,0,False,False,ok,0.2670609627831465,0.016098145149767356,0.035228542670598065,0.4965480893593718,0,
flip,0.25,10,0.5,,n_k,AUC_frac,True,False,False,60,60,0,0,False,False,ok,0.12880362871139503,0.2436248910144022,-0.1257313355854779,0.40806870182708854,0,
flip,0.25,10,0.5,,n_k,AUC_frac_usable,False,True,False,60,60,0,0,False,False,ok,0.050517661310480286,0.6456933119820827,-0.23655375939535478,0.30978346627111597,0,
flip,0.25,10,0.5,,r_val,AUC_frac,True,False,False,60,60,0,0,False,False,ok,0.4647087890353418,1.86315826113e-05,0.1790466137722953,0.7368338757994785,0,"Conjecture 2 (hence Anti-Exchange Case B, verified not proved)"
flip,0.25,10,0.5,,r_val,AUC_frac_usable,False,True,False,60,60,0,0,False,False,ok,-0.013570372934069073,0.8999909301373064,-0.3246948714343978,0.2649457557633204,0,"Conjecture 2 (hence Anti-Exchange Case B, verified not proved)"
flip,0.25,10,0.5,,shd_cpdag,AUC_frac,True,False,False,60,60,0,0,False,False,ok,0.056047979671658234,0.5998226722081678,-0.24376838061538691,0.33923156478644334,0,
flip,0.25,10,0.5,,shd_cpdag,AUC_frac_usable,False,True,False,60,60,0,0,False,False,ok,0.09860676454427669,0.3534231297467385,-0.1766699349838612,0.36909928969568573,0,
flip,0.25,10,0.5,,shd_truth,AUC_frac,True,False,False,60,60,0,0,False,False,ok,-0.16694665739908315,0.10369303596670935,-0.38813212088952526,0.05282187681913842,0,
flip,0.25,10,0.5,,shd_truth,AUC_frac_usable,False,True,False,60,60,0,0,False,False,ok,0.02916308057082058,0.7750619942253814,-0.16634166650116144,0.22887999288190317,0,
flip,0.25,10,0.5,,undirected_fraction,AUC_frac,True,False,False,60,60,0,0,False,False,ok,0.13149053608908617,0.2321123257489921,-0.12123105805816223,0.4080990402827573,0,
flip,0.25,10,0.5,,undirected_fraction,AUC_frac_usable,False,True,False,60,60,0,0,False,False,ok,0.04390414772787054,0.6883310882332996,-0.23689523052279177,0.29563912295066863,0,
flip,0.25,10,1.0,,n_k,AUC_abs,False,False,True,23,23,0,0,False,False,ok,0.004835490443213829,0.9772463811995281,-0.295196897703766,0.3018934005919215,0,
flip,0.25,10,1.0,,n_k,AUC_frac,True,False,False,23,23,0,0,False,False,ok,-0.22633852525551698,0.18054125381424424,-0.5678003806910928,0.15764321641853277,0,
flip,0.25,10,1.0,,n_k,AUC_frac_usable,False,True,False,23,22,0,1,False,False,undefined (endpoint constant),,,,,0,
flip,0.25,10,1.0,,r_val,AUC_frac,True,False,False,23,23,0,0,False,False,ok,0.5336000974881928,0.0011309549158595097,0.24750491821785106,0.7738893366843483,0,"Conjecture 2 (hence Anti-Exchange Case B, verified not proved)"
flip,0.25,10,1.0,,r_val,AUC_frac_usable,False,True,False,23,22,0,1,False,False,undefined (endpoint constant),,,,,0,"Conjecture 2 (hence Anti-Exchange Case B, verified not proved)"
flip,0.25,10,1.0,,shd_cpdag,AUC_frac,True,False,False,23,23,0,0,False,False,ok,-0.22633852525551698,0.18054125381424424,-0.5678003806910928,0.15764321641853277,0,
flip,0.25,10,1.0,,shd_cpdag,AUC_frac_usable,False,True,False,23,22,0,1,False,False,undefined (endpoint constant),,,,,0,
flip,0.25,10,1.0,,shd_truth,AUC_frac,True,False,False,23,23,0,0,False,False,ok,0.013468700594029475,0.940437165200809,-0.30956860531002867,0.341526631231403,28,
flip,0.25,10,1.0,,shd_truth,AUC_frac_usable,False,True,False,23,22,0,1,False,False,undefined (endpoint constant),,,,,0,
flip,0.25,10,1.0,,undirected_fraction,AUC_frac,True,False,False,23,23,0,0,False,False,ok,-0.22633852525551698,0.18054125381424424,-0.5678003806910928,0.15764321641853277,0,
flip,0.25,10,1.0,,undirected_fraction,AUC_frac_usable,False,True,False,23,22,0,1,False,False,undefined (endpoint constant),,,,,0,
flip,0.25,12,0.5,,n_k,AUC_abs,False,False,True,40,40,0,0,False,False,ok,-0.14959801642823134,0.2736821812042465,-0.49432073954583383,0.20043593671082102,0,
flip,0.25,12,0.5,,n_k,AUC_frac,True,False,False,40,40,0,0,False,False,ok,-0.1332037132580142,0.32972714853408314,-0.4728550291420357,0.1995470134138367,0,
flip,0.25,12,0.5,,n_k,AUC_frac_usable,False,True,False,40,40,0,0,False,False,ok,-0.33666213043306903,0.018143237688613253,-0.6211576197704255,-0.039642974547650076,0,
flip,0.25,12,0.5,,r_val,AUC_frac,True,False,False,40,40,0,0,False,False,ok,-0.012647520766562954,0.9243920296910978,-0.35816450052683496,0.3464669639258531,0,"Conjecture 2 (hence Anti-Exchange Case B, verified not proved)"
flip,0.25,12,0.5,,r_val,AUC_frac_usable,False,True,False,40,40,0,0,False,False,ok,0.7566915420951343,5.132074167478621e-08,0.6148692487956032,0.8743080331483458,0,"Conjecture 2 (hence Anti-Exchange Case B, verified not proved)"
flip,0.25,12,0.5,,shd_cpdag,AUC_frac,True,False,False,40,40,0,0,False,False,ok,-0.028778156106247225,0.8230293378830924,-0.3960936396795003,0.3239676916080305,0,
flip,0.25,12,0.5,,shd_cpdag,AUC_frac_usable,False,True,False,40,40,0,0,False,False,ok,-0.1625530351937926,0.22547396047840707,-0.49867796987795426,0.16975406521792827,0,
flip,0.25,12,0.5,,shd_truth,AUC_frac,True,False,False,40,40,0,0,False,False,ok,-0.17207698130865348,0.16731242409276748,-0.32037856430272366,-0.028932197225653038,0,
flip,0.25,12,0.5,,shd_truth,AUC_frac_usable,False,True,False,40,40,0,0,False,False,ok,-0.1683123524913699,0.19489290825611505,-0.3947202638231922,0.0740460268535015,0,
flip,0.25,12,0.5,,undirected_fraction,AUC_frac,True,False,False,40,40,0,0,False,False,ok,-0.07282325671675707,0.5677704471199859,-0.349939936923653,0.1983753068166061,0,
flip,0.25,12,0.5,,undirected_fraction,AUC_frac_usable,False,True,False,40,40,0,0,False,False,ok,-0.44184763445268926,0.000880102681987591,-0.6217464369024809,-0.23795242361773994,0,
flip,0.25,12,1.0,,n_k,AUC_abs,False,False,True,9,9,0,0,False,True,ok,-0.031943828249996996,0.9112855190471001,-0.5945855317374071,0.5773502691896258,6,
flip,0.25,12,1.0,,n_k,AUC_frac,True,False,False,9,9,0,0,False,True,ok,-0.1973855084879307,0.4979099943018336,-0.7460715094077888,0.5050946845974482,6,
flip,0.25,12,1.0,,n_k,AUC_frac_usable,False,True,False,9,9,0,0,False,True,undefined (endpoint constant),,,,,0,
flip,0.25,12,1.0,,r_val,AUC_frac,True,False,False,9,9,0,0,False,True,ok,0.41316712200642336,0.14990514178957987,-0.282842712474619,0.8755950357709132,2,"Conjecture 2 (hence Anti-Exchange Case B, verified not proved)"
flip,0.25,12,1.0,,r_val,AUC_frac_usable,False,True,False,9,9,0,0,False,True,undefined (endpoint constant),,,,,0,"Conjecture 2 (hence Anti-Exchange Case B, verified not proved)"
flip,0.25,12,1.0,,shd_cpdag,AUC_frac,True,False,False,9,9,0,0,False,True,ok,-0.1973855084879307,0.4979099943018336,-0.7460715094077888,0.5050946845974482,6,
flip,0.25,12,1.0,,shd_cpdag,AUC_frac_usable,False,True,False,9,9,0,0,False,True,undefined (endpoint constant),,,,,0,
flip,0.25,12,1.0,,shd_truth,AUC_frac,True,False,False,9,9,0,0,False,True,ok,0.0,1.0,-0.5832118435198043,0.508000508000762,1051,
flip,0.25,12,1.0,,shd_truth,AUC_frac_usable,False,True,False,9,9,0,0,False,True,undefined (endpoint constant),,,,,0,
flip,0.25,12,1.0,,undirected_fraction,AUC_frac,True,False,False,9,9,0,0,False,True,ok,-0.1973855084879307,0.4979099943018336,-0.7460715094077888,0.5050946845974482,6,
flip,0.25,12,1.0,,undirected_fraction,AUC_frac_usable,False,True,False,9,9,0,0,False,True,undefined (endpoint constant),,,,,0,
tiered,,6,,2.0,n_k,AUC_abs,False,False,True,60,60,0,0,False,False,ok,0.010555086668190043,0.9162984803203342,-0.22207616358641544,0.2228291331337916,0,
tiered,,6,,2.0,n_k,AUC_frac_rate,True,False,False,60,60,0,0,False,False,ok,-0.17943647335923074,0.07399299131184503,-0.39589965520246384,0.03727750683445647,0,
tiered,,6,,2.0,n_k,AUC_frac_usable,False,True,False,60,60,0,0,False,False,ok,-0.5537902138577042,3.5054326305254814e-08,-0.6306595733164269,-0.47043720230956276,0,
tiered,,6,,2.0,r_val,AUC_frac_rate,True,False,False,60,60,0,0,False,False,ok,0.7302967433402215,2.7344229710169796e-12,0.6602924800189309,0.7797084747970082,0,"Conjecture 2 (hence Anti-Exchange Case B, verified not proved)"
tiered,,6,,2.0,r_val,AUC_frac_usable,False,True,False,60,60,0,0,False,False,ok,0.6699544276828727,1.4257657641115891e-10,0.5934496327751749,0.7373849650492108,0,"Conjecture 2 (hence Anti-Exchange Case B, verified not proved)"
tiered,,6,,2.0,shd_cpdag,AUC_frac_rate,True,False,False,60,60,0,0,False,False,ok,-0.10736078161861173,0.31649927776679143,-0.2454733627177376,0.022358972365992193,10,
tiered,,6,,2.0,shd_cpdag,AUC_frac_usable,False,True,False,60,60,0,0,False,False,ok,-0.2751891298959818,0.010242925976991482,-0.4075469852258693,-0.12666441931482053,10,
tiered,,6,,2.0,shd_truth,AUC_frac_rate,True,False,False,60,60,0,0,False,False,ok,-0.22569279218610155,0.03387818044239345,-0.3819213318291462,-0.04874759280975548,0,
tiered,,6,,2.0,shd_truth,AUC_frac_usable,False,True,False,60,60,0,0,False,False,ok,-0.2142653090374382,0.043999037520333,-0.4214253523570851,0.018028324722048572,0,
tiered,,6,,2.0,undirected_fraction,AUC_frac_rate,True,False,False,60,60,0,0,False,False,ok,-0.26993225135401555,0.01115359625216456,-0.43798472395642696,-0.0876901746692187,0,
tiered,,6,,2.0,undirected_fraction,AUC_frac_usable,False,True,False,60,60,0,0,False,False,ok,-0.3762440303488278,0.0004041305464829252,-0.5462461357511901,-0.1826623187769328,0,
tiered,,6,,3.0,n_k,AUC_abs,False,False,True,60,60,0,0,False,False,ok,-0.3725318678190032,0.00018529027738002326,-0.5010255410345991,-0.23369317355680305,0,
tiered,,6,,3.0,n_k,AUC_frac_rate,True,False,False,60,60,0,0,False,False,ok,-0.37524612550803055,0.00016621094380886594,-0.5160908882158951,-0.21461488467952983,0,
tiered,,6,,3.0,n_k,AUC_frac_usable,False,True,False,60,60,0,0,False,False,ok,-0.42003137737698176,2.498696290480195e-05,-0.5518297362625149,-0.271058729428675,0,
tiered,,6,,3.0,r_val,AUC_frac_rate,True,False,False,60,60,0,0,False,False,ok,0.7410482726333564,2.3731267597311776e-13,0.6638999883587235,0.7987621170957874,0,"Conjecture 2 (hence Anti-Exchange Case B, verified not proved)"
tiered,,6,,3.0,r_val,AUC_frac_usable,False,True,False,60,60,0,0,False,False,ok,0.7506544539452703,1.1636357065395862e-13,0.675566842522712,0.8098164691347612,0,"Conjecture 2 (hence Anti-Exchange Case B, verified not proved)"
tiered,,6,,3.0,shd_cpdag,AUC_frac_rate,True,False,False,60,60,0,0,False,False,ok,-0.27100848105116665,0.010838067383608277,-0.43143953700480153,-0.09535033458370817,0,
tiered,,6,,3.0,shd_cpdag,AUC_frac_usable,False,True,False,60,60,0,0,False,False,ok,-0.2829773098673065,0.007804754150315287,-0.43935122287487643,-0.1069184990654324,0,
tiered,,6,,3.0,shd_truth,AUC_frac_rate,True,False,False,60,60,0,0,False,False,ok,-0.3349258587072278,0.0015404382812111914,-0.4886267216722153,-0.13982656433065643,0,
tiered,,6,,3.0,shd_truth,AUC_frac_usable,False,True,False,60,60,0,0,False,False,ok,-0.42060456674861163,6.975876553096241e-05,-0.5516227743248652,-0.2537101573813142,0,
tiered,,6,,3.0,undirected_fraction,AUC_frac_rate,True,False,False,60,60,0,0,False,False,ok,-0.40822080408653044,7.360341553243655e-05,-0.5575537663650577,-0.2339100637346016,0,
tiered,,6,,3.0,undirected_fraction,AUC_frac_usable,False,True,False,60,60,0,0,False,False,ok,-0.47862952992897784,3.3503565059530084e-06,-0.6152876353868096,-0.31101706562552617,0,
tiered,,6,,4.0,n_k,AUC_abs,False,False,True,60,60,0,0,False,False,ok,-0.4553242871269267,4.567846777194356e-06,-0.5784402518896942,-0.31276647901818816,0,
tiered,,6,,4.0,n_k,AUC_frac_rate,True,False,False,60,60,0,0,False,False,ok,-0.48505404325643686,1.0517380040267627e-06,-0.609096870587719,-0.342814356772903,0,
tiered,,6,,4.0,n_k,AUC_frac_usable,False,True,False,60,60,0,0,False,False,ok,-0.503891093479988,3.951421019621125e-07,-0.6282502954717781,-0.3565471698104742,0,
tiered,,6,,4.0,r_val,AUC_frac_rate,True,False,False,60,60,0,0,False,False,ok,0.7769478824602999,1.6065943732747783e-14,0.7177441562884385,0.8192446125448312,0,"Conjecture 2 (hence Anti-Exchange Case B, verified not proved)"
tiered,,6,,4.0,r_val,AUC_frac_usable,False,True,False,60,60,0,0,False,False,ok,0.7783205818992757,1.4450437806456297e-14,0.7204598148811874,0.8200034196402161,0,"Conjecture 2 (hence Anti-Exchange Case B, verified not proved)"
tiered,,6,,4.0,shd_cpdag,AUC_frac_rate,True,False,False,60,60,0,0,False,False,ok,-0.3300854085368634,0.00168247515013455,-0.4825296551283604,-0.16322437555343214,0,
tiered,,6,,4.0,shd_cpdag,AUC_frac_usable,False,True,False,60,60,0,0,False,False,ok,-0.3105247917346789,0.0031259761861424902,-0.4589295989818138,-0.14067704242315068,0,
tiered,,6,,4.0,shd_truth,AUC_frac_rate,True,False,False,60,60,0,0,False,False,ok,-0.23698440126398165,0.025998587343141196,-0.4168390473196904,-0.010538836183502783,1,
tiered,,6,,4.0,shd_truth,AUC_frac_usable,False,True,False,60,60,0,0,False,False,ok,-0.2924734318038408,0.006005203052429885,-0.4360235469122164,-0.11303681833276095,1,
tiered,,6,,4.0,undirected_fraction,AUC_frac_rate,True,False,False,60,60,0,0,False,False,ok,-0.4307061961102345,3.2059977677376224e-05,-0.5689168749007096,-0.2714431845768421,0,
tiered,,6,,4.0,undirected_fraction,AUC_frac_usable,False,True,False,60,60,0,0,False,False,ok,-0.4397105068303091,2.183485819113937e-05,-0.5745417291097398,-0.2825059748022078,0,
tiered,,8,,2.0,n_k,AUC_abs,False,False,True,48,48,0,0,False,False,ok,0.11235813930649749,0.314311787612647,-0.15286552705793802,0.35859556535485376,0,
tiered,,8,,2.0,n_k,AUC_frac_rate,True,False,False,48,48,0,0,False,False,ok,-0.5028844875756829,6.682818509523795e-06,-0.6302482983616924,-0.3495793261022552,0,
tiered,,8,,2.0,n_k,AUC_frac_usable,False,True,False,48,48,0,0,False,False,ok,-0.6752396915604073,1.4750944090253584e-09,-0.747373350661783,-0.5937802936890163,0,
tiered,,8,,2.0,r_val,AUC_frac_rate,True,False,False,48,48,0,0,False,False,ok,0.8148778005587385,6.898938687857925e-13,0.7722458393307381,0.8436550487804877,0,"Conjecture 2 (hence Anti-Exchange Case B, verified not proved)"
tiered,,8,,2.0,r_val,AUC_frac_usable,False,True,False,48,48,0,0,False,False,ok,0.7867412496762323,4.106725535539566e-12,0.7390654756983669,0.8229312894326811,0,"Conjecture 2 (hence Anti-Exchange Case B, verified not proved)"
tiered,,8,,2.0,shd_cpdag,AUC_frac_rate,True,False,False,48,48,0,0,False,False,ok,-0.28142919588033133,0.017185484804517044,-0.4365882371968897,-0.12354794054862843,3,
tiered,,8,,2.0,shd_cpdag,AUC_frac_usable,False,True,False,48,48,0,0,False,False,ok,-0.3302319466110247,0.00517549652998949,-0.4863935512764769,-0.16589642639728086,3,
tiered,,8,,2.0,shd_truth,AUC_frac_rate,True,False,False,48,48,0,0,False,False,ok,-0.29166131711334503,0.013129937879154365,-0.4732538133469482,-0.08816310882785465,0,
tiered,,8,,2.0,shd_truth,AUC_frac_usable,False,True,False,48,48,0,0,False,False,ok,-0.24415087631660107,0.03787483551362619,-0.4348408050684549,-0.03764843587141628,0,
tiered,,8,,2.0,undirected_fraction,AUC_frac_rate,True,False,False,48,48,0,0,False,False,ok,-0.43693993847002743,0.00013585978192520154,-0.6043244917845055,-0.2487279060856344,0,
tiered,,8,,2.0,undirected_fraction,AUC_frac_usable,False,True,False,48,48,0,0,False,False,ok,-0.4415514417784182,0.00011532504740040437,-0.6009862081295255,-0.26312136609035924,0,
tiered,,8,,3.0,n_k,AUC_abs,False,False,True,60,60,0,0,False,False,ok,-0.2707251614766102,0.005439182038710926,-0.4216893506408512,-0.12147211995968611,0,
tiered,,8,,3.0,n_k,AUC_frac_rate,True,False,False,60,60,0,0,False,False,ok,-0.5578033331955031,1.2500514070094674e-08,-0.6760520715604182,-0.42509546872575776,0,
tiered,,8,,3.0,n_k,AUC_frac_usable,False,True,False,60,60,0,0,False,False,ok,-0.5914203513045114,1.5490096344792176e-09,-0.6989666428269462,-0.46841979901236075,0,
tiered,,8,,3.0,r_val,AUC_frac_rate,True,False,False,60,60,0,0,False,False,ok,0.8657876338397629,7.059024503843594e-18,0.8363087076996899,0.8892684619790127,0,"Conjecture 2 (hence Anti-Exchange Case B, verified not proved)"
tiered,,8,,3.0,r_val,AUC_frac_usable,False,True,False,60,60,0,0,False,False,ok,0.847744210575617,3.197815329368376e-17,0.8092582875376214,0.8801756290140995,0,"Conjecture 2 (hence Anti-Exchange Case B, verified not proved)"
tiered,,8,,3.0,shd_cpdag,AUC_frac_rate,True,False,False,60,60,0,0,False,False,ok,-0.4303653040036696,3.937674613323631e-05,-0.5720949412278493,-0.2805144525068094,0,
tiered,,8,,3.0,shd_cpdag,AUC_frac_usable,False,True,False,60,60,0,0,False,False,ok,-0.4460131673393086,2.01737470144e-05,-0.5862641218603503,-0.2897669018792705,0,
tiered,,8,,3.0,shd_truth,AUC_frac_rate,True,False,False,60,60,0,0,False,False,ok,-0.06356304402120719,0.5541225055733165,-0.23674288112493228,0.1045446718915484,0,
tiered,,8,,3.0,shd_truth,AUC_frac_usable,False,True,False,60,60,0,0,False,False,ok,-0.12506623939034145,0.24415375471319145,-0.3015309362191934,0.054458170786205254,0,
tiered,,8,,3.0,undirected_fraction,AUC_frac_rate,True,False,False,60,60,0,0,False,False,ok,-0.4089683006454525,6.518594385760814e-05,-0.5750748087460998,-0.22885889271090792,0,
tiered,,8,,3.0,undirected_fraction,AUC_frac_usable,False,True,False,60,60,0,0,False,False,ok,-0.4574886276850493,7.842218907531813e-06,-0.6131199675310162,-0.28446076918553465,0,
tiered,,8,,4.0,n_k,AUC_abs,False,False,True,60,60,0,0,False,False,ok,-0.4866719087773694,7.292807257623605e-07,-0.6429279651124248,-0.31030035114964294,0,
tiered,,8,,4.0,n_k,AUC_frac_rate,True,False,False,60,60,0,0,False,False,ok,-0.5758513265349987,7.277181345308011e-09,-0.7106381151106659,-0.42161413298996475,0,
tiered,,8,,4.0,n_k,AUC_frac_usable,False,True,False,60,60,0,0,False,False,ok,-0.5983197217468673,2.3303152914411043e-09,-0.7342616076163471,-0.4483970138972664,0,
tiered,,8,,4.0,r_val,AUC_frac_rate,True,False,False,60,60,0,0,False,False,ok,0.8579015058514454,2.5884907204187236e-16,0.8121542891238167,0.8984969354170937,0,"Conjecture 2 (hence Anti-Exchange Case B, verified not proved)"
tiered,,8,,4.0,r_val,AUC_frac_usable,False,True,False,60,60,0,0,False,False,ok,0.8375904084382129,1.9041256392478306e-15,0.7834932103790466,0.8856421045628962,0,"Conjecture 2 (hence Anti-Exchange Case B, verified not proved)"
tiered,,8,,4.0,shd_cpdag,AUC_frac_rate,True,False,False,60,60,0,0,False,False,ok,-0.47365322478544275,7.236195512671276e-06,-0.6179327140230849,-0.3143052703318379,0,
tiered,,8,,4.0,shd_cpdag,AUC_frac_usable,False,True,False,60,60,0,0,False,False,ok,-0.4949772019285038,3.170962890408545e-06,-0.6435558082375343,-0.3286639956639493,0,
tiered,,8,,4.0,shd_truth,AUC_frac_rate,True,False,False,60,60,0,0,False,False,ok,-0.20950598218359634,0.059099338899522104,-0.3828293864269429,-0.03154529159668359,0,
tiered,,8,,4.0,shd_truth,AUC_frac_usable,False,True,False,60,60,0,0,False,False,ok,-0.20887749446100626,0.0614812096486406,-0.39229599768109286,-0.017152905568669333,0,
tiered,,8,,4.0,undirected_fraction,AUC_frac_rate,True,False,False,60,60,0,0,False,False,ok,-0.4959269626888199,1.8043491396814552e-06,-0.6430342482791427,-0.3361821044122919,0,
tiered,,8,,4.0,undirected_fraction,AUC_frac_usable,False,True,False,60,60,0,0,False,False,ok,-0.501193707613199,1.6275010419990052e-06,-0.6534308978234716,-0.3365074315204507,0,
tiered,,10,,2.0,n_k,AUC_abs,False,False,True,42,42,0,0,False,False,ok,0.2614834600494867,0.03197172415551227,0.006780087540303465,0.48305062288911105,0,
tiered,,10,,2.0,n_k,AUC_frac_rate,True,False,False,42,42,0,0,False,False,ok,-0.5225989347055526,1.8902221181230198e-05,-0.6469804792925944,-0.3670234574960656,0,
tiered,,10,,2.0,n_k,AUC_frac_usable,False,True,False,42,42,0,0,False,False,ok,-0.6893654855850104,1.564119116449444e-08,-0.7774090803328221,-0.5767779240018905,0,
tiered,,10,,2.0,r_val,AUC_frac_rate,True,False,False,42,42,0,0,False,False,ok,0.7983318320274739,4.083604429944306e-11,0.7336027225884324,0.8498033501222233,0,"Conjecture 2 (hence Anti-Exchange Case B, verified not proved)"
tiered,,10,,2.0,r_val,AUC_frac_usable,False,True,False,42,42,0,0,False,False,ok,0.7596910218668635,3.07896778620575e-10,0.6669474008796116,0.8262079023051885,0,"Conjecture 2 (hence Anti-Exchange Case B, verified not proved)"
tiered,,10,,2.0,shd_cpdag,AUC_frac_rate,True,False,False,42,42,0,0,False,False,ok,-0.3665816583605628,0.003898298015381475,-0.5214891697376659,-0.17041213947664394,52,
tiered,,10,,2.0,shd_cpdag,AUC_frac_usable,False,True,False,42,42,0,0,False,False,ok,-0.43445558671298456,0.0006081605888868278,-0.5906354811595718,-0.2214136747229268,52,
tiered,,10,,2.0,shd_truth,AUC_frac_rate,True,False,False,42,42,0,0,False,False,ok,-0.384584494208499,0.0022917548400796448,-0.5548698549514435,-0.19279552718234175,0,
tiered,,10,,2.0,shd_truth,AUC_frac_usable,False,True,False,42,42,0,0,False,False,ok,-0.3296007423145824,0.008815821303373172,-0.5267026689007416,-0.11148109478152925,0,
tiered,,10,,2.0,undirected_fraction,AUC_frac_rate,True,False,False,42,42,0,0,False,False,ok,-0.5676579891807113,4.2115815591581616e-06,-0.7158000128941276,-0.38792747281471,0,
tiered,,10,,2.0,undirected_fraction,AUC_frac_usable,False,True,False,42,42,0,0,False,False,ok,-0.5541242118587285,6.780356320986827e-06,-0.6936241668193638,-0.3770676862233376,0,
tiered,,10,,3.0,n_k,AUC_abs,False,False,True,60,60,0,0,False,False,ok,-0.20748880364761593,0.032175168276507383,-0.37019011444178157,-0.036334054082651786,0,
tiered,,10,,3.0,n_k,AUC_frac_rate,True,False,False,60,60,0,0,False,False,ok,-0.58469175304057,2.580502344314932e-09,-0.7159897132332212,-0.43810394496677596,0,
tiered,,10,,3.0,n_k,AUC_frac_usable,False,True,False,60,60,0,0,False,False,ok,-0.6387753796896503,7.558009795274224e-11,-0.7574710164954283,-0.5068729363582304,0,
tiered,,10,,3.0,r_val,AUC_frac_rate,True,False,False,60,60,0,0,False,False,ok,0.843582959770766,1.6563548654087384e-16,0.7724203094360534,0.902259735352681,0,"Conjecture 2 (hence Anti-Exchange Case B, verified not proved)"
tiered,,10,,3.0,r_val,AUC_frac_usable,False,True,False,60,60,0,0,False,False,ok,0.8558230420574968,5.922476051745762e-17,0.7990555170608232,0.9028567493817089,0,"Conjecture 2 (hence Anti-Exchange Case B, verified not proved)"
tiered,,10,,3.0,shd_cpdag,AUC_frac_rate,True,False,False,60,60,0,0,False,False,ok,-0.36498277793508543,0.0005666802873231541,-0.5101261095322241,-0.20514096515624966,0,
tiered,,10,,3.0,shd_cpdag,AUC_frac_usable,False,True,False,60,60,0,0,False,False,ok,-0.3807688701720534,0.0003216113405770853,-0.5222534048344912,-0.21907291375407423,0,
tiered,,10,,3.0,shd_truth,AUC_frac_rate,True,False,False,60,60,0,0,False,False,ok,-0.382248703281488,0.0003924150909309437,-0.5417283873614022,-0.21142585438570605,0,
tiered,,10,,3.0,shd_truth,AUC_frac_usable,False,True,False,60,60,0,0,False,False,ok,-0.3948104345028793,0.00024954592569841554,-0.5615431798384649,-0.21786077293393213,0,
tiered,,10,,3.0,undirected_fraction,AUC_frac_rate,True,False,False,60,60,0,0,False,False,ok,-0.5597595284597991,5.636182708165065e-08,-0.6853829528554394,-0.4240683028799972,0,
tiered,,10,,3.0,undirected_fraction,AUC_frac_usable,False,True,False,60,60,0,0,False,False,ok,-0.5823375836577774,1.5982534508293776e-08,-0.7115545113472777,-0.4417614030535382,0,
tiered,,10,,4.0,n_k,AUC_abs,False,False,True,60,60,0,0,False,False,ok,-0.5020627731507802,3.9414686648342667e-07,-0.6063945704907008,-0.3852310246249831,0,
tiered,,10,,4.0,n_k,AUC_frac_rate,True,False,False,60,60,0,0,False,False,ok,-0.5754437913175302,1.667170147991883e-08,-0.6800719148612777,-0.468074930550475,0,
tiered,,10,,4.0,n_k,AUC_frac_usable,False,True,False,60,60,0,0,False,False,ok,-0.5734773790974035,2.3716359332502903e-08,-0.6756588753990659,-0.462522404127438,0,
tiered,,10,,4.0,r_val,AUC_frac_rate,True,False,False,60,60,0,0,False,False,ok,0.7903718467733487,4.032659112877898e-13,0.7446726604139315,0.8364242679695334,0,"Conjecture 2 (hence Anti-Exchange Case B, verified not proved)"
tiered,,10,,4.0,r_val,AUC_frac_usable,False,True,False,60,60,0,0,False,False,ok,0.7764185376991513,1.5139678042735321e-12,0.7289521067565179,0.820539006729039,0,"Conjecture 2 (hence Anti-Exchange Case B, verified not proved)"
tiered,,10,,4.0,shd_cpdag,AUC_frac_rate,True,False,False,60,60,0,0,False,False,ok,-0.5034264899147536,3.849612482350492e-06,-0.6483966408974099,-0.3414562485255654,0,
tiered,,10,,4.0,shd_cpdag,AUC_frac_usable,False,True,False,60,60,0,0,False,False,ok,-0.4923058051106591,7.339931318228322e-06,-0.6487944163406841,-0.31850991720088045,0,
tiered,,10,,4.0,shd_truth,AUC_frac_rate,True,False,False,60,60,0,0,False,False,ok,-0.29351439445200356,0.010437492654617566,-0.5017040228742431,-0.08625522845099436,0,
tiered,,10,,4.0,shd_truth,AUC_frac_usable,False,True,False,60,60,0,0,False,False,ok,-0.3105972552847955,0.007151228836243615,-0.5267397610845705,-0.08400249153479569,0,
tiered,,10,,4.0,undirected_fraction,AUC_frac_rate,True,False,False,60,60,0,0,False,False,ok,-0.5704203758274072,8.691192159481746e-08,-0.6888577613344343,-0.44618350917790456,0,
tiered,,10,,4.0,undirected_fraction,AUC_frac_usable,False,True,False,60,60,0,0,False,False,ok,-0.5884243348094917,4.253934843892888e-08,-0.7142632118484268,-0.45059909149807664,0,
tiered,,12,,2.0,n_k,AUC_abs,False,False,True,40,40,0,0,False,False,ok,0.4223944764195321,0.0008988303401181648,0.19715377610651483,0.6168179596418305,0,
tiered,,12,,2.0,n_k,AUC_frac_rate,True,False,False,40,40,0,0,False,False,ok,-0.5103412999211902,6.284060899798988e-05,-0.6641525010058249,-0.3369890382779807,0,
tiered,,12,,2.0,n_k,AUC_frac_usable,False,True,False,40,40,0,0,False,False,ok,-0.7355556254151707,8.50987814805322e-09,-0.8149928489724224,-0.6251625491452504,0,
tiered,,12,,2.0,r_val,AUC_frac_rate,True,False,False,40,40,0,0,False,False,ok,0.76887415558329,1.769960651843969e-09,0.6946741943480426,0.8320676122662044,0,"Conjecture 2 (hence Anti-Exchange Case B, verified not proved)"
tiered,,12,,2.0,r_val,AUC_frac_usable,False,True,False,40,40,0,0,False,False,ok,0.7226643414638728,1.6397003529157704e-08,0.5932201592814962,0.8167183209762835,0,"Conjecture 2 (hence Anti-Exchange Case B, verified not proved)"
tiered,,12,,2.0,shd_cpdag,AUC_frac_rate,True,False,False,40,40,0,0,False,False,ok,-0.3810347986013103,0.004311976826705364,-0.5454453127739174,-0.1912513080736578,16,
tiered,,12,,2.0,shd_cpdag,AUC_frac_usable,False,True,False,40,40,0,0,False,False,ok,-0.5101443274928474,0.00013619944253739994,-0.6625386888748452,-0.3104619732081056,16,
tiered,,12,,2.0,shd_truth,AUC_frac_rate,True,False,False,40,40,0,0,False,False,ok,-0.4409690098766913,0.000728119861763944,-0.611281970430977,-0.2510282188236115,0,
tiered,,12,,2.0,shd_truth,AUC_frac_usable,False,True,False,40,40,0,0,False,False,ok,-0.34764500169649076,0.007834448543202156,-0.5663316851525767,-0.11234577878219441,0,
tiered,,12,,2.0,undirected_fraction,AUC_frac_rate,True,False,False,40,40,0,0,False,False,ok,-0.5265525862578545,4.0650245889917455e-05,-0.6716577456440034,-0.35072611559956607,0,
tiered,,12,,2.0,undirected_fraction,AUC_frac_usable,False,True,False,40,40,0,0,False,False,ok,-0.4872581559337502,0.00015004641965172288,-0.6743767750225343,-0.2631672660198282,0,
tiered,,12,,3.0,n_k,AUC_abs,False,False,True,58,58,0,0,False,False,ok,0.14109636114304608,0.15447257058676983,-0.027978070193821876,0.3269352952643027,0,
tiered,,12,,3.0,n_k,AUC_frac_rate,True,False,False,58,58,0,0,False,False,ok,-0.6717561246230622,3.9698737762325966e-11,-0.7762337459777272,-0.5572757390525276,0,
tiered,,12,,3.0,n_k,AUC_frac_usable,False,True,False,58,58,0,0,False,False,ok,-0.6744174995490025,4.4555937072389244e-11,-0.7649553127157368,-0.5759280651617784,0,
tiered,,12,,3.0,r_val,AUC_frac_rate,True,False,False,58,58,0,0,False,False,ok,0.8399160939096031,1.7270766299968093e-15,0.7902413090722012,0.8870953107417756,0,"Conjecture 2 (hence Anti-Exchange Case B, verified not proved)"
tiered,,12,,3.0,r_val,AUC_frac_usable,False,True,False,58,58,0,0,False,False,ok,0.8270313603106387,6.9146916043110105e-15,0.7686563268055798,0.8790610886535666,0,"Conjecture 2 (hence Anti-Exchange Case B, verified not proved)"
tiered,,12,,3.0,shd_cpdag,AUC_frac_rate,True,False,False,58,58,0,0,False,False,ok,-0.5334126429701326,7.813143250920668e-07,-0.6802000437334171,-0.37453268458659356,0,
tiered,,12,,3.0,shd_cpdag,AUC_frac_usable,False,True,False,58,58,0,0,False,False,ok,-0.5044822196129959,3.4615663087324677e-06,-0.6558466355231681,-0.3423345247171885,0,
tiered,,12,,3.0,shd_truth,AUC_frac_rate,True,False,False,58,58,0,0,False,False,ok,-0.3468118223078846,0.0019068333995995346,-0.5349560243822149,-0.15226038258269653,0,
tiered,,12,,3.0,shd_truth,AUC_frac_usable,False,True,False,58,58,0,0,False,False,ok,-0.36910793569665956,0.0010301759551877752,-0.5573457412772619,-0.17556291331746637,0,
tiered,,12,,3.0,undirected_fraction,AUC_frac_rate,True,False,False,58,58,0,0,False,False,ok,-0.5791030626289719,3.632908998793554e-08,-0.7219525713514631,-0.4223084146118662,0,
tiered,,12,,3.0,undirected_fraction,AUC_frac_usable,False,True,False,58,58,0,0,False,False,ok,-0.5623794067124608,1.0741321955930956e-07,-0.7010348264044383,-0.408685141720653,0,
tiered,,12,,4.0,n_k,AUC_abs,False,False,True,60,60,0,0,False,False,ok,-0.139445923329136,0.15848439439948947,-0.3232349522438297,0.05492689163601936,0,
tiered,,12,,4.0,n_k,AUC_frac_rate,True,False,False,60,60,0,0,False,False,ok,-0.5509128777197713,1.2365227427591684e-07,-0.6506239833520151,-0.44020607154322167,0,
tiered,,12,,4.0,n_k,AUC_frac_usable,False,True,False,60,60,0,0,False,False,ok,-0.5556343744850093,1.0862786527428637e-07,-0.6464511850037614,-0.45575591253045694,0,
tiered,,12,,4.0,r_val,AUC_frac_rate,True,False,False,60,60,0,0,False,False,ok,0.737952231895286,1.6112125673685868e-11,0.6825628810729824,0.7832880529216424,0,"Conjecture 2 (hence Anti-Exchange Case B, verified not proved)"
tiered,,12,,4.0,r_val,AUC_frac_usable,False,True,False,60,60,0,0,False,False,ok,0.7276332557562016,3.68623376227626e-11,0.6723538338527542,0.7709496027616657,0,"Conjecture 2 (hence Anti-Exchange Case B, verified not proved)"
tiered,,12,,4.0,shd_cpdag,AUC_frac_rate,True,False,False,60,60,0,0,False,False,ok,-0.46924481763588577,2.132931540497794e-05,-0.6241653502398131,-0.2934153318360401,0,
tiered,,12,,4.0,shd_cpdag,AUC_frac_usable,False,True,False,60,60,0,0,False,False,ok,-0.4455494633859217,5.835397738372975e-05,-0.5965338114215255,-0.2709408672823549,0,
tiered,,12,,4.0,shd_truth,AUC_frac_rate,True,False,False,60,60,0,0,False,False,ok,-0.1636623056555936,0.16002297635106,-0.39700177070472326,0.06870619753446988,0,
tiered,,12,,4.0,shd_truth,AUC_frac_usable,False,True,False,60,60,0,0,False,False,ok,-0.19288225361536712,0.09913970529296129,-0.4222573590634999,0.04288517730771608,0,
tiered,,12,,4.0,undirected_fraction,AUC_frac_rate,True,False,False,60,60,0,0,False,False,ok,-0.4880113389596756,6.870836181085134e-06,-0.6208380141244049,-0.3458521427629278,0,
tiered,,12,,4.0,undirected_fraction,AUC_frac_usable,False,True,False,60,60,0,0,False,False,ok,-0.47529506904714247,1.2853622769342091e-05,-0.6094159154702505,-0.3263433198668685,0,
