instance_id,base_instance_id,arm,gate,component_size,separation,coverage,base_wrongness,seed,x,y,n_k,shd_truth,shd_cpdag,undirected_fraction,z_size,z_star,s0_ok,r_val,r_status,r_method,r_oracle,r_exact,r_assumes,r_witness,r_search_seconds,r_ladder_seconds,r_total_seconds,wall_until_timeout_s,r_stat_elements_visited,r_stat_closures,r_stat_validity_checks,r_stat_extensions_enumerated,AUC_frac_n200,AUC_frac_n1000,AUC_frac_usable_n1000,n_depths_evaluated_n200,n_depths_evaluated_n1000,n_usable_depths_n200,n_usable_depths_n1000,se_auc_frac_n200,se_auc_frac_n1000
c06_s01_cov050_seed00000000_bw025,c06_s01_cov050_seed00000000,flip,fast_gate,6,1,0.5,0.25,0,X,Y,4,5,6,0.7,2,"C00,W",True,1,ok,local_up_fast,mpdag_criterion,True,"Conjecture 2 (hence Anti-Exchange Case B, verified not proved)",C00->C02 C00->C04 C00->Y C03->C00 C03->X W->Y X->C02 X->Y C00-X C03-C05,0.00027550000000076125,0.0,0.00027550000000076125,,1,6,3,0,0.36577319587628865,0.3676913927582973,0.3676913927582973,4,4,3,3,0.019649442194550427,0.00887248492329753
c06_s01_cov050_seed00000001_bw025,c06_s01_cov050_seed00000001,flip,fast_gate,6,1,0.5,0.25,1,X,Y,3,3,5,0.6666666666666666,2,"C00,W",True,2,ok,local_up_fast,mpdag_criterion,True,"Conjecture 2 (hence Anti-Exchange Case B, verified not proved)",C00->C03 C00->Y C03->C04 C04->C05 W->Y X->Y C00-C02 C00-X C03-X,0.0004177080000005162,0.0,0.0004177080000005162,,2,9,3,0,0.6669172932330827,0.6504518072289156,0.6504518072289156,3,3,3,3,0.012923664018057082,0.005821102536832617
c06_s01_cov050_seed00000002_bw025,c06_s01_cov050_seed00000002,flip,fast_gate,6,1,0.5,0.25,2,X,Y,3,3,5,0.6666666666666666,1,W,True,1,ok,local_up_fast,mpdag_criterion,True,"Conjecture 2 (hence Anti-Exchange Case B, verified not proved)",C00->C02 C00->C03 C00->C05 C00->Y W->Y X->C02 X->Y C00-X C04-X,0.0002210420000068325,0.0,0.0002210420000068325,,1,5,2,0,0.0,0.0,0.0,3,3,2,2,0.0,0.0
c06_s01_cov050_seed00000003_bw025,c06_s01_cov050_seed00000003,flip,fast_gate,6,1,0.5,0.25,3,X,Y,4,6,5,0.7,2,"C00,W",True,1,ok,local_up_fast,mpdag_criterion,True,"Conjecture 2 (hence Anti-Exchange Case B, verified not proved)",C00->C03 C00->C04 C00->Y C02->C00 C02->X W->Y X->Y C00-X C02-C05 C03-C04,0.00027708300000028885,0.0,0.00027708300000028885,,1,5,3,0,0.7319148936170213,0.7479467186484731,0.7479467186484731,4,4,3,3,0.022279656543149368,0.009475005230168577
c06_s01_cov050_seed00000004_bw025,c06_s01_cov050_seed00000004,flip,fast_gate,6,1,0.5,0.25,4,X,Y,2,0,5,0.625,2,"C00,W",True,1,ok,local_up_fast,mpdag_criterion,True,"Conjecture 2 (hence Anti-Exchange Case B, verified not proved)",C00->C05 C00->Y C02->C03 C03->C04 W->Y X->C02 X->Y C00-X,0.0001587499999970987,0.0,0.0001587499999970987,,1,5,2,0,0.5649999999999998,0.5019999999999999,0.5019999999999999,2,2,1,1,0.035055313434627845,0.01581126180922952
c06_s01_cov050_seed00000005_bw025,c06_s01_cov050_seed00000005,flip,fast_gate,6,1,0.5,0.25,5,X,Y,3,5,3,0.6666666666666666,1,W,True,1,ok,local_up_fast,mpdag_criterion,True,"Conjecture 2 (hence Anti-Exchange Case B, verified not proved)",C00->Y C02->C03 C02->C04 W->Y X->Y C00-X C02-X C04-X C05-X,0.0002523329999917223,0.0,0.0002523329999917223,,1,3,2,0,0.35,0.338,0.338,3,3,2,2,0.016201851746019652,0.007399729724794008
c06_s01_cov050_seed00000006_bw025,c06_s01_cov050_seed00000006,flip,fast_gate,6,1,0.5,0.25,6,X,Y,2,0,5,0.625,2,"C00,W",True,1,ok,local_up_fast,mpdag_criterion,True,"Conjecture 2 (hence Anti-Exchange Case B, verified not proved)",C00->C02 C00->Y C02->C04 W->Y X->C03 X->C05 X->Y C00-X,0.00017400000000122873,0.0,0.00017400000000122873,,1,5,2,0,0.485,0.5090000000000001,0.5090000000000001,2,2,1,1,0.03533942557541081,0.0158088266484265
c06_s01_cov050_seed00000007_bw025,c06_s01_cov050_seed00000007,flip,fast_gate,6,1,0.5,0.25,7,X,Y,2,0,5,0.625,2,"C00,W",True,1,ok,local_up_fast,mpdag_criterion,True,"Conjecture 2 (hence Anti-Exchange Case B, verified not proved)",C00->Y C03->C04 W->Y X->C02 X->C03 X->C05 X->Y C00-X,0.00018008300000360578,0.0,0.00018008300000360578,,1,5,2,0,0.0,0.0,0.0,2,2,2,2,0.0,0.0
c06_s01_cov050_seed00000008_bw025,c06_s01_cov050_seed00000008,flip,fast_gate,6,1,0.5,0.25,8,X,Y,2,0,5,0.625,2,"C00,W",True,1,ok,local_up_fast,mpdag_criterion,True,"Conjecture 2 (hence Anti-Exchange Case B, verified not proved)",C00->C03 C00->Y C02->C04 C03->C05 W->Y X->C02 X->Y C00-X,0.0001610839999983682,0.0,0.0001610839999983682,,1,5,2,0,0.4800000000000001,0.492,0.492,2,2,1,1,0.03532704346531138,0.015809364313595912
c06_s01_cov050_seed00000009_bw025,c06_s01_cov050_seed00000009,flip,fast_gate,6,1,0.5,0.25,9,X,Y,3,5,5,0.6666666666666666,2,"C00,W",True,1,ok,local_up_fast,mpdag_criterion,True,"Conjecture 2 (hence Anti-Exchange Case B, verified not proved)",C00->Y C02->C00 C02->C03 C02->X C03->C05 W->Y X->Y C00-X C02-C04,0.0002517500000038808,0.0,0.0002517500000038808,,1,5,4,0,0.3275,0.334,0.334,3,3,2,2,0.016806806656828058,0.0074460727904043485
c06_s01_cov050_seed00000010_bw025,c06_s01_cov050_seed00000010,flip,fast_gate,6,1,0.5,0.25,10,X,Y,4,5,6,0.7,2,"C00,W",True,1,ok,local_up_fast,mpdag_criterion,True,"Conjecture 2 (hence Anti-Exchange Case B, verified not proved)",C00->C05 C00->Y C02->C00 C02->C03 C02->X W->Y X->C05 X->Y C00-X C02-C04,0.00029558399999984886,0.0,0.00029558399999984886,,1,6,4,0,0.2860799394779977,0.29838935574229697,0.29838935574229697,4,4,3,3,0.017637372575002818,0.008278815581861483
c06_s01_cov050_seed00000011_bw025,c06_s01_cov050_seed00000011,flip,fast_gate,6,1,0.5,0.25,11,X,Y,3,3,5,0.6666666666666666,1,W,True,1,ok,local_up_fast,mpdag_criterion,True,"Conjecture 2 (hence Anti-Exchange Case B, verified not proved)",C00->C02 C00->C03 C00->C04 C00->C05 C00->Y W->Y X->Y C00-X C02-C04,0.00021841599999561367,0.0,0.00021841599999561367,,1,5,2,0,0.0,0.0,0.0,3,3,2,2,0.0,0.0
c06_s01_cov050_seed00000012_bw025,c06_s01_cov050_seed00000012,flip,fast_gate,6,1,0.5,0.25,12,X,Y,4,5,6,0.7,2,"C00,W",True,2,ok,local_up_fast,mpdag_criterion,True,"Conjecture 2 (hence Anti-Exchange Case B, verified not proved)",C00->C03 C00->C04 C00->Y C05->C04 W->Y X->C02 X->Y C00-C05 C00-X C03-X,0.0005658330000102296,0.0,0.0005658330000102296,,2,11,5,0,0.4855670103092784,0.49880239520958075,0.49880239520958075,4,4,3,3,0.01479585752059297,0.006336903010468725
c06_s01_cov050_seed00000014_bw025,c06_s01_cov050_seed00000014,flip,fast_gate,6,1,0.5,0.25,14,X,Y,2,0,5,0.625,2,"C00,W",True,1,ok,local_up_fast,mpdag_criterion,True,"Conjecture 2 (hence Anti-Exchange Case B, verified not proved)",C00->C02 C00->Y C02->C03 C04->C05 W->Y X->C04 X->Y C00-X,0.00016574999999363627,0.0,0.00016574999999363627,,1,5,2,0,0.475,0.5120000000000001,0.5120000000000001,2,2,1,1,0.03531111722956383,0.01580683396509244
c06_s01_cov050_seed00000015_bw025,c06_s01_cov050_seed00000015,flip,fast_gate,6,1,0.5,0.25,15,X,Y,3,5,3,0.6666666666666666,1,W,True,1,ok,local_up_fast,mpdag_criterion,True,"Conjecture 2 (hence Anti-Exchange Case B, verified not proved)",C00->C04 C00->C05 C00->Y W->Y X->Y C00-X C02-C03 C02-X C04-C05,0.00023020799999073915,0.0,0.00023020799999073915,,1,3,2,0,0.0,0.0,0.0,3,3,3,3,0.0,0.0
c06_s01_cov050_seed00000016_bw025,c06_s01_cov050_seed00000016,flip,fast_gate,6,1,0.5,0.25,16,X,Y,3,2,6,0.6666666666666666,2,"C00,W",True,1,ok,local_up_fast,mpdag_criterion,True,"Conjecture 2 (hence Anti-Exchange Case B, verified not proved)",C00->Y C02->C05 C03->C02 W->Y X->C02 X->C03 X->C04 X->Y C00-X,0.00023308299999769133,0.0,0.00023308299999769133,,1,6,3,0,0.24615384615384617,0.2526475037821483,0.2526475037821483,3,3,3,3,0.021923855482905392,0.009723327746017061
c06_s01_cov050_seed00000017_bw025,c06_s01_cov050_seed00000017,flip,fast_gate,6,1,0.5,0.25,17,X,Y,4,5,6,0.7,2,"C00,W",True,1,ok,local_up_fast,mpdag_criterion,True,"Conjecture 2 (hence Anti-Exchange Case B, verified not proved)",C00->Y C02->C00 C02->C03 C02->C04 C02->X W->Y X->C05 X->Y C00-X C03-C04,0.00030291699999906996,0.0,0.00030291699999906996,,1,6,5,0,0.2935,0.29258672566371685,0.29258672566371685,4,4,3,3,0.013886039152088452,0.006261531719191614
c06_s01_cov050_seed00000018_bw025,c06_s01_cov050_seed00000018,flip,fast_gate,6,1,0.5,0.25,18,X,Y,3,3,5,0.6666666666666666,1,W,True,1,ok,local_up_fast,mpdag_criterion,True,"Conjecture 2 (hence Anti-Exchange Case B, verified not proved)",C00->C03 C00->C04 C00->Y C03->C05 W->Y X->C03 X->Y C00-X C02-X,0.00022199999999372722,0.0,0.00022199999999372722,,1,5,2,0,0.0,0.0,0.0,3,3,2,2,0.0,0.0
c06_s01_cov050_seed00000019_bw025,c06_s01_cov050_seed00000019,flip,fast_gate,6,1,0.5,0.25,19,X,Y,3,5,3,0.6666666666666666,1,W,True,1,ok,local_up_fast,mpdag_criterion,True,"Conjecture 2 (hence Anti-Exchange Case B, verified not proved)",C00->C04 C00->C05 C00->Y W->Y X->Y C00-X C02-C03 C02-X C03-X,0.0002354580000059059,0.0,0.0002354580000059059,,1,3,2,0,0.0,0.0,0.0,3,3,2,2,0.0,0.0
c06_s01_cov050_seed00000020_bw025,c06_s01_cov050_seed00000020,flip,fast_gate,6,1,0.5,0.25,20,X,Y,4,4,5,0.7,1,W,True,1,ok,local_up_fast,mpdag_criterion,True,"Conjecture 2 (hence Anti-Exchange Case B, verified not proved)",C00->C03 C00->C04 C00->Y C02->C05 W->Y X->C03 X->Y C00-X C02-X C05-X,0.0002793339999982436,0.0,0.0002793339999982436,,1,5,2,0,0.10600000000000001,0.10300261096605742,0.10300261096605742,4,4,3,3,0.01170868623430201,0.005146831698494422
c06_s03_cov050_seed00000004_bw025,c06_s03_cov050_seed00000004,flip,fast_gate,6,3,0.5,0.25,4,X,Y,2,1,4,0.625,2,"C00,W",True,2,ok,local_up_fast,mpdag_criterion,True,"Conjecture 2 (hence Anti-Exchange Case B, verified not proved)",C00->Y C02->C04 C04->C05 W->Y X->Y C00-C01 C01-C02 C02-X,0.00030816700000002584,0.0,0.00030816700000002584,,2,7,3,0,0.7,0.7,0.7,2,2,2,2,0.0,0.0
c06_s03_cov050_seed00000005_bw025,c06_s03_cov050_seed00000005,flip,fast_gate,6,3,0.5,0.25,5,X,Y,2,1,4,0.625,2,"C00,W",True,2,ok,local_up_fast,mpdag_criterion,True,"Conjecture 2 (hence Anti-Exchange Case B, verified not proved)",C00->Y C02->C04 C04->C05 W->Y X->Y C00-C01 C01-C02 C02-X,0.00026087499999505326,0.0,0.00026087499999505326,,2,7,3,0,0.7,0.7,0.7,2,2,2,2,0.0,0.0
c06_s03_cov050_seed00000006_bw025,c06_s03_cov050_seed00000006,flip,fast_gate,6,3,0.5,0.25,6,X,Y,2,2,3,0.625,2,"C00,W",True,2,ok,local_up_fast,mpdag_criterion,True,"Conjecture 2 (hence Anti-Exchange Case B, verified not proved)",C00->Y C02->C05 W->Y X->Y C00-C01 C01-C02 C01-C04 C02-X,0.00031141700000603123,0.0,0.00031141700000603123,,2,5,3,0,0.7,0.7,0.7,2,2,2,2,0.0,0.0
c06_s03_cov050_seed00000007_bw025,c06_s03_cov050_seed00000007,flip,fast_gate,6,3,0.5,0.25,7,X,Y,2,1,4,0.625,2,"C00,W",True,2,ok,local_up_fast,mpdag_criterion,True,"Conjecture 2 (hence Anti-Exchange Case B, verified not proved)",C00->Y W->Y X->C04 X->C05 X->Y C00-C01 C01-C02 C02-X,0.0003304579999934276,0.0,0.0003304579999934276,,2,7,3,0,0.7,0.7,0.7,2,2,2,2,0.0,0.0
c06_s03_cov050_seed00000008_bw025,c06_s03_cov050_seed00000008,flip,fast_gate,6,3,0.5,0.25,8,X,Y,2,2,3,0.625,2,"C00,W",True,2,ok,local_up_fast,mpdag_criterion,True,"Conjecture 2 (hence Anti-Exchange Case B, verified not proved)",C00->Y C02->C04 W->Y X->Y C00-C01 C01-C02 C01-C05 C02-X,0.00033691699999849334,0.0,0.00033691699999849334,,2,5,3,0,0.7,0.7,0.7,2,2,2,2,0.0,0.0
c06_s03_cov050_seed00000011_bw025,c06_s03_cov050_seed00000011,flip,fast_gate,6,3,0.5,0.25,11,X,Y,2,3,2,0.625,2,"C00,W",True,2,ok,local_up_fast,mpdag_criterion,True,"Conjecture 2 (hence Anti-Exchange Case B, verified not proved)",C00->Y W->Y X->Y C00-C01 C00-C04 C00-C05 C01-C02 C02-X,0.0002973750000023756,0.0,0.0002973750000023756,,2,3,3,0,0.7,0.7,0.7,2,2,2,2,0.0,0.0
c06_s03_cov050_seed00000013_bw025,c06_s03_cov050_seed00000013,flip,fast_gate,6,3,0.5,0.25,13,X,Y,2,1,4,0.625,2,"C00,W",True,2,ok,local_up_fast,mpdag_criterion,True,"Conjecture 2 (hence Anti-Exchange Case B, verified not proved)",C00->Y C04->C05 W->Y X->C04 X->Y C00-C01 C01-C02 C02-X,0.00032712499999831834,0.0,0.00032712499999831834,,2,7,3,0,0.7,0.7,0.7,2,2,2,2,0.0,0.0
c06_s03_cov050_seed00000014_bw025,c06_s03_cov050_seed00000014,flip,fast_gate,6,3,0.5,0.25,14,X,Y,2,3,2,0.625,2,"C00,W",True,2,ok,local_up_fast,mpdag_criterion,True,"Conjecture 2 (hence Anti-Exchange Case B, verified not proved)",C00->Y W->Y X->Y C00-C01 C00-C04 C01-C02 C02-X C04-C05,0.0002775410000026568,0.0,0.0002775410000026568,,2,3,3,0,0.7,0.7,0.7,2,2,2,2,0.0,0.0
c06_s03_cov050_seed00000015_bw025,c06_s03_cov050_seed00000015,flip,fast_gate,6,3,0.5,0.25,15,X,Y,2,1,4,0.625,2,"C00,W",True,2,ok,local_up_fast,mpdag_criterion,True,"Conjecture 2 (hence Anti-Exchange Case B, verified not proved)",C00->Y W->Y X->C04 X->C05 X->Y C00-C01 C01-C02 C02-X,0.0002764999999982365,0.0,0.0002764999999982365,,2,7,3,0,0.7,0.7,0.7,2,2,2,2,0.0,0.0
c06_s03_cov050_seed00000021_bw025,c06_s03_cov050_seed00000021,flip,fast_gate,6,3,0.5,0.25,21,X,Y,2,2,3,0.625,2,"C00,W",True,2,ok,local_up_fast,mpdag_criterion,True,"Conjecture 2 (hence Anti-Exchange Case B, verified not proved)",C00->Y W->Y X->C05 X->Y C00-C01 C01-C02 C01-C04 C02-X,0.00032133400000589063,0.0,0.00032133400000589063,,2,5,3,0,0.7,0.7,0.7,2,2,2,2,0.0,0.0
c06_s03_cov050_seed00000022_bw025,c06_s03_cov050_seed00000022,flip,fast_gate,6,3,0.5,0.25,22,X,Y,4,3,6,0.7,2,"C00,W",True,2,ok,local_up_fast,mpdag_criterion,True,"Conjecture 2 (hence Anti-Exchange Case B, verified not proved)",C00->C05 C00->Y C01->C00 C01->C05 C02->C04 W->Y X->Y C01-C02 C02-X C04-X,0.0005574580000029528,0.0,0.0005574580000029528,,2,11,5,0,0.496875,0.4959919839679358,0.4959919839679358,4,4,3,3,0.014542586303895537,0.006391492562440932
c06_s03_cov050_seed00000024_bw025,c06_s03_cov050_seed00000024,flip,fast_gate,6,3,0.5,0.25,24,X,Y,2,3,2,0.625,2,"C00,W",True,2,ok,local_up_fast,mpdag_criterion,True,"Conjecture 2 (hence Anti-Exchange Case B, verified not proved)",C00->Y W->Y X->Y C00-C01 C01-C02 C01-C04 C01-C05 C02-X,0.000310417000008556,0.0,0.000310417000008556,,2,3,3,0,0.7,0.7,0.7,2,2,2,2,0.0,0.0
c06_s03_cov050_seed00000025_bw025,c06_s03_cov050_seed00000025,flip,fast_gate,6,3,0.5,0.25,25,X,Y,3,5,3,0.6666666666666666,2,"C00,W",True,2,ok,local_up_fast,mpdag_criterion,True,"Conjecture 2 (hence Anti-Exchange Case B, verified not proved)",C00->Y C01->C00 W->Y X->Y C01-C02 C01-C04 C01-C05 C02-C04 C02-X,0.00037775000001261105,0.0,0.00037775000001261105,,2,5,4,0,0.5,0.5,0.5,3,3,2,2,0.0,0.0
c06_s03_cov050_seed00000028_bw025,c06_s03_cov050_seed00000028,flip,fast_gate,6,3,0.5,0.25,28,X,Y,2,1,4,0.625,2,"C00,W",True,2,ok,local_up_fast,mpdag_criterion,True,"Conjecture 2 (hence Anti-Exchange Case B, verified not proved)",C00->Y C02->C04 C04->C05 W->Y X->Y C00-C01 C01-C02 C02-X,0.00027816699999050343,0.0,0.00027816699999050343,,2,7,3,0,0.7,0.7,0.7,2,2,2,2,0.0,0.0
c06_s03_cov050_seed00000029_bw025,c06_s03_cov050_seed00000029,flip,fast_gate,6,3,0.5,0.25,29,X,Y,2,2,3,0.625,2,"C00,W",True,2,ok,local_up_fast,mpdag_criterion,True,"Conjecture 2 (hence Anti-Exchange Case B, verified not proved)",C00->Y W->Y X->C04 X->Y C00-C01 C00-C05 C01-C02 C02-X,0.0003178330000110918,0.0,0.0003178330000110918,,2,5,3,0,0.7,0.7,0.7,2,2,2,2,0.0,0.0
c06_s03_cov050_seed00000031_bw025,c06_s03_cov050_seed00000031,flip,fast_gate,6,3,0.5,0.25,31,X,Y,3,3,5,0.6666666666666666,2,"C00,W",True,2,ok,local_up_fast,mpdag_criterion,True,"Conjecture 2 (hence Anti-Exchange Case B, verified not proved)",C00->Y C01->C00 C02->C04 C02->C05 W->Y X->Y C01-C02 C02-X C04-X,0.00043183299999327573,0.0,0.00043183299999327573,,2,9,4,0,0.5,0.5,0.5,3,3,2,2,0.0,0.0
c06_s03_cov050_seed00000032_bw025,c06_s03_cov050_seed00000032,flip,fast_gate,6,3,0.5,0.25,32,X,Y,2,2,3,0.625,2,"C00,W",True,2,ok,local_up_fast,mpdag_criterion,True,"Conjecture 2 (hence Anti-Exchange Case B, verified not proved)",C00->Y W->Y X->C04 X->Y C00-C01 C00-C05 C01-C02 C02-X,0.00025841599999409937,0.0,0.00025841599999409937,,2,5,3,0,0.7,0.7,0.7,2,2,2,2,0.0,0.0
c06_s03_cov050_seed00000033_bw025,c06_s03_cov050_seed00000033,flip,fast_gate,6,3,0.5,0.25,33,X,Y,2,1,4,0.625,2,"C00,W",True,2,ok,local_up_fast,mpdag_criterion,True,"Conjecture 2 (hence Anti-Exchange Case B, verified not proved)",C00->Y C02->C05 W->Y X->C04 X->Y C00-C01 C01-C02 C02-X,0.00032229100000336075,0.0,0.00032229100000336075,,2,7,3,0,0.7,0.7,0.7,2,2,2,2,0.0,0.0
c06_s03_cov050_seed00000035_bw025,c06_s03_cov050_seed00000035,flip,fast_gate,6,3,0.5,0.25,35,X,Y,2,3,2,0.625,2,"C00,W",True,2,ok,local_up_fast,mpdag_criterion,True,"Conjecture 2 (hence Anti-Exchange Case B, verified not proved)",C00->Y W->Y X->Y C00-C01 C00-C04 C01-C02 C01-C05 C02-X,0.00028787500001214994,0.0,0.00028787500001214994,,2,3,3,0,0.7,0.7,0.7,2,2,2,2,0.0,0.0
c06_s03_cov050_seed00000036_bw025,c06_s03_cov050_seed00000036,flip,fast_gate,6,3,0.5,0.25,36,X,Y,2,3,2,0.625,2,"C00,W",True,2,ok,local_up_fast,mpdag_criterion,True,"Conjecture 2 (hence Anti-Exchange Case B, verified not proved)",C00->Y W->Y X->Y C00-C01 C00-C05 C01-C02 C01-C04 C02-X,0.0002790839999988748,0.0,0.0002790839999988748,,2,3,3,0,0.7,0.7,0.7,2,2,2,2,0.0,0.0
c06_s05_cov050_seed00000000_bw025,c06_s05_cov050_seed00000000,flip,fast_gate,6,5,0.5,0.25,0,X,Y,2,3,2,0.625,2,"C00,W",True,2,ok,local_up_fast,mpdag_criterion,True,"Conjecture 2 (hence Anti-Exchange Case B, verified not proved)",C00->Y W->Y X->Y C00-C01 C01-C02 C02-C03 C03-C04 C04-X,0.0002788749999922402,0.0,0.0002788749999922402,,2,3,3,0,0.7,0.7,0.7,2,2,2,2,0.0,0.0
c06_s05_cov050_seed00000001_bw025,c06_s05_cov050_seed00000001,flip,fast_gate,6,5,0.5,0.25,1,X,Y,2,3,2,0.625,2,"C00,W",True,2,ok,local_up_fast,mpdag_criterion,True,"Conjecture 2 (hence Anti-Exchange Case B, verified not proved)",C00->Y W->Y X->Y C00-C01 C01-C02 C02-C03 C03-C04 C04-X,0.00021679200000335186,0.0,0.00021679200000335186,,2,3,3,0,0.7,0.7,0.7,2,2,2,2,0.0,0.0
c06_s05_cov050_seed00000002_bw025,c06_s05_cov050_seed00000002,flip,fast_gate,6,5,0.5,0.25,2,X,Y,2,3,2,0.625,2,"C00,W",True,2,ok,local_up_fast,mpdag_criterion,True,"Conjecture 2 (hence Anti-Exchange Case B, verified not proved)",C00->Y W->Y X->Y C00-C01 C01-C02 C02-C03 C03-C04 C04-X,0.00021470800000145118,0.0,0.00021470800000145118,,2,3,3,0,0.7,0.7,0.7,2,2,2,2,0.0,0.0
c06_s05_cov050_seed00000003_bw025,c06_s05_cov050_seed00000003,flip,fast_gate,6,5,0.5,0.25,3,X,Y,2,3,2,0.625,2,"C00,W",True,2,ok,local_up_fast,mpdag_criterion,True,"Conjecture 2 (hence Anti-Exchange Case B, verified not proved)",C00->Y W->Y X->Y C00-C01 C01-C02 C02-C03 C03-C04 C04-X,0.00021800000000382624,0.0,0.00021800000000382624,,2,3,3,0,0.7,0.7,0.7,2,2,2,2,0.0,0.0
c06_s05_cov050_seed00000004_bw025,c06_s05_cov050_seed00000004,flip,fast_gate,6,5,0.5,0.25,4,X,Y,2,3,2,0.625,2,"C00,W",True,2,ok,local_up_fast,mpdag_criterion,True,"Conjecture 2 (hence Anti-Exchange Case B, verified not proved)",C00->Y W->Y X->Y C00-C01 C01-C02 C02-C03 C03-C04 C04-X,0.00022154200000557012,0.0,0.00022154200000557012,,2,3,3,0,0.7,0.7,0.7,2,2,2,2,0.0,0.0
c06_s05_cov050_seed00000005_bw025,c06_s05_cov050_seed00000005,flip,fast_gate,6,5,0.5,0.25,5,X,Y,2,3,2,0.625,2,"C00,W",True,2,ok,local_up_fast,mpdag_criterion,True,"Conjecture 2 (hence Anti-Exchange Case B, verified not proved)",C00->Y W->Y X->Y C00-C01 C01-C02 C02-C03 C03-C04 C04-X,0.00021825000000319505,0.0,0.00021825000000319505,,2,3,3,0,0.7,0.7,0.7,2,2,2,2,0.0,0.0
c06_s05_cov050_seed00000006_bw025,c06_s05_cov050_seed00000006,flip,fast_gate,6,5,0.5,0.25,6,X,Y,2,3,2,0.625,2,"C00,W",True,2,ok,local_up_fast,mpdag_criterion,True,"Conjecture 2 (hence Anti-Exchange Case B, verified not proved)",C00->Y W->Y X->Y C00-C01 C01-C02 C02-C03 C03-C04 C04-X,0.00021629100000097878,0.0,0.00021629100000097878,,2,3,3,0,0.7,0.7,0.7,2,2,2,2,0.0,0.0
c06_s05_cov050_seed00000007_bw025,c06_s05_cov050_seed00000007,flip,fast_gate,6,5,0.5,0.25,7,X,Y,2,3,2,0.625,2,"C00,W",True,2,ok,local_up_fast,mpdag_criterion,True,"Conjecture 2 (hence Anti-Exchange Case B, verified not proved)",C00->Y W->Y X->Y C00-C01 C01-C02 C02-C03 C03-C04 C04-X,0.00021570799999892643,0.0,0.00021570799999892643,,2,3,3,0,0.7,0.7,0.7,2,2,2,2,0.0,0.0
c06_s05_cov050_seed00000008_bw025,c06_s05_cov050_seed00000008,flip,fast_gate,6,5,0.5,0.25,8,X,Y,2,3,2,0.625,2,"C00,W",True,2,ok,local_up_fast,mpdag_criterion,True,"Conjecture 2 (hence Anti-Exchange Case B, verified not proved)",C00->Y W->Y X->Y C00-C01 C01-C02 C02-C03 C03-C04 C04-X,0.00022045800000114468,0.0,0.00022045800000114468,,2,3,3,0,0.7,0.7,0.7,2,2,2,2,0.0,0.0
c06_s05_cov050_seed00000009_bw025,c06_s05_cov050_seed00000009,flip,fast_gate,6,5,0.5,0.25,9,X,Y,2,3,2,0.625,2,"C00,W",True,2,ok,local_up_fast,mpdag_criterion,True,"Conjecture 2 (hence Anti-Exchange Case B, verified not proved)",C00->Y W->Y X->Y C00-C01 C01-C02 C02-C03 C03-C04 C04-X,0.00021658400000035272,0.0,0.00021658400000035272,,2,3,3,0,0.7,0.7,0.7,2,2,2,2,0.0,0.0
c06_s05_cov050_seed00000010_bw025,c06_s05_cov050_seed00000010,flip,fast_gate,6,5,0.5,0.25,10,X,Y,2,3,2,0.625,2,"C00,W",True,2,ok,local_up_fast,mpdag_criterion,True,"Conjecture 2 (hence Anti-Exchange Case B, verified not proved)",C00->Y W->Y X->Y C00-C01 C01-C02 C02-C03 C03-C04 C04-X,0.00021204099999749815,0.0,0.00021204099999749815,,2,3,3,0,0.7,0.7,0.7,2,2,2,2,0.0,0.0
c06_s05_cov050_seed00000011_bw025,c06_s05_cov050_seed00000011,flip,fast_gate,6,5,0.5,0.25,11,X,Y,2,3,2,0.625,2,"C00,W",True,2,ok,local_up_fast,mpdag_criterion,True,"Conjecture 2 (hence Anti-Exchange Case B, verified not proved)",C00->Y W->Y X->Y C00-C01 C01-C02 C02-C03 C03-C04 C04-X,0.0002122920000005024,0.0,0.0002122920000005024,,2,3,3,0,0.7,0.7,0.7,2,2,2,2,0.0,0.0
c06_s05_cov050_seed00000012_bw025,c06_s05_cov050_seed00000012,flip,fast_gate,6,5,0.5,0.25,12,X,Y,2,3,2,0.625,2,"C00,W",True,2,ok,local_up_fast,mpdag_criterion,True,"Conjecture 2 (hence Anti-Exchange Case B, verified not proved)",C00->Y W->Y X->Y C00-C01 C01-C02 C02-C03 C03-C04 C04-X,0.00023116699999548018,0.0,0.00023116699999548018,,2,3,3,0,0.7,0.7,0.7,2,2,2,2,0.0,0.0
c06_s05_cov050_seed00000013_bw025,c06_s05_cov050_seed00000013,flip,fast_gate,6,5,0.5,0.25,13,X,Y,2,3,2,0.625,2,"C00,W",True,2,ok,local_up_fast,mpdag_criterion,True,"Conjecture 2 (hence Anti-Exchange Case B, verified not proved)",C00->Y W->Y X->Y C00-C01 C01-C02 C02-C03 C03-C04 C04-X,0.0002122920000005024,0.0,0.0002122920000005024,,2,3,3,0,0.7,0.7,0.7,2,2,2,2,0.0,0.0
c06_s05_cov050_seed00000014_bw025,c06_s05_cov050_seed00000014,flip,fast_gate,6,5,0.5,0.25,14,X,Y,2,3,2,0.625,2,"C00,W",True,2,ok,local_up_fast,mpdag_criterion,True,"Conjecture 2 (hence Anti-Exchange Case B, verified not proved)",C00->Y W->Y X->Y C00-C01 C01-C02 C02-C03 C03-C04 C04-X,0.00021550000001013814,0.0,0.00021550000001013814,,2,3,3,0,0.7,0.7,0.7,2,2,2,2,0.0,0.0
c06_s05_cov050_seed00000015_bw025,c06_s05_cov050_seed00000015,flip,fast_gate,6,5,0.5,0.25,15,X,Y,2,3,2,0.625,2,"C00,W",True,2,ok,local_up_fast,mpdag_criterion,True,"Conjecture 2 (hence Anti-Exchange Case B, verified not proved)",C00->Y W->Y X->Y C00-C01 C01-C02 C02-C03 C03-C04 C04-X,0.00021933299998977418,0.0,0.00021933299998977418,,2,3,3,0,0.7,0.7,0.7,2,2,2,2,0.0,0.0
c06_s05_cov050_seed00000016_bw025,c06_s05_cov050_seed00000016,flip,fast_gate,6,5,0.5,0.25,16,X,Y,2,3,2,0.625,2,"C00,W",True,2,ok,local_up_fast,mpdag_criterion,True,"Conjecture 2 (hence Anti-Exchange Case B, verified not proved)",C00->Y W->Y X->Y C00-C01 C01-C02 C02-C03 C03-C04 C04-X,0.00020954199999323464,0.0,0.00020954199999323464,,2,3,3,0,0.7,0.7,0.7,2,2,2,2,0.0,0.0
c06_s05_cov050_seed00000017_bw025,c06_s05_cov050_seed00000017,flip,fast_gate,6,5,0.5,0.25,17,X,Y,2,3,2,0.625,2,"C00,W",True,2,ok,local_up_fast,mpdag_criterion,True,"Conjecture 2 (hence Anti-Exchange Case B, verified not proved)",C00->Y W->Y X->Y C00-C01 C01-C02 C02-C03 C03-C04 C04-X,0.0002163330000115593,0.0,0.0002163330000115593,,2,3,3,0,0.7,0.7,0.7,2,2,2,2,0.0,0.0
c06_s05_cov050_seed00000018_bw025,c06_s05_cov050_seed00000018,flip,fast_gate,6,5,0.5,0.25,18,X,Y,2,3,2,0.625,2,"C00,W",True,2,ok,local_up_fast,mpdag_criterion,True,"Conjecture 2 (hence Anti-Exchange Case B, verified not proved)",C00->Y W->Y X->Y C00-C01 C01-C02 C02-C03 C03-C04 C04-X,0.0002144169999951373,0.0,0.0002144169999951373,,2,3,3,0,0.7,0.7,0.7,2,2,2,2,0.0,0.0
c06_s05_cov050_seed00000019_bw025,c06_s05_cov050_seed00000019,flip,fast_gate,6,5,0.5,0.25,19,X,Y,2,3,2,0.625,2,"C00,W",True,2,ok,local_up_fast,mpdag_criterion,True,"Conjecture 2 (hence Anti-Exchange Case B, verified not proved)",C00->Y W->Y X->Y C00-C01 C01-C02 C02-C03 C03-C04 C04-X,0.0002095830000001797,0.0,0.0002095830000001797,,2,3,3,0,0.7,0.7,0.7,2,2,2,2,0.0,0.0
c08_s01_cov050_seed00000000_bw025,c08_s01_cov050_seed00000000,flip,fast_gate,8,1,0.5,0.25,0,X,Y,4,5,6,0.75,2,"C00,W",True,2,ok,local_up_fast,mpdag_criterion,True,"Conjecture 2 (hence Anti-Exchange Case B, verified not proved)",C00->C02 C00->C03 C00->Y C03->C05 C05->C06 W->Y X->Y C00-C04 C00-X C02-X C03-X C04-C07,0.0008223330000021178,0.0,0.0008223330000021178,,2,11,3,0,0.5056179775280899,0.4922755741127349,0.4922755741127349,4,4,3,3,0.014766588681880126,0.0065758423948064125
c08_s01_cov050_seed00000001_bw025,c08_s01_cov050_seed00000001,flip,fast_gate,8,1,0.5,0.25,1,X,Y,4,3,7,0.7272727272727273,2,"C00,W",True,2,ok,local_up_fast,mpdag_criterion,True,"Conjecture 2 (hence Anti-Exchange Case B, verified not proved)",C00->C03 C00->Y C03->C04 C04->C05 C05->C07 W->Y X->C06 X->Y C00-C02 C00-X C03-X,0.0006253750000126956,0.0,0.0006253750000126956,,2,13,3,0,0.5971962616822429,0.5639809400043319,0.5639809400043319,4,4,4,4,0.02026930671179039,0.009265958282871465
c08_s01_cov050_seed00000002_bw025,c08_s01_cov050_seed00000002,flip,fast_gate,8,1,0.5,0.25,2,X,Y,5,5,9,0.7692307692307693,2,"C00,W",True,1,ok,local_up_fast,mpdag_criterion,True,"Conjecture 2 (hence Anti-Exchange Case B, verified not proved)",C00->C03 C00->C05 C00->C06 C00->C07 C00->Y C02->C00 C02->X W->Y X->C04 X->C07 X->Y C00-X C05-C06,0.0004283330000021124,0.0,0.0004283330000021124,,1,9,3,0,0.8239724957024535,0.8006319275479858,0.8006319275479858,5,5,2,3,0.019182096968009,0.0084976109062228
c08_s01_cov050_seed00000004_bw025,c08_s01_cov050_seed00000004,flip,fast_gate,8,1,0.5,0.25,4,X,Y,4,4,6,0.7272727272727273,1,W,True,1,ok,local_up_fast,mpdag_criterion,True,"Conjecture 2 (hence Anti-Exchange Case B, verified not proved)",C00->C05 C00->Y C02->C03 C03->C04 C03->C06 C04->C07 W->Y X->Y C00-X C02-X C04-C06,0.00031312500000524324,0.0,0.00031312500000524324,,1,6,2,0,0.5369007803790413,0.48259227388494563,0.48259227388494563,4,4,2,2,0.044509615753181714,0.01994195326654582
c08_s01_cov050_seed00000005_bw025,c08_s01_cov050_seed00000005,flip,fast_gate,8,1,0.5,0.25,5,X,Y,4,3,8,0.75,2,"C00,W",True,2,ok,local_up_fast,mpdag_criterion,True,"Conjecture 2 (hence Anti-Exchange Case B, verified not proved)",C00->Y C02->C03 C02->C04 W->Y X->C02 X->C04 X->C05 X->C06 X->Y C00-C07 C00-X C02-C06,0.0007313330000044971,0.0,0.0007313330000044971,,2,15,5,0,0.4378378378378379,0.4563636363636364,0.4563636363636364,4,4,3,3,0.017379734164118355,0.008249794144765328
c08_s01_cov050_seed00000006_bw025,c08_s01_cov050_seed00000006,flip,fast_gate,8,1,0.5,0.25,6,X,Y,4,2,7,0.7,2,"C00,W",True,2,ok,local_up_fast,mpdag_criterion,True,"Conjecture 2 (hence Anti-Exchange Case B, verified not proved)",C00->Y C02->C04 C02->C06 C04->C07 W->Y X->C03 X->C05 X->Y C00-C02 C00-X,0.000990709000006973,0.0,0.000990709000006973,,4,25,9,0,0.3,0.3,0.3,4,4,1,2,0.0,0.0
c08_s01_cov050_seed00000007_bw025,c08_s01_cov050_seed00000007,flip,fast_gate,8,1,0.5,0.25,7,X,Y,4,5,4,0.7,1,W,True,1,ok,local_up_fast,mpdag_criterion,True,"Conjecture 2 (hence Anti-Exchange Case B, verified not proved)",C00->C07 C00->Y C03->C04 C05->C06 W->Y X->Y C00-X C02-X C03-X C05-X,0.00031783299999688097,0.0,0.00031783299999688097,,1,4,2,0,0.19411764705882356,0.20625,0.20625,4,4,1,2,0.01159040430757386,0.005070767480938629
c08_s01_cov050_seed00000009_bw025,c08_s01_cov050_seed00000009,flip,fast_gate,8,1,0.5,0.25,9,X,Y,4,3,8,0.75,1,W,True,1,ok,local_up_fast,mpdag_criterion,True,"Conjecture 2 (hence Anti-Exchange Case B, verified not proved)",C00->C02 C00->Y C02->C03 C02->C04 C03->C05 C05->C06 C05->C07 W->Y X->C02 X->Y C00-X C06-C07,0.0003491659999923513,0.0,0.0003491659999923513,,1,8,2,0,0.0,0.0,0.0,4,4,3,3,0.0,0.0
c08_s01_cov050_seed00000010_bw025,c08_s01_cov050_seed00000010,flip,fast_gate,8,1,0.5,0.25,10,X,Y,4,4,7,0.75,2,"C00,W",True,2,ok,local_up_fast,mpdag_criterion,True,"Conjecture 2 (hence Anti-Exchange Case B, verified not proved)",C00->C02 C00->C05 C00->Y C02->C03 C02->C04 C04->C06 W->Y X->Y C00-C07 C00-X C02-X C05-X,0.0007951249999962329,0.0,0.0007951249999962329,,2,13,3,0,0.5228571428571429,0.4986,0.4986,4,4,3,3,0.012795771896437354,0.006346343829324094
c08_s01_cov050_seed00000011_bw025,c08_s01_cov050_seed00000011,flip,fast_gate,8,1,0.5,0.25,11,X,Y,4,3,8,0.75,2,"C00,W",True,2,ok,local_up_fast,mpdag_criterion,True,"Conjecture 2 (hence Anti-Exchange Case B, verified not proved)",C00->C03 C00->C04 C00->C05 C00->C06 C00->C07 C00->Y C02->C04 W->Y X->Y C00-C02 C00-X C03-C06,0.0006300409999937528,0.0,0.0006300409999937528,,2,15,5,0,0.8045045045045043,0.7648221343873517,0.7648221343873517,4,4,2,2,0.02980845126062263,0.014698274848000948
c08_s01_cov050_seed00000012_bw025,c08_s01_cov050_seed00000012,flip,fast_gate,8,1,0.5,0.25,12,X,Y,5,5,9,0.7692307692307693,2,"C00,W",True,2,ok,local_up_fast,mpdag_criterion,True,"Conjecture 2 (hence Anti-Exchange Case B, verified not proved)",C00->C03 C00->C04 C00->C06 C00->Y C04->C06 C05->C04 C06->C07 W->Y X->C02 X->Y C00-C05 C00-X C03-X,0.0009397919999969417,0.0,0.0009397919999969417,,2,17,5,0,0.6802445302445304,0.7147078700006146,0.7147078700006146,5,5,3,3,0.03962636213637416,0.017937777059844208
c08_s01_cov050_seed00000013_bw025,c08_s01_cov050_seed00000013,flip,fast_gate,8,1,0.5,0.25,13,X,Y,4,5,6,0.75,1,W,True,1,ok,local_up_fast,mpdag_criterion,True,"Conjecture 2 (hence Anti-Exchange Case B, verified not proved)",C00->Y C02->C03 C02->C04 C03->C04 C03->C06 C04->C06 W->Y X->Y C00-X C02-X C05-C07 C05-X,0.00041766600000414655,0.0,0.00041766600000414655,,1,6,2,0,0.8037885662431942,0.8039334598184034,0.8039334598184034,4,4,3,3,0.018978546690348413,0.008271735456331373
c08_s01_cov050_seed00000014_bw025,c08_s01_cov050_seed00000014,flip,fast_gate,8,1,0.5,0.25,14,X,Y,4,2,7,0.7,2,"C00,W",True,2,ok,local_up_fast,mpdag_criterion,True,"Conjecture 2 (hence Anti-Exchange Case B, verified not proved)",C00->C02 C00->Y C02->C03 C04->C05 C05->C07 W->Y X->C04 X->Y C00-C06 C00-X,0.0004604169999993246,0.0,0.0004604169999993246,,2,13,3,0,0.8235294117647058,0.8334328358208956,0.8334328358208956,4,4,3,3,0.01790469374809032,0.008145235595039244
c08_s01_cov050_seed00000015_bw025,c08_s01_cov050_seed00000015,flip,fast_gate,8,1,0.5,0.25,15,X,Y,4,4,6,0.7272727272727273,1,W,True,1,ok,local_up_fast,mpdag_criterion,True,"Conjecture 2 (hence Anti-Exchange Case B, verified not proved)",C00->C04 C00->C05 C00->Y C02->C03 C04->C06 C04->C07 W->Y X->Y C00-X C02-X C04-C05,0.0003457920000045078,0.0,0.0003457920000045078,,1,6,2,0,0.15,0.1517509727626459,0.1517509727626459,4,4,3,3,0.015152288168283163,0.006615765584513293
c08_s01_cov050_seed00000016_bw025,c08_s01_cov050_seed00000016,flip,fast_gate,8,1,0.5,0.25,16,X,Y,4,5,5,0.7272727272727273,1,W,True,1,ok,local_up_fast,mpdag_criterion,True,"Conjecture 2 (hence Anti-Exchange Case B, verified not proved)",C00->C06 C00->Y C02->C03 C02->C05 C06->C07 W->Y X->Y C00-X C02-X C03-X C04-X,0.0003670419999934893,0.0,0.0003670419999934893,,1,5,2,0,0.20463576158940397,0.19986702127659575,0.19986702127659575,4,4,3,3,0.011368287934712446,0.005158818130797823
c08_s01_cov050_seed00000017_bw025,c08_s01_cov050_seed00000017,flip,fast_gate,8,1,0.5,0.25,17,X,Y,4,6,7,0.75,2,"C00,W",True,1,ok,local_up_fast,mpdag_criterion,True,"Conjecture 2 (hence Anti-Exchange Case B, verified not proved)",C00->Y C02->C00 C02->C03 C02->C04 C02->X C05->C06 W->Y X->C05 X->Y C00-X C02-C07 C03-C04,0.00042208300000368126,0.0,0.00042208300000368126,,1,7,5,0,0.3006176470588235,0.3025631500742942,0.3025631500742942,4,4,3,3,0.014824059787224574,0.006520031742787385
c08_s01_cov050_seed00000018_bw025,c08_s01_cov050_seed00000018,flip,fast_gate,8,1,0.5,0.25,18,X,Y,4,4,7,0.75,1,W,True,1,ok,local_up_fast,mpdag_criterion,True,"Conjecture 2 (hence Anti-Exchange Case B, verified not proved)",C00->C03 C00->C04 C00->Y C03->C05 C03->C06 C03->C07 W->Y X->C03 X->Y C00-X C02-X C05-C07,0.0003534580000064125,0.0,0.0003534580000064125,,1,7,2,0,0.0,0.0,0.0,4,4,3,3,0.0,0.0
c08_s01_cov050_seed00000019_bw025,c08_s01_cov050_seed00000019,flip,fast_gate,8,1,0.5,0.25,19,X,Y,4,3,7,0.7272727272727273,2,"C00,W",True,2,ok,local_up_fast,mpdag_criterion,True,"Conjecture 2 (hence Anti-Exchange Case B, verified not proved)",C00->C05 C00->Y C02->C03 C05->C07 W->Y X->C02 X->C03 X->Y C00-C04 C00-X C04-C06,0.0006078330000036658,0.0,0.0006078330000036658,,2,13,5,0,0.694882790165809,0.6961507936507936,0.6961507936507936,4,4,3,3,0.024319749937773052,0.010828381430400963
c08_s01_cov050_seed00000020_bw025,c08_s01_cov050_seed00000020,flip,fast_gate,8,1,0.5,0.25,20,X,Y,4,4,7,0.75,2,"C00,W",True,2,ok,local_up_fast,mpdag_criterion,True,"Conjecture 2 (hence Anti-Exchange Case B, verified not proved)",C00->C03 C00->C04 C00->C07 C00->Y W->Y X->C02 X->C05 X->Y C00-C06 C00-X C02-C05 C03-X,0.0007142500000014707,0.0,0.0007142500000014707,,2,13,3,0,0.49223300970873785,0.5056179775280899,0.5056179775280899,4,4,3,3,0.01418202502792311,0.00602843458536059
c08_s01_cov050_seed00000021_bw025,c08_s01_cov050_seed00000021,flip,fast_gate,8,1,0.5,0.25,21,X,Y,4,4,8,0.7272727272727273,2,"C00,W",True,1,ok,local_up_fast,mpdag_criterion,True,"Conjecture 2 (hence Anti-Exchange Case B, verified not proved)",C00->C02 C00->C05 C00->Y C02->C03 C04->C07 C06->C00 C06->X W->Y X->C04 X->Y C00-X,0.0003191670000006752,0.0,0.0003191670000006752,,1,8,3,0,0.6133663366336635,0.6198264571054356,0.6198264571054356,4,4,2,2,0.0369994940554137,0.016239286636109174
c08_s04_cov050_seed00000007_bw025,c08_s04_cov050_seed00000007,flip,fast_gate,8,4,0.5,0.25,7,X,Y,4,2,7,0.7,2,"C00,W",True,3,ok,local_up_fast,mpdag_criterion,True,"Conjecture 2 (hence Anti-Exchange Case B, verified not proved)",C00->Y C01->C00 C03->C06 C05->C07 W->Y X->C05 X->Y C01-C02 C02-C03 C03-X,0.0009004579999896123,0.0,0.0009004579999896123,,4,24,6,0,0.6,0.6,0.6,4,4,3,3,0.0,0.0
c08_s04_cov050_seed00000011_bw025,c08_s04_cov050_seed00000011,flip,fast_gate,8,4,0.5,0.25,11,X,Y,4,3,7,0.7272727272727273,2,"C00,W",True,3,ok,local_up_fast,mpdag_criterion,True,"Conjecture 2 (hence Anti-Exchange Case B, verified not proved)",C00->C05 C00->C06 C00->Y C01->C00 C03->C07 W->Y X->Y C01-C02 C02-C03 C03-X C07-X,0.0013679999999993697,0.0,0.0013679999999993697,,4,24,8,0,0.6,0.6,0.6,4,4,3,3,0.0,0.0
c08_s04_cov050_seed00000016_bw025,c08_s04_cov050_seed00000016,flip,fast_gate,8,4,0.5,0.25,16,X,Y,4,3,7,0.7272727272727273,2,"C00,W",True,3,ok,local_up_fast,mpdag_criterion,True,"Conjecture 2 (hence Anti-Exchange Case B, verified not proved)",C00->Y C01->C00 C02->C05 C02->C07 C03->C06 W->Y X->Y C01-C02 C02-C03 C03-X C06-X,0.0021469999999936817,0.0,0.0021469999999936817,,6,34,13,0,0.6,0.6,0.6,4,4,3,3,0.0,0.0
c08_s04_cov050_seed00000022_bw025,c08_s04_cov050_seed00000022,flip,fast_gate,8,4,0.5,0.25,22,X,Y,4,3,7,0.7272727272727273,2,"C00,W",True,3,ok,local_up_fast,mpdag_criterion,True,"Conjecture 2 (hence Anti-Exchange Case B, verified not proved)",C00->C07 C00->Y C01->C00 C02->C05 C05->C06 W->Y X->Y C01-C02 C02-C03 C03-C05 C03-X,0.0014078330000018013,0.0,0.0014078330000018013,,5,29,11,0,0.6,0.6,0.6,4,4,3,3,0.0,0.0
c08_s04_cov050_seed00000024_bw025,c08_s04_cov050_seed00000024,flip,fast_gate,8,4,0.5,0.25,24,X,Y,4,4,5,0.7,2,"C00,W",True,3,ok,local_up_fast,mpdag_criterion,True,"Conjecture 2 (hence Anti-Exchange Case B, verified not proved)",C00->C07 C00->Y C01->C00 W->Y X->Y C01-C02 C01-C05 C01-C06 C02-C03 C03-X,0.0009812910000022157,0.0,0.0009812910000022157,,4,16,7,0,0.6,0.6,0.6,4,4,3,3,0.0,0.0
c08_s04_cov050_seed00000025_bw025,c08_s04_cov050_seed00000025,flip,fast_gate,8,4,0.5,0.25,25,X,Y,4,7,4,0.75,2,"C00,W",True,3,ok,local_up_fast,mpdag_criterion,True,"Conjecture 2 (hence Anti-Exchange Case B, verified not proved)",C00->Y C01->C00 W->Y X->Y C01-C02 C01-C05 C01-C06 C01-C07 C02-C03 C02-C05 C03-X C05-C07,0.0011639169999995147,0.0,0.0011639169999995147,,4,12,6,0,0.6,0.6,0.6,4,4,3,3,0.0,0.0
c08_s04_cov050_seed00000028_bw025,c08_s04_cov050_seed00000028,flip,fast_gate,8,4,0.5,0.25,28,X,Y,4,3,7,0.7272727272727273,2,"C00,W",True,3,ok,local_up_fast,mpdag_criterion,True,"Conjecture 2 (hence Anti-Exchange Case B, verified not proved)",C00->Y C01->C00 C03->C05 C03->C07 C05->C06 W->Y X->Y C01-C02 C02-C03 C03-X C05-C07,0.0011046249999964175,0.0,0.0011046249999964175,,4,24,6,0,0.6,0.6,0.6,4,4,2,3,0.0,0.0
c08_s04_cov050_seed00000030_bw025,c08_s04_cov050_seed00000030,flip,fast_gate,8,4,0.5,0.25,30,X,Y,4,4,6,0.7272727272727273,2,"C00,W",True,3,ok,local_up_fast,mpdag_criterion,True,"Conjecture 2 (hence Anti-Exchange Case B, verified not proved)",C00->C05 C00->Y C01->C00 W->Y X->C07 X->Y C01-C02 C01-C06 C02-C03 C02-C06 C03-X,0.0011096669999943742,0.0,0.0011096669999943742,,4,20,7,0,0.6,0.6,0.6,4,4,2,3,0.0,0.0
c08_s04_cov050_seed00000033_bw025,c08_s04_cov050_seed00000033,flip,fast_gate,8,4,0.5,0.25,33,X,Y,4,2,7,0.7,2,"C00,W",True,3,ok,local_up_fast,mpdag_criterion,True,"Conjecture 2 (hence Anti-Exchange Case B, verified not proved)",C00->Y C01->C00 C02->C06 C02->C07 W->Y X->C05 X->Y C01-C02 C02-C03 C03-X,0.0014309999999966294,0.0,0.0014309999999966294,,6,34,13,0,0.6,0.6,0.6,4,4,2,3,0.0,0.0
c08_s04_cov050_seed00000044_bw025,c08_s04_cov050_seed00000044,flip,fast_gate,8,4,0.5,0.25,44,X,Y,4,4,7,0.75,2,"C00,W",True,3,ok,local_up_fast,mpdag_criterion,True,"Conjecture 2 (hence Anti-Exchange Case B, verified not proved)",C00->Y C01->C00 C02->C05 C02->C07 C03->C06 W->Y X->Y C01-C02 C02-C03 C03-C05 C03-X C05-C07,0.0020330830000006017,0.0,0.0020330830000006017,,6,34,13,0,0.6,0.6,0.6,4,4,3,3,0.0,0.0
c08_s04_cov050_seed00000045_bw025,c08_s04_cov050_seed00000045,flip,fast_gate,8,4,0.5,0.25,45,X,Y,4,2,7,0.7,2,"C00,W",True,3,ok,local_up_fast,mpdag_criterion,True,"Conjecture 2 (hence Anti-Exchange Case B, verified not proved)",C00->Y C01->C00 C03->C06 W->Y X->C05 X->C07 X->Y C01-C02 C02-C03 C03-X,0.0009107080000063661,0.0,0.0009107080000063661,,4,24,6,0,0.6,0.6,0.6,4,4,3,3,0.0,0.0
c08_s04_cov050_seed00000046_bw025,c08_s04_cov050_seed00000046,flip,fast_gate,8,4,0.5,0.25,46,X,Y,4,4,6,0.7272727272727273,2,"C00,W",True,3,ok,local_up_fast,mpdag_criterion,True,"Conjecture 2 (hence Anti-Exchange Case B, verified not proved)",C00->Y C01->C00 C02->C05 C03->C06 W->Y X->Y C01-C02 C01-C07 C02-C03 C03-C05 C03-X,0.001371790999996847,0.0,0.001371790999996847,,5,24,9,0,0.6,0.6,0.6,4,4,3,3,0.0,0.0
c08_s04_cov050_seed00000047_bw025,c08_s04_cov050_seed00000047,flip,fast_gate,8,4,0.5,0.25,47,X,Y,4,2,7,0.7,2,"C00,W",True,3,ok,local_up_fast,mpdag_criterion,True,"Conjecture 2 (hence Anti-Exchange Case B, verified not proved)",C00->C05 C00->C07 C00->Y C01->C00 W->Y X->C06 X->Y C01-C02 C02-C03 C03-X,0.0009660000000053515,0.0,0.0009660000000053515,,4,24,8,0,0.6,0.6,0.6,4,4,2,3,0.0,0.0
c08_s04_cov050_seed00000050_bw025,c08_s04_cov050_seed00000050,flip,fast_gate,8,4,0.5,0.25,50,X,Y,4,4,6,0.7272727272727273,2,"C00,W",True,3,ok,local_up_fast,mpdag_criterion,True,"Conjecture 2 (hence Anti-Exchange Case B, verified not proved)",C00->Y C01->C00 C03->C05 W->Y X->C06 X->Y C01-C02 C01-C07 C02-C03 C02-C07 C03-X,0.0011002500000074633,0.0,0.0011002500000074633,,4,20,6,0,0.6,0.6,0.6,4,4,3,3,0.0,0.0
c08_s04_cov050_seed00000051_bw025,c08_s04_cov050_seed00000051,flip,fast_gate,8,4,0.5,0.25,51,X,Y,4,5,5,0.7272727272727273,2,"C00,W",True,3,ok,local_up_fast,mpdag_criterion,True,"Conjecture 2 (hence Anti-Exchange Case B, verified not proved)",C00->Y C01->C00 C02->C07 W->Y X->Y C01-C02 C01-C05 C01-C06 C02-C03 C03-X C05-C06,0.0012685419999911574,0.0,0.0012685419999911574,,5,19,9,0,0.6,0.6,0.6,4,4,2,3,0.0,0.0
c08_s04_cov050_seed00000052_bw025,c08_s04_cov050_seed00000052,flip,fast_gate,8,4,0.5,0.25,52,X,Y,4,2,7,0.7,2,"C00,W",True,3,ok,local_up_fast,mpdag_criterion,True,"Conjecture 2 (hence Anti-Exchange Case B, verified not proved)",C00->Y C01->C00 C03->C06 C05->C07 W->Y X->C05 X->Y C01-C02 C02-C03 C03-X,0.0008237920000055965,0.0,0.0008237920000055965,,4,24,6,0,0.6,0.6,0.6,4,4,3,3,0.0,0.0
c08_s04_cov050_seed00000055_bw025,c08_s04_cov050_seed00000055,flip,fast_gate,8,4,0.5,0.25,55,X,Y,4,4,6,0.7272727272727273,2,"C00,W",True,3,ok,local_up_fast,mpdag_criterion,True,"Conjecture 2 (hence Anti-Exchange Case B, verified not proved)",C00->Y C01->C00 W->Y X->C05 X->C06 X->Y C01-C02 C01-C07 C02-C03 C03-X C05-C06,0.0011930830000039805,0.0,0.0011930830000039805,,4,20,6,0,0.6,0.6,0.6,4,4,2,3,0.0,0.0
c08_s04_cov050_seed00000061_bw025,c08_s04_cov050_seed00000061,flip,fast_gate,8,4,0.5,0.25,61,X,Y,4,2,7,0.7,2,"C00,W",True,3,ok,local_up_fast,mpdag_criterion,True,"Conjecture 2 (hence Anti-Exchange Case B, verified not proved)",C00->Y C01->C00 C02->C05 C02->C06 C05->C07 W->Y X->Y C01-C02 C02-C03 C03-X,0.0014372499999950605,0.0,0.0014372499999950605,,6,34,14,0,0.6,0.6,0.6,4,4,3,3,0.0,0.0
c08_s04_cov050_seed00000064_bw025,c08_s04_cov050_seed00000064,flip,fast_gate,8,4,0.5,0.25,64,X,Y,4,3,7,0.7272727272727273,2,"C00,W",True,3,ok,local_up_fast,mpdag_criterion,True,"Conjecture 2 (hence Anti-Exchange Case B, verified not proved)",C00->C07 C00->Y C01->C00 C02->C05 C02->C06 W->Y X->Y C01-C02 C02-C03 C03-X C05-C06,0.001712875000009717,0.0,0.001712875000009717,,6,34,14,0,0.6,0.6,0.6,4,4,2,3,0.0,0.0
c08_s04_cov050_seed00000066_bw025,c08_s04_cov050_seed00000066,flip,fast_gate,8,4,0.5,0.25,66,X,Y,4,3,7,0.7272727272727273,2,"C00,W",True,3,ok,local_up_fast,mpdag_criterion,True,"Conjecture 2 (hence Anti-Exchange Case B, verified not proved)",C00->Y C01->C00 C05->C07 W->Y X->C05 X->C06 X->Y C01-C02 C02-C03 C03-X C05-C06,0.0011008339999989403,0.0,0.0011008339999989403,,4,24,6,0,0.6,0.6,0.6,4,4,3,3,0.0,0.0
c08_s07_cov050_seed00000009_bw025,c08_s07_cov050_seed00000009,flip,fast_gate,8,7,0.5,0.25,9,X,Y,4,8,7,0.7,2,"C00,W",True,3,ok,local_up_fast,mpdag_criterion,True,"Conjecture 2 (hence Anti-Exchange Case B, verified not proved)",C00->Y C01->C00 C02->C01 C03->C02 C04->C03 W->Y X->Y C04-C05 C05-C06 C06-X,0.000924541000017598,0.0,0.000924541000017598,,4,24,7,0,0.6,0.6,0.6,4,4,3,3,0.0,0.0
c08_s07_cov050_seed00000011_bw025,c08_s07_cov050_seed00000011,flip,fast_gate,8,7,0.5,0.25,11,X,Y,4,8,7,0.7,2,"C00,W",True,3,ok,local_up_fast,mpdag_criterion,True,"Conjecture 2 (hence Anti-Exchange Case B, verified not proved)",C00->Y C01->C00 C02->C01 C03->C02 C04->C03 W->Y X->Y C04-C05 C05-C06 C06-X,0.0007924159999959102,0.0,0.0007924159999959102,,4,24,7,0,0.6,0.6,0.6,4,4,3,3,0.0,0.0
c08_s07_cov050_seed00000015_bw025,c08_s07_cov050_seed00000015,flip,fast_gate,8,7,0.5,0.25,15,X,Y,4,8,7,0.7,2,"C00,W",True,3,ok,local_up_fast,mpdag_criterion,True,"Conjecture 2 (hence Anti-Exchange Case B, verified not proved)",C00->Y C01->C00 C02->C01 C03->C02 C04->C03 W->Y X->Y C04-C05 C05-C06 C06-X,0.0007964170000036574,0.0,0.0007964170000036574,,4,24,7,0,0.6,0.6,0.6,4,4,3,3,0.0,0.0
c08_s07_cov050_seed00000019_bw025,c08_s07_cov050_seed00000019,flip,fast_gate,8,7,0.5,0.25,19,X,Y,4,8,7,0.7,2,"C00,W",True,3,ok,local_up_fast,mpdag_criterion,True,"Conjecture 2 (hence Anti-Exchange Case B, verified not proved)",C00->Y C01->C00 C02->C01 C03->C02 C04->C03 W->Y X->Y C04-C05 C05-C06 C06-X,0.0008278749999988122,0.0,0.0008278749999988122,,4,24,7,0,0.6,0.6,0.6,4,4,3,3,0.0,0.0
c08_s07_cov050_seed00000026_bw025,c08_s07_cov050_seed00000026,flip,fast_gate,8,7,0.5,0.25,26,X,Y,4,8,7,0.7,2,"C00,W",True,3,ok,local_up_fast,mpdag_criterion,True,"Conjecture 2 (hence Anti-Exchange Case B, verified not proved)",C00->Y C01->C00 C02->C01 C03->C02 C04->C03 W->Y X->Y C04-C05 C05-C06 C06-X,0.0007887499999981173,0.0,0.0007887499999981173,,4,24,7,0,0.6,0.6,0.6,4,4,2,3,0.0,0.0
c08_s07_cov050_seed00000028_bw025,c08_s07_cov050_seed00000028,flip,fast_gate,8,7,0.5,0.25,28,X,Y,4,8,7,0.7,2,"C00,W",True,3,ok,local_up_fast,mpdag_criterion,True,"Conjecture 2 (hence Anti-Exchange Case B, verified not proved)",C00->Y C01->C00 C02->C01 C03->C02 C04->C03 W->Y X->Y C04-C05 C05-C06 C06-X,0.0008018750000076125,0.0,0.0008018750000076125,,4,24,7,0,0.6,0.6,0.6,4,4,2,3,0.0,0.0
c08_s07_cov050_seed00000029_bw025,c08_s07_cov050_seed00000029,flip,fast_gate,8,7,0.5,0.25,29,X,Y,4,8,7,0.7,2,"C00,W",True,3,ok,local_up_fast,mpdag_criterion,True,"Conjecture 2 (hence Anti-Exchange Case B, verified not proved)",C00->Y C01->C00 C02->C01 C03->C02 C04->C03 W->Y X->Y C04-C05 C05-C06 C06-X,0.0008067500000095151,0.0,0.0008067500000095151,,4,24,7,0,0.6,0.6,0.6,4,4,3,3,0.0,0.0
c08_s07_cov050_seed00000030_bw025,c08_s07_cov050_seed00000030,flip,fast_gate,8,7,0.5,0.25,30,X,Y,4,8,7,0.7,2,"C00,W",True,3,ok,local_up_fast,mpdag_criterion,True,"Conjecture 2 (hence Anti-Exchange Case B, verified not proved)",C00->Y C01->C00 C02->C01 C03->C02 C04->C03 W->Y X->Y C04-C05 C05-C06 C06-X,0.0007877920000112226,0.0,0.0007877920000112226,,4,24,7,0,0.6,0.6,0.6,4,4,2,3,0.0,0.0
c08_s07_cov050_seed00000034_bw025,c08_s07_cov050_seed00000034,flip,fast_gate,8,7,0.5,0.25,34,X,Y,4,8,7,0.7,2,"C00,W",True,3,ok,local_up_fast,mpdag_criterion,True,"Conjecture 2 (hence Anti-Exchange Case B, verified not proved)",C00->Y C01->C00 C02->C01 C03->C02 C04->C03 W->Y X->Y C04-C05 C05-C06 C06-X,0.0008241669999904389,0.0,0.0008241669999904389,,4,24,7,0,0.6,0.6,0.6,4,4,3,3,0.0,0.0
c08_s07_cov050_seed00000035_bw025,c08_s07_cov050_seed00000035,flip,fast_gate,8,7,0.5,0.25,35,X,Y,4,8,7,0.7,2,"C00,W",True,3,ok,local_up_fast,mpdag_criterion,True,"Conjecture 2 (hence Anti-Exchange Case B, verified not proved)",C00->Y C01->C00 C02->C01 C03->C02 C04->C03 W->Y X->Y C04-C05 C05-C06 C06-X,0.0007765419999827827,0.0,0.0007765419999827827,,4,24,7,0,0.6,0.6,0.6,4,4,2,3,0.0,0.0
c08_s07_cov050_seed00000036_bw025,c08_s07_cov050_seed00000036,flip,fast_gate,8,7,0.5,0.25,36,X,Y,4,8,7,0.7,2,"C00,W",True,3,ok,local_up_fast,mpdag_criterion,True,"Conjecture 2 (hence Anti-Exchange Case B, verified not proved)",C00->Y C01->C00 C02->C01 C03->C02 C04->C03 W->Y X->Y C04-C05 C05-C06 C06-X,0.0007746250000195687,0.0,0.0007746250000195687,,4,24,7,0,0.6,0.6,0.6,4,4,3,3,0.0,0.0
c08_s07_cov050_seed00000041_bw025,c08_s07_cov050_seed00000041,flip,fast_gate,8,7,0.5,0.25,41,X,Y,4,8,7,0.7,2,"C00,W",True,3,ok,local_up_fast,mpdag_criterion,True,"Conjecture 2 (hence Anti-Exchange Case B, verified not proved)",C00->Y C01->C00 C02->C01 C03->C02 C04->C03 W->Y X->Y C04-C05 C05-C06 C06-X,0.0007870419999846945,0.0,0.0007870419999846945,,4,24,7,0,0.6,0.6,0.6,4,4,3,3,0.0,0.0
c08_s07_cov050_seed00000043_bw025,c08_s07_cov050_seed00000043,flip,fast_gate,8,7,0.5,0.25,43,X,Y,4,8,7,0.7,2,"C00,W",True,3,ok,local_up_fast,mpdag_criterion,True,"Conjecture 2 (hence Anti-Exchange Case B, verified not proved)",C00->Y C01->C00 C02->C01 C03->C02 C04->C03 W->Y X->Y C04-C05 C05-C06 C06-X,0.0007749590000116768,0.0,0.0007749590000116768,,4,24,7,0,0.6,0.6,0.6,4,4,2,3,0.0,0.0
c08_s07_cov050_seed00000046_bw025,c08_s07_cov050_seed00000046,flip,fast_gate,8,7,0.5,0.25,46,X,Y,4,8,7,0.7,2,"C00,W",True,3,ok,local_up_fast,mpdag_criterion,True,"Conjecture 2 (hence Anti-Exchange Case B, verified not proved)",C00->Y C01->C00 C02->C01 C03->C02 C04->C03 W->Y X->Y C04-C05 C05-C06 C06-X,0.0007663749999835545,0.0,0.0007663749999835545,,4,24,7,0,0.6,0.6,0.6,4,4,3,3,0.0,0.0
c08_s07_cov050_seed00000050_bw025,c08_s07_cov050_seed00000050,flip,fast_gate,8,7,0.5,0.25,50,X,Y,4,8,7,0.7,2,"C00,W",True,3,ok,local_up_fast,mpdag_criterion,True,"Conjecture 2 (hence Anti-Exchange Case B, verified not proved)",C00->Y C01->C00 C02->C01 C03->C02 C04->C03 W->Y X->Y C04-C05 C05-C06 C06-X,0.0007852909999996882,0.0,0.0007852909999996882,,4,24,7,0,0.6,0.6,0.6,4,4,3,3,0.0,0.0
c08_s07_cov050_seed00000053_bw025,c08_s07_cov050_seed00000053,flip,fast_gate,8,7,0.5,0.25,53,X,Y,4,8,7,0.7,2,"C00,W",True,3,ok,local_up_fast,mpdag_criterion,True,"Conjecture 2 (hence Anti-Exchange Case B, verified not proved)",C00->Y C01->C00 C02->C01 C03->C02 C04->C03 W->Y X->Y C04-C05 C05-C06 C06-X,0.0007744999999772517,0.0,0.0007744999999772517,,4,24,7,0,0.6,0.6,0.6,4,4,2,3,0.0,0.0
c08_s07_cov050_seed00000057_bw025,c08_s07_cov050_seed00000057,flip,fast_gate,8,7,0.5,0.25,57,X,Y,4,8,7,0.7,2,"C00,W",True,3,ok,local_up_fast,mpdag_criterion,True,"Conjecture 2 (hence Anti-Exchange Case B, verified not proved)",C00->Y C01->C00 C02->C01 C03->C02 C04->C03 W->Y X->Y C04-C05 C05-C06 C06-X,0.0008254999999905976,0.0,0.0008254999999905976,,4,24,7,0,0.6,0.6,0.6,4,4,3,3,0.0,0.0
c08_s07_cov050_seed00000059_bw025,c08_s07_cov050_seed00000059,flip,fast_gate,8,7,0.5,0.25,59,X,Y,4,8,7,0.7,2,"C00,W",True,3,ok,local_up_fast,mpdag_criterion,True,"Conjecture 2 (hence Anti-Exchange Case B, verified not proved)",C00->Y C01->C00 C02->C01 C03->C02 C04->C03 W->Y X->Y C04-C05 C05-C06 C06-X,0.0008129579999831549,0.0,0.0008129579999831549,,4,24,7,0,0.6,0.6,0.6,4,4,2,3,0.0,0.0
c08_s07_cov050_seed00000061_bw025,c08_s07_cov050_seed00000061,flip,fast_gate,8,7,0.5,0.25,61,X,Y,4,8,7,0.7,2,"C00,W",True,3,ok,local_up_fast,mpdag_criterion,True,"Conjecture 2 (hence Anti-Exchange Case B, verified not proved)",C00->Y C01->C00 C02->C01 C03->C02 C04->C03 W->Y X->Y C04-C05 C05-C06 C06-X,0.0007979579999926045,0.0,0.0007979579999926045,,4,24,7,0,0.6,0.6,0.6,4,4,3,3,0.0,0.0
c08_s07_cov050_seed00000063_bw025,c08_s07_cov050_seed00000063,flip,fast_gate,8,7,0.5,0.25,63,X,Y,4,8,7,0.7,2,"C00,W",True,3,ok,local_up_fast,mpdag_criterion,True,"Conjecture 2 (hence Anti-Exchange Case B, verified not proved)",C00->Y C01->C00 C02->C01 C03->C02 C04->C03 W->Y X->Y C04-C05 C05-C06 C06-X,0.0007954159999883359,0.0,0.0007954159999883359,,4,24,7,0,0.6,0.6,0.6,4,4,3,3,0.0,0.0
c10_s01_cov050_seed00000001_bw025,c10_s01_cov050_seed00000001,flip,fast_gate,10,1,0.5,0.25,1,X,Y,5,3,9,0.7692307692307693,2,"C00,W",True,2,ok,local_up_fast,mpdag_criterion,True,"Conjecture 2 (hence Anti-Exchange Case B, verified not proved)",C00->C02 C00->C03 C00->C09 C00->Y C03->C04 C04->C05 C05->C07 W->Y X->C06 X->Y C00-C08 C00-X C03-X,0.000823958000012226,0.0,0.000823958000012226,,2,17,3,0,0.4514285714285714,0.4482051282051282,0.4482051282051282,5,5,2,3,0.01025050663613151,0.004436522550991288
c10_s01_cov050_seed00000004_bw025,c10_s01_cov050_seed00000004,flip,fast_gate,10,1,0.5,0.25,4,X,Y,5,4,8,0.7692307692307693,1,W,True,1,ok,local_up_fast,mpdag_criterion,True,"Conjecture 2 (hence Anti-Exchange Case B, verified not proved)",C00->C05 C00->C09 C00->Y C02->C03 C03->C04 C03->C06 C04->C07 C06->C08 W->Y X->Y C00-X C02-X C04-C06,0.0004297090000022763,0.0,0.0004297090000022763,,1,8,2,0,0.25297318305479977,0.3378130590339894,0.3378130590339894,5,5,2,2,0.03401975719325756,0.019409625006728087
c10_s01_cov050_seed00000007_bw025,c10_s01_cov050_seed00000007,flip,fast_gate,10,1,0.5,0.25,7,X,Y,5,3,9,0.7692307692307693,2,"C00,W",True,2,ok,local_up_fast,mpdag_criterion,True,"Conjecture 2 (hence Anti-Exchange Case B, verified not proved)",C00->C07 C00->Y C03->C04 C03->C09 C05->C06 W->Y X->C02 X->C03 X->C05 X->Y C00-C08 C00-X C04-C09,0.0008394170000087797,0.0,0.0008394170000087797,,2,17,3,0,0.3810810810810811,0.3984924623115578,0.3984924623115578,5,5,3,4,0.016143004933891914,0.007088006477828469
c10_s01_cov050_seed00000015_bw025,c10_s01_cov050_seed00000015,flip,fast_gate,10,1,0.5,0.25,15,X,Y,5,4,10,0.7692307692307693,2,"C00,W",True,2,ok,local_up_fast,mpdag_criterion,True,"Conjecture 2 (hence Anti-Exchange Case B, verified not proved)",C00->C04 C00->C09 C00->Y C02->C03 C03->C08 C04->C06 C04->C07 C05->C04 W->Y X->C02 X->Y C00-C05 C00-X,0.0007823750000000018,0.0,0.0007823750000000018,,2,19,5,0,0.44117647058823534,0.4313531353135313,0.4313531353135313,5,5,2,3,0.011051016901502638,0.005455182205126307
c10_s01_cov050_seed00000019_bw025,c10_s01_cov050_seed00000019,flip,fast_gate,10,1,0.5,0.25,19,X,Y,5,4,8,0.7692307692307693,1,W,True,1,ok,local_up_fast,mpdag_criterion,True,"Conjecture 2 (hence Anti-Exchange Case B, verified not proved)",C00->C04 C00->C05 C00->Y C02->C03 C02->C08 C04->C06 C05->C07 C06->C09 W->Y X->Y C00-X C02-X C03-X,0.0004637499999944339,0.0,0.0004637499999944339,,1,8,2,0,0.17704918032786884,0.20112000000000002,0.20112000000000002,5,5,3,3,0.013357733022666669,0.005640814919849792
c10_s01_cov050_seed00000023_bw025,c10_s01_cov050_seed00000023,flip,fast_gate,10,1,0.5,0.25,23,X,Y,6,6,10,0.8,2,"C00,W",True,3,ok,local_up_fast,mpdag_criterion,True,"Conjecture 2 (hence Anti-Exchange Case B, verified not proved)",C00->C05 C00->C06 C00->C07 C00->C09 C00->Y C02->C06 C05->C08 C06->C09 W->Y X->Y C00-C02 C00-C03 C00-X C02-C03 C02-C04,0.002242249999994783,0.0,0.002242249999994783,,4,36,7,0,0.856521739130435,0.8656716417910445,0.8656716417910445,6,6,2,3,0.03773504459862906,0.017641102376721497
c10_s01_cov050_seed00000024_bw025,c10_s01_cov050_seed00000024,flip,fast_gate,10,1,0.5,0.25,24,X,Y,5,3,9,0.7692307692307693,2,"C00,W",True,2,ok,local_up_fast,mpdag_criterion,True,"Conjecture 2 (hence Anti-Exchange Case B, verified not proved)",C00->C02 C00->C03 C00->C06 C00->Y C02->C05 C03->C08 C06->C07 C07->C09 W->Y X->Y C00-C04 C00-X C03-C06,0.0007686250000062955,0.0,0.0007686250000062955,,2,17,3,0,0.9376623376623376,0.9453164556962026,0.9453164556962026,5,5,2,3,0.010556925665363039,0.004485255406168904
c10_s01_cov050_seed00000032_bw025,c10_s01_cov050_seed00000032,flip,fast_gate,10,1,0.5,0.25,32,X,Y,4,5,6,0.75,1,W,True,1,ok,local_up_fast,mpdag_criterion,True,"Conjecture 2 (hence Anti-Exchange Case B, verified not proved)",C00->C03 C00->Y C04->C06 C04->C09 C06->C07 C07->C08 W->Y X->Y C00-X C02-X C04-X C05-X,0.00046070799999142764,0.0,0.00046070799999142764,,1,6,2,0,0.19328859060402684,0.19778933680104033,0.19778933680104033,4,4,1,2,0.011765635869180812,0.005127272154906242
c10_s01_cov050_seed00000034_bw025,c10_s01_cov050_seed00000034,flip,fast_gate,10,1,0.5,0.25,34,X,Y,5,4,10,0.7692307692307693,2,"C00,W",True,1,ok,local_up_fast,mpdag_criterion,True,"Conjecture 2 (hence Anti-Exchange Case B, verified not proved)",C00->C02 C00->Y C02->C04 C03->C00 C03->C07 C03->X C04->C06 C04->C08 C06->C09 W->Y X->C05 X->Y C00-X,0.000408749999991187,0.0,0.000408749999991187,,1,10,4,0,0.7634746922024623,0.7614806776458946,0.7614806776458946,5,5,2,3,0.016534523929573636,0.007910090813122618
c10_s01_cov050_seed00000038_bw025,c10_s01_cov050_seed00000038,flip,fast_gate,10,1,0.5,0.25,38,X,Y,6,10,12,0.8,1,W,True,5,ok,e1_ladder,mpdag_criterion,True,"Conjecture 2 (hence Anti-Exchange Case B, verified not proved)","(('C00', 'C02'), ('C00', 'Y'), ('C03', 'C05'), ('C03', 'C06'), ('C05', 'C07'), ('W', 'Y'), ('X', 'C02'), ('X', 'C04'), ('X', 'C09'), ('X', 'Y'))",0.005148957999978165,0.03585300000000302,0.04100195799998119,,19,105,19,0,0.6331168831168832,0.654810542461054,0.654810542461054,6,6,4,4,0.045825977197537414,0.021683601386849913
c10_s01_cov050_seed00000047_bw025,c10_s01_cov050_seed00000047,flip,fast_gate,10,1,0.5,0.25,47,X,Y,4,2,9,0.75,2,"C00,W",True,2,ok,local_up_fast,mpdag_criterion,True,"Conjecture 2 (hence Anti-Exchange Case B, verified not proved)",C00->C02 C00->C05 C00->Y C02->C03 C03->C08 C05->C06 W->Y X->C07 X->C09 X->Y C00-C04 C00-X,0.0006630829999778598,0.0,0.0006630829999778598,,2,17,3,0,0.7714285714285712,0.7441767068273092,0.7441767068273092,4,4,2,2,0.03315934042708555,0.015105435861057972
c10_s01_cov050_seed00000049_bw025,c10_s01_cov050_seed00000049,flip,fast_gate,10,1,0.5,0.25,49,X,Y,5,6,6,0.7692307692307693,1,W,True,1,ok,local_up_fast,mpdag_criterion,True,"Conjecture 2 (hence Anti-Exchange Case B, verified not proved)",C00->C02 C00->Y C02->C04 C02->C06 C03->C05 C05->C07 W->Y X->Y C00-X C03-X C05-X C08-X C09-X,0.0006344999999896572,0.0,0.0006344999999896572,,1,6,2,0,0.14814814814814814,0.15215311004784687,0.15215311004784687,5,5,4,4,0.01666539648668032,0.007335983953586403
c10_s01_cov050_seed00000054_bw025,c10_s01_cov050_seed00000054,flip,fast_gate,10,1,0.5,0.25,54,X,Y,6,10,6,0.8,2,"C00,W",True,3,ok,local_up_fast,mpdag_criterion,True,"Conjecture 2 (hence Anti-Exchange Case B, verified not proved)",C00->C07 C00->C08 C00->Y C02->C03 W->Y X->Y C00-C02 C00-C03 C00-X C02-C04 C02-C05 C02-C06 C02-C09 C03-C04 C04-C09,0.002706249999988586,0.0,0.002706249999988586,,5,24,8,0,0.8282608695652174,0.8125960829109257,0.8125960829109257,6,6,3,4,0.03673534113186237,0.016588428856716013
c10_s01_cov050_seed00000057_bw025,c10_s01_cov050_seed00000057,flip,fast_gate,10,1,0.5,0.25,57,X,Y,6,9,7,0.8,2,"C00,W",True,3,ok,local_up_fast,mpdag_criterion,True,"Conjecture 2 (hence Anti-Exchange Case B, verified not proved)",C00->C05 C00->Y C02->C06 C02->C07 C03->C07 W->Y X->Y C00-C02 C00-X C02-C03 C02-C08 C03-C04 C03-C08 C04-C09 C05-X,0.004208124999991014,0.0,0.004208124999991014,,7,39,15,0,0.4666666666666667,0.4519083969465649,0.4519083969465649,6,6,2,4,0.010286889997472796,0.004365337111834184
c10_s01_cov050_seed00000059_bw025,c10_s01_cov050_seed00000059,flip,fast_gate,10,1,0.5,0.25,59,X,Y,7,6,14,0.8235294117647058,2,"C00,W",True,1,ok,local_up_fast,mpdag_criterion,True,"Conjecture 2 (hence Anti-Exchange Case B, verified not proved)",C00->C05 C00->Y C02->C08 C02->C09 C03->C02 C03->C08 C04->C00 C04->C05 C04->C06 C04->X C05->C06 C06->C07 W->Y X->C02 X->C03 X->Y C00-X,0.0006209999999953197,0.0,0.0006209999999953197,,1,14,4,0,0.25491759702286015,0.22719056437765195,0.22719056437765195,7,7,3,5,0.018257869163269484,0.00729780958024441
c10_s01_cov050_seed00000062_bw025,c10_s01_cov050_seed00000062,flip,fast_gate,10,1,0.5,0.25,62,X,Y,5,2,10,0.7692307692307693,2,"C00,W",True,2,ok,local_up_fast,mpdag_criterion,True,"Conjecture 2 (hence Anti-Exchange Case B, verified not proved)",C00->C04 C00->C09 C00->Y C02->C09 C03->C07 C03->C08 W->Y X->C03 X->C05 X->C06 X->Y C00-C02 C00-X,0.0008774579999908383,0.0,0.0008774579999908383,,2,19,5,0,0.7563218390804596,0.7701757171588863,0.7701757171588863,5,5,3,3,0.034196346741708336,0.014920976889153852
c10_s01_cov050_seed00000063_bw025,c10_s01_cov050_seed00000063,flip,fast_gate,10,1,0.5,0.25,63,X,Y,7,7,11,0.8235294117647058,2,"C00,W",True,3,ok,local_up_fast,mpdag_criterion,True,"Conjecture 2 (hence Anti-Exchange Case B, verified not proved)",C00->C03 C00->C05 C00->C06 C00->Y C02->C04 C02->C05 C02->C06 C04->C08 C04->C09 W->Y X->Y C00-C02 C00-C04 C00-X C02-C07 C03-X C08-C09,0.004542666999981293,0.0,0.004542666999981293,,5,49,18,0,0.51875,0.4979532163742689,0.4979532163742689,7,7,3,5,0.02036651472085983,0.008524768809473173
c10_s01_cov050_seed00000066_bw025,c10_s01_cov050_seed00000066,flip,fast_gate,10,1,0.5,0.25,66,X,Y,5,2,10,0.7692307692307693,2,"C00,W",True,2,ok,local_up_fast,mpdag_criterion,True,"Conjecture 2 (hence Anti-Exchange Case B, verified not proved)",C00->Y C02->C03 C02->C04 C03->C05 C03->C06 C03->C08 C08->C09 W->Y X->C02 X->C03 X->Y C00-C07 C00-X,0.0007948749999968641,0.0,0.0007948749999968641,,2,19,5,0,0.40232558139534885,0.3981308411214953,0.3981308411214953,5,5,4,4,0.015245732663466781,0.006834665025081991
c10_s01_cov050_seed00000068_bw025,c10_s01_cov050_seed00000068,flip,fast_gate,10,1,0.5,0.25,68,X,Y,5,2,10,0.7692307692307693,2,"C00,W",True,2,ok,local_up_fast,mpdag_criterion,True,"Conjecture 2 (hence Anti-Exchange Case B, verified not proved)",C00->C06 C00->C07 C00->C08 C00->Y C02->C08 C03->C04 C03->C05 W->Y X->C03 X->C09 X->Y C00-C02 C00-X,0.0008152090000237422,0.0,0.0008152090000237422,,2,19,5,0,0.8409090909090908,0.8145000000000001,0.8145000000000001,5,5,2,2,0.03127112358947883,0.015446662260825151
c10_s01_cov050_seed00000070_bw025,c10_s01_cov050_seed00000070,flip,fast_gate,10,1,0.5,0.25,70,X,Y,6,4,12,0.8,2,"C00,W",True,2,ok,local_up_fast,mpdag_criterion,True,"Conjecture 2 (hence Anti-Exchange Case B, verified not proved)",C00->Y C02->C06 C03->C09 C04->C05 C08->C02 W->Y X->C02 X->C03 X->C06 X->C07 X->C08 X->C09 X->Y C00-C04 C00-X,0.002031125000002021,0.0,0.002031125000002021,,4,45,13,0,0.5183994650491777,0.538049944137452,0.538049944137452,6,6,5,5,0.015899548985667915,0.007341214497659731
c10_s05_cov050_seed00000004_bw025,c10_s05_cov050_seed00000004,flip,fast_gate,10,5,0.5,0.25,4,X,Y,4,4,9,0.75,2,"C00,W",True,3,ok,local_up_fast,mpdag_criterion,True,"Conjecture 2 (hence Anti-Exchange Case B, verified not proved)",C00->C09 C00->Y C01->C00 C02->C01 C04->C06 C06->C07 C07->C08 W->Y X->Y C02-C03 C03-C04 C04-X,0.0013458340000056523,0.0,0.0013458340000056523,,4,32,7,0,0.6,0.6,0.6,4,4,3,3,0.0,0.0
c10_s05_cov050_seed00000011_bw025,c10_s05_cov050_seed00000011,flip,fast_gate,10,5,0.5,0.25,11,X,Y,5,3,9,0.7692307692307693,2,"C00,W",True,4,ok,e1_ladder,mpdag_criterion,True,"Conjecture 2 (hence Anti-Exchange Case B, verified not proved)","(('C00', 'C06'), ('C00', 'C07'), ('C00', 'C09'), ('C00', 'Y'), ('C01', 'C00'), ('C04', 'C08'), ('W', 'Y'), ('X', 'Y'))",0.003667250000006561,0.03770254099998738,0.04136979099999394,,16,60,16,0,0.7,0.7,0.7,5,5,2,4,0.0,0.0
c10_s05_cov050_seed00000013_bw025,c10_s05_cov050_seed00000013,flip,fast_gate,10,5,0.5,0.25,13,X,Y,5,3,9,0.7692307692307693,2,"C00,W",True,4,ok,e1_ladder,mpdag_criterion,True,"Conjecture 2 (hence Anti-Exchange Case B, verified not proved)","(('C00', 'Y'), ('C01', 'C00'), ('C02', 'C09'), ('C06', 'C07'), ('C06', 'C08'), ('W', 'Y'), ('X', 'C06'), ('X', 'Y'))",0.0023285830000077112,0.027873625000012225,0.030202208000019937,,10,46,10,0,0.7,0.7,0.7,5,5,2,4,0.0,0.0
c10_s05_cov050_seed00000030_bw025,c10_s05_cov050_seed00000030,flip,fast_gate,10,5,0.5,0.25,30,X,Y,5,5,7,0.7692307692307693,2,"C00,W",True,4,ok,e1_ladder,mpdag_criterion,True,"Conjecture 2 (hence Anti-Exchange Case B, verified not proved)","(('C00', 'C06'), ('C00', 'Y'), ('C01', 'C00'), ('C04', 'C08'), ('W', 'Y'), ('X', 'Y'))",0.0022783750000030523,0.03219708299999979,0.034475458000002845,,9,34,9,0,0.7,0.7,0.7,5,5,2,4,0.0,0.0
c10_s05_cov050_seed00000038_bw025,c10_s05_cov050_seed00000038,flip,fast_gate,10,5,0.5,0.25,38,X,Y,5,5,7,0.7692307692307693,2,"C00,W",True,4,ok,e1_ladder,mpdag_criterion,True,"Conjecture 2 (hence Anti-Exchange Case B, verified not proved)","(('C00', 'Y'), ('C01', 'C00'), ('C02', 'C07'), ('W', 'Y'), ('X', 'C08'), ('X', 'Y'))",0.0022719159999837757,0.037782500000020036,0.04005441600000381,,10,34,10,0,0.7,0.7,0.7,5,5,2,4,0.0,0.0
c10_s05_cov050_seed00000043_bw025,c10_s05_cov050_seed00000043,flip,fast_gate,10,5,0.5,0.25,43,X,Y,5,3,9,0.7692307692307693,2,"C00,W",True,4,ok,e1_ladder,mpdag_criterion,True,"Conjecture 2 (hence Anti-Exchange Case B, verified not proved)","(('C00', 'C08'), ('C00', 'Y'), ('C01', 'C00'), ('C03', 'C06'), ('C04', 'C07'), ('C08', 'C09'), ('W', 'Y'), ('X', 'Y'))",0.0022450419999984206,0.0338344159999906,0.03607945799998902,,11,46,11,0,0.7,0.7,0.7,5,5,1,4,0.0,0.0
c10_s05_cov050_seed00000048_bw025,c10_s05_cov050_seed00000048,flip,fast_gate,10,5,0.5,0.25,48,X,Y,4,5,8,0.75,2,"C00,W",True,3,ok,local_up_fast,mpdag_criterion,True,"Conjecture 2 (hence Anti-Exchange Case B, verified not proved)",C00->C06 C00->C08 C00->Y C01->C00 C02->C01 C06->C09 W->Y X->Y C02-C03 C02-C07 C03-C04 C04-X,0.0014172500000029231,0.0,0.0014172500000029231,,4,28,7,0,0.6,0.6,0.6,4,4,3,3,0.0,0.0
c10_s05_cov050_seed00000061_bw025,c10_s05_cov050_seed00000061,flip,fast_gate,10,5,0.5,0.25,61,X,Y,4,7,6,0.75,2,"C00,W",True,3,ok,local_up_fast,mpdag_criterion,True,"Conjecture 2 (hence Anti-Exchange Case B, verified not proved)",C00->Y C01->C00 C02->C01 W->Y X->C08 X->Y C02-C03 C02-C06 C02-C07 C03-C04 C04-X C06-C09,0.001454499999994141,0.0,0.001454499999994141,,4,20,7,0,0.6,0.6,0.6,4,4,2,3,0.0,0.0
c10_s05_cov050_seed00000064_bw025,c10_s05_cov050_seed00000064,flip,fast_gate,10,5,0.5,0.25,64,X,Y,6,7,8,0.7857142857142857,2,"C00,W",True,3,ok,local_up_fast,mpdag_criterion,True,"Conjecture 2 (hence Anti-Exchange Case B, verified not proved)",C00->C08 C00->Y C01->C00 C02->C01 C03->C06 C03->C07 W->Y X->Y C01-C09 C02-C03 C02-C09 C03-C04 C04-X C06-C07,0.0027769170000055965,0.0,0.0027769170000055965,,6,40,14,0,0.7176470588235293,0.7101123595505617,0.7101123595505617,6,6,1,3,0.07263469488388609,0.03178186540093498
c10_s05_cov050_seed00000065_bw025,c10_s05_cov050_seed00000065,flip,fast_gate,10,5,0.5,0.25,65,X,Y,4,5,8,0.75,2,"C00,W",True,3,ok,local_up_fast,mpdag_criterion,True,"Conjecture 2 (hence Anti-Exchange Case B, verified not proved)",C00->C07 C00->Y C01->C00 C01->C06 C02->C01 C07->C08 W->Y X->Y C02-C03 C02-C09 C03-C04 C04-X,0.001421167000017931,0.0,0.001421167000017931,,4,28,8,0,0.6,0.6,0.6,4,4,3,3,0.0,0.0
c10_s05_cov050_seed00000069_bw025,c10_s05_cov050_seed00000069,flip,fast_gate,10,5,0.5,0.25,69,X,Y,4,4,9,0.75,2,"C00,W",True,3,ok,local_up_fast,mpdag_criterion,True,"Conjecture 2 (hence Anti-Exchange Case B, verified not proved)",C00->C06 C00->Y C01->C00 C02->C01 C03->C08 C04->C07 C06->C09 W->Y X->Y C02-C03 C03-C04 C04-X,0.0016652919999842197,0.0,0.0016652919999842197,,5,39,10,0,0.6,0.6,0.6,4,4,3,3,0.0,0.0
c10_s05_cov050_seed00000083_bw025,c10_s05_cov050_seed00000083,flip,fast_gate,10,5,0.5,0.25,83,X,Y,5,3,9,0.7692307692307693,2,"C00,W",True,4,ok,e1_ladder,mpdag_criterion,True,"Conjecture 2 (hence Anti-Exchange Case B, verified not proved)","(('C00', 'Y'), ('C01', 'C00'), ('C02', 'C07'), ('C03', 'C06'), ('C04', 'C09'), ('W', 'Y'), ('X', 'C08'), ('X', 'Y'))",0.0024228329999971265,0.03173387500001468,0.034156708000011804,,11,46,11,0,0.7,0.7,0.7,5,5,3,4,0.0,0.0
c10_s05_cov050_seed00000084_bw025,c10_s05_cov050_seed00000084,flip,fast_gate,10,5,0.5,0.25,84,X,Y,5,3,9,0.7692307692307693,2,"C00,W",True,4,ok,e1_ladder,mpdag_criterion,True,"Conjecture 2 (hence Anti-Exchange Case B, verified not proved)","(('C00', 'Y'), ('C01', 'C00'), ('C02', 'C09'), ('C03', 'C06'), ('C04', 'C08'), ('W', 'Y'), ('X', 'C07'), ('X', 'Y'))",0.0032112080000104015,0.03036458400001152,0.03357579200002192,,11,46,11,0,0.7,0.7,0.7,5,5,2,4,0.0,0.0
c10_s05_cov050_seed00000089_bw025,c10_s05_cov050_seed00000089,flip,fast_gate,10,5,0.5,0.25,89,X,Y,4,4,9,0.75,2,"C00,W",True,3,ok,local_up_fast,mpdag_criterion,True,"Conjecture 2 (hence Anti-Exchange Case B, verified not proved)",C00->C09 C00->Y C01->C00 C01->C08 C02->C01 C04->C07 W->Y X->C06 X->Y C02-C03 C03-C04 C04-X,0.0013965410000196243,0.0,0.0013965410000196243,,4,32,8,0,0.6,0.6,0.6,4,4,3,3,0.0,0.0
c10_s05_cov050_seed00000093_bw025,c10_s05_cov050_seed00000093,flip,fast_gate,10,5,0.5,0.25,93,X,Y,5,3,9,0.7692307692307693,2,"C00,W",True,4,ok,e1_ladder,mpdag_criterion,True,"Conjecture 2 (hence Anti-Exchange Case B, verified not proved)","(('C00', 'Y'), ('C01', 'C00'), ('C02', 'C08'), ('C02', 'C09'), ('C06', 'C07'), ('W', 'Y'), ('X', 'C06'), ('X', 'Y'))",0.002752375000000029,0.03168033299999706,0.03443270799999709,,14,53,14,0,0.7,0.7,0.7,5,5,2,4,0.0,0.0
c10_s05_cov050_seed00000095_bw025,c10_s05_cov050_seed00000095,flip,fast_gate,10,5,0.5,0.25,95,X,Y,6,8,7,0.7857142857142857,2,"C00,W",True,3,ok,local_up_fast,mpdag_criterion,True,"Conjecture 2 (hence Anti-Exchange Case B, verified not proved)",C00->Y C01->C00 C02->C01 C02->C06 C03->C08 W->Y X->Y C02-C03 C02-C07 C02-C09 C03-C04 C03-C07 C03-C09 C04-X,0.00374108399998363,0.0,0.00374108399998363,,8,45,17,0,0.4,0.4,0.4,6,6,1,3,0.0,0.0
c10_s05_cov050_seed00000096_bw025,c10_s05_cov050_seed00000096,flip,fast_gate,10,5,0.5,0.25,96,X,Y,4,4,9,0.75,2,"C00,W",True,3,ok,local_up_fast,mpdag_criterion,True,"Conjecture 2 (hence Anti-Exchange Case B, verified not proved)",C00->Y C01->C00 C02->C01 C04->C06 C04->C09 C07->C08 W->Y X->C07 X->Y C02-C03 C03-C04 C04-X,0.0012965829999984635,0.0,0.0012965829999984635,,4,32,7,0,0.6,0.6,0.6,4,4,3,3,0.0,0.0
c10_s05_cov050_seed00000102_bw025,c10_s05_cov050_seed00000102,flip,fast_gate,10,5,0.5,0.25,102,X,Y,4,7,6,0.75,2,"C00,W",True,3,ok,local_up_fast,mpdag_criterion,True,"Conjecture 2 (hence Anti-Exchange Case B, verified not proved)",C00->Y C01->C00 C01->C07 C02->C01 W->Y X->Y C02-C03 C02-C06 C02-C08 C02-C09 C03-C04 C04-X,0.0016562909999890962,0.0,0.0016562909999890962,,4,20,8,0,0.6,0.6,0.6,4,4,3,3,0.0,0.0
c10_s05_cov050_seed00000104_bw025,c10_s05_cov050_seed00000104,flip,fast_gate,10,5,0.5,0.25,104,X,Y,5,5,7,0.7692307692307693,2,"C00,W",True,4,ok,e1_ladder,mpdag_criterion,True,"Conjecture 2 (hence Anti-Exchange Case B, verified not proved)","(('C00', 'Y'), ('C01', 'C00'), ('C04', 'C06'), ('C04', 'C07'), ('W', 'Y'), ('X', 'Y'))",0.002384167000002435,0.033202125000002525,0.03558629200000496,,7,29,7,0,0.7,0.7,0.7,5,5,2,4,0.0,0.0
c10_s05_cov050_seed00000112_bw025,c10_s05_cov050_seed00000112,flip,fast_gate,10,5,0.5,0.25,112,X,Y,5,5,7,0.7692307692307693,2,"C00,W",True,4,ok,e1_ladder,mpdag_criterion,True,"Conjecture 2 (hence Anti-Exchange Case B, verified not proved)","(('C00', 'C07'), ('C00', 'C09'), ('C00', 'Y'), ('C01', 'C00'), ('W', 'Y'), ('X', 'Y'))",0.0028641669999842634,0.03837545899997963,0.04123962599996389,,12,39,12,0,0.7,0.7,0.7,5,5,2,4,0.0,0.0
c10_s09_cov050_seed00000002_bw025,c10_s09_cov050_seed00000002,flip,fast_gate,10,9,0.5,0.25,2,X,Y,4,12,9,0.75,2,"C00,W",True,3,ok,local_up_fast,mpdag_criterion,True,"Conjecture 2 (hence Anti-Exchange Case B, verified not proved)",C00->Y C01->C00 C02->C01 C03->C02 C04->C03 C05->C04 C06->C05 W->Y X->Y C06-C07 C07-C08 C08-X,0.0012866250000058699,0.0,0.0012866250000058699,,4,32,7,0,0.6,0.6,0.6,4,4,2,3,0.0,0.0
c10_s09_cov050_seed00000003_bw025,c10_s09_cov050_seed00000003,flip,fast_gate,10,9,0.5,0.25,3,X,Y,4,12,9,0.75,2,"C00,W",True,3,ok,local_up_fast,mpdag_criterion,True,"Conjecture 2 (hence Anti-Exchange Case B, verified not proved)",C00->Y C01->C00 C02->C01 C03->C02 C04->C03 C05->C04 C06->C05 W->Y X->Y C06-C07 C07-C08 C08-X,0.0011884589999908712,0.0,0.0011884589999908712,,4,32,7,0,0.6,0.6,0.6,4,4,3,3,0.0,0.0
c10_s09_cov050_seed00000006_bw025,c10_s09_cov050_seed00000006,flip,fast_gate,10,9,0.5,0.25,6,X,Y,4,12,9,0.75,2,"C00,W",True,3,ok,local_up_fast,mpdag_criterion,True,"Conjecture 2 (hence Anti-Exchange Case B, verified not proved)",C00->Y C01->C00 C02->C01 C03->C02 C04->C03 C05->C04 C06->C05 W->Y X->Y C06-C07 C07-C08 C08-X,0.0011561660000154461,0.0,0.0011561660000154461,,4,32,7,0,0.6,0.6,0.6,4,4,3,3,0.0,0.0
c10_s09_cov050_seed00000007_bw025,c10_s09_cov050_seed00000007,flip,fast_gate,10,9,0.5,0.25,7,X,Y,4,12,9,0.75,2,"C00,W",True,3,ok,local_up_fast,mpdag_criterion,True,"Conjecture 2 (hence Anti-Exchange Case B, verified not proved)",C00->Y C01->C00 C02->C01 C03->C02 C04->C03 C05->C04 C06->C05 W->Y X->Y C06-C07 C07-C08 C08-X,0.001153625000000602,0.0,0.001153625000000602,,4,32,7,0,0.6,0.6,0.6,4,4,3,3,0.0,0.0
c10_s09_cov050_seed00000013_bw025,c10_s09_cov050_seed00000013,flip,fast_gate,10,9,0.5,0.25,13,X,Y,4,12,9,0.75,2,"C00,W",True,3,ok,local_up_fast,mpdag_criterion,True,"Conjecture 2 (hence Anti-Exchange Case B, verified not proved)",C00->Y C01->C00 C02->C01 C03->C02 C04->C03 C05->C04 C06->C05 W->Y X->Y C06-C07 C07-C08 C08-X,0.0011729590000015833,0.0,0.0011729590000015833,,4,32,7,0,0.6,0.6,0.6,4,4,3,3,0.0,0.0
c10_s09_cov050_seed00000018_bw025,c10_s09_cov050_seed00000018,flip,fast_gate,10,9,0.5,0.25,18,X,Y,4,12,9,0.75,2,"C00,W",True,3,ok,local_up_fast,mpdag_criterion,True,"Conjecture 2 (hence Anti-Exchange Case B, verified not proved)",C00->Y C01->C00 C02->C01 C03->C02 C04->C03 C05->C04 C06->C05 W->Y X->Y C06-C07 C07-C08 C08-X,0.0011633750000044074,0.0,0.0011633750000044074,,4,32,7,0,0.6,0.6,0.6,4,4,3,3,0.0,0.0
c10_s09_cov050_seed00000019_bw025,c10_s09_cov050_seed00000019,flip,fast_gate,10,9,0.5,0.25,19,X,Y,4,12,9,0.75,2,"C00,W",True,3,ok,local_up_fast,mpdag_criterion,True,"Conjecture 2 (hence Anti-Exchange Case B, verified not proved)",C00->Y C01->C00 C02->C01 C03->C02 C04->C03 C05->C04 C06->C05 W->Y X->Y C06-C07 C07-C08 C08-X,0.001154541000005338,0.0,0.001154541000005338,,4,32,7,0,0.6,0.6,0.6,4,4,3,3,0.0,0.0
c10_s09_cov050_seed00000020_bw025,c10_s09_cov050_seed00000020,flip,fast_gate,10,9,0.5,0.25,20,X,Y,4,12,9,0.75,2,"C00,W",True,3,ok,local_up_fast,mpdag_criterion,True,"Conjecture 2 (hence Anti-Exchange Case B, verified not proved)",C00->Y C01->C00 C02->C01 C03->C02 C04->C03 C05->C04 C06->C05 W->Y X->Y C06-C07 C07-C08 C08-X,0.0012262910000231386,0.0,0.0012262910000231386,,4,32,7,0,0.6,0.6,0.6,4,4,3,3,0.0,0.0
c10_s09_cov050_seed00000021_bw025,c10_s09_cov050_seed00000021,flip,fast_gate,10,9,0.5,0.25,21,X,Y,4,12,9,0.75,2,"C00,W",True,3,ok,local_up_fast,mpdag_criterion,True,"Conjecture 2 (hence Anti-Exchange Case B, verified not proved)",C00->Y C01->C00 C02->C01 C03->C02 C04->C03 C05->C04 C06->C05 W->Y X->Y C06-C07 C07-C08 C08-X,0.0011740830000235292,0.0,0.0011740830000235292,,4,32,7,0,0.6,0.6,0.6,4,4,3,3,0.0,0.0
c10_s09_cov050_seed00000023_bw025,c10_s09_cov050_seed00000023,flip,fast_gate,10,9,0.5,0.25,23,X,Y,4,12,9,0.75,2,"C00,W",True,3,ok,local_up_fast,mpdag_criterion,True,"Conjecture 2 (hence Anti-Exchange Case B, verified not proved)",C00->Y C01->C00 C02->C01 C03->C02 C04->C03 C05->C04 C06->C05 W->Y X->Y C06-C07 C07-C08 C08-X,0.0011637500000176715,0.0,0.0011637500000176715,,4,32,7,0,0.6,0.6,0.6,4,4,2,3,0.0,0.0
c10_s09_cov050_seed00000025_bw025,c10_s09_cov050_seed00000025,flip,fast_gate,10,9,0.5,0.25,25,X,Y,4,12,9,0.75,2,"C00,W",True,3,ok,local_up_fast,mpdag_criterion,True,"Conjecture 2 (hence Anti-Exchange Case B, verified not proved)",C00->Y C01->C00 C02->C01 C03->C02 C04->C03 C05->C04 C06->C05 W->Y X->Y C06-C07 C07-C08 C08-X,0.001156207999997605,0.0,0.001156207999997605,,4,32,7,0,0.6,0.6,0.6,4,4,3,3,0.0,0.0
c10_s09_cov050_seed00000027_bw025,c10_s09_cov050_seed00000027,flip,fast_gate,10,9,0.5,0.25,27,X,Y,4,12,9,0.75,2,"C00,W",True,3,ok,local_up_fast,mpdag_criterion,True,"Conjecture 2 (hence Anti-Exchange Case B, verified not proved)",C00->Y C01->C00 C02->C01 C03->C02 C04->C03 C05->C04 C06->C05 W->Y X->Y C06-C07 C07-C08 C08-X,0.00123437499999568,0.0,0.00123437499999568,,4,32,7,0,0.6,0.6,0.6,4,4,2,3,0.0,0.0
c10_s09_cov050_seed00000031_bw025,c10_s09_cov050_seed00000031,flip,fast_gate,10,9,0.5,0.25,31,X,Y,4,12,9,0.75,2,"C00,W",True,3,ok,local_up_fast,mpdag_criterion,True,"Conjecture 2 (hence Anti-Exchange Case B, verified not proved)",C00->Y C01->C00 C02->C01 C03->C02 C04->C03 C05->C04 C06->C05 W->Y X->Y C06-C07 C07-C08 C08-X,0.001214666999999281,0.0,0.001214666999999281,,4,32,7,0,0.6,0.6,0.6,4,4,3,3,0.0,0.0
c10_s09_cov050_seed00000040_bw025,c10_s09_cov050_seed00000040,flip,fast_gate,10,9,0.5,0.25,40,X,Y,4,12,9,0.75,2,"C00,W",True,3,ok,local_up_fast,mpdag_criterion,True,"Conjecture 2 (hence Anti-Exchange Case B, verified not proved)",C00->Y C01->C00 C02->C01 C03->C02 C04->C03 C05->C04 C06->C05 W->Y X->Y C06-C07 C07-C08 C08-X,0.0011531250000018645,0.0,0.0011531250000018645,,4,32,7,0,0.6,0.6,0.6,4,4,2,3,0.0,0.0
c10_s09_cov050_seed00000041_bw025,c10_s09_cov050_seed00000041,flip,fast_gate,10,9,0.5,0.25,41,X,Y,4,12,9,0.75,2,"C00,W",True,3,ok,local_up_fast,mpdag_criterion,True,"Conjecture 2 (hence Anti-Exchange Case B, verified not proved)",C00->Y C01->C00 C02->C01 C03->C02 C04->C03 C05->C04 C06->C05 W->Y X->Y C06-C07 C07-C08 C08-X,0.0011605840000186163,0.0,0.0011605840000186163,,4,32,7,0,0.6,0.6,0.6,4,4,3,3,0.0,0.0
c10_s09_cov050_seed00000042_bw025,c10_s09_cov050_seed00000042,flip,fast_gate,10,9,0.5,0.25,42,X,Y,4,12,9,0.75,2,"C00,W",True,3,ok,local_up_fast,mpdag_criterion,True,"Conjecture 2 (hence Anti-Exchange Case B, verified not proved)",C00->Y C01->C00 C02->C01 C03->C02 C04->C03 C05->C04 C06->C05 W->Y X->Y C06-C07 C07-C08 C08-X,0.001238916999994899,0.0,0.001238916999994899,,4,32,7,0,0.6,0.6,0.6,4,4,3,3,0.0,0.0
c10_s09_cov050_seed00000044_bw025,c10_s09_cov050_seed00000044,flip,fast_gate,10,9,0.5,0.25,44,X,Y,4,12,9,0.75,2,"C00,W",True,3,ok,local_up_fast,mpdag_criterion,True,"Conjecture 2 (hence Anti-Exchange Case B, verified not proved)",C00->Y C01->C00 C02->C01 C03->C02 C04->C03 C05->C04 C06->C05 W->Y X->Y C06-C07 C07-C08 C08-X,0.0011818330000039623,0.0,0.0011818330000039623,,4,32,7,0,0.6,0.6,0.6,4,4,3,3,0.0,0.0
c10_s09_cov050_seed00000049_bw025,c10_s09_cov050_seed00000049,flip,fast_gate,10,9,0.5,0.25,49,X,Y,4,12,9,0.75,2,"C00,W",True,3,ok,local_up_fast,mpdag_criterion,True,"Conjecture 2 (hence Anti-Exchange Case B, verified not proved)",C00->Y C01->C00 C02->C01 C03->C02 C04->C03 C05->C04 C06->C05 W->Y X->Y C06-C07 C07-C08 C08-X,0.0012382500000001073,0.0,0.0012382500000001073,,4,32,7,0,0.6,0.6,0.6,4,4,3,3,0.0,0.0
c10_s09_cov050_seed00000052_bw025,c10_s09_cov050_seed00000052,flip,fast_gate,10,9,0.5,0.25,52,X,Y,4,12,9,0.75,2,"C00,W",True,3,ok,local_up_fast,mpdag_criterion,True,"Conjecture 2 (hence Anti-Exchange Case B, verified not proved)",C00->Y C01->C00 C02->C01 C03->C02 C04->C03 C05->C04 C06->C05 W->Y X->Y C06-C07 C07-C08 C08-X,0.0011693750000176806,0.0,0.0011693750000176806,,4,32,7,0,0.6,0.6,0.6,4,4,3,3,0.0,0.0
c10_s09_cov050_seed00000053_bw025,c10_s09_cov050_seed00000053,flip,fast_gate,10,9,0.5,0.25,53,X,Y,4,12,9,0.75,2,"C00,W",True,3,ok,local_up_fast,mpdag_criterion,True,"Conjecture 2 (hence Anti-Exchange Case B, verified not proved)",C00->Y C01->C00 C02->C01 C03->C02 C04->C03 C05->C04 C06->C05 W->Y X->Y C06-C07 C07-C08 C08-X,0.0011824160000060147,0.0,0.0011824160000060147,,4,32,7,0,0.6,0.6,0.6,4,4,3,3,0.0,0.0
c12_s01_cov050_seed00000005_bw025,c12_s01_cov050_seed00000005,flip,fast_gate,12,1,0.5,0.25,5,X,Y,7,10,8,0.8235294117647058,1,W,True,1,ok,local_up_fast,mpdag_criterion,True,"Conjecture 2 (hence Anti-Exchange Case B, verified not proved)",C00->C07 C00->Y C02->C03 C02->C04 C02->C09 C04->C10 C06->C02 W->Y X->C04 X->Y C00-X C02-X C05-C08 C05-X C06-X C08-C11 C08-X,0.0011365420000117865,0.0,0.0011365420000117865,,1,8,2,0,0.2459759481961147,0.23945044322323894,0.23945044322323894,7,7,2,4,0.0312107594304998,0.012564085002440314
c12_s01_cov050_seed00000007_bw025,c12_s01_cov050_seed00000007,flip,fast_gate,12,1,0.5,0.25,7,X,Y,6,7,11,0.8,1,W,True,3,ok,local_up_fast,mpdag_criterion,True,"Conjecture 2 (hence Anti-Exchange Case B, verified not proved)",C00->C07 C00->C08 C00->Y C03->C04 C03->C09 C05->C06 C07->C10 W->Y X->C03 X->C05 X->Y C00-X C02-C11 C02-X C04-C09,0.0018662909999989097,0.0,0.0018662909999989097,,3,30,6,0,0.5013333333333334,0.5157527135441244,0.5157527135441244,6,6,2,3,0.05595498394173863,0.02256559347912199
c12_s01_cov050_seed00000008_bw025,c12_s01_cov050_seed00000008,flip,fast_gate,12,1,0.5,0.25,8,X,Y,8,6,15,0.8333333333333334,2,"C00,W",True,3,ok,local_up_fast,mpdag_criterion,True,"Conjecture 2 (hence Anti-Exchange Case B, verified not proved)",C00->Y C02->C04 C02->C09 C03->C05 C03->C06 C03->C08 C03->C11 C07->C05 C07->C08 C08->C11 W->Y X->C02 X->C09 X->C10 X->Y C00-C03 C00-X C03-C07,0.00814691600001538,0.0,0.00814691600001538,,11,149,40,0,0.3736842105263158,0.37340425531914895,0.37340425531914895,8,8,2,4,0.010102261788814666,0.004557249115369146
c12_s01_cov050_seed00000018_bw025,c12_s01_cov050_seed00000018,flip,fast_gate,12,1,0.5,0.25,18,X,Y,7,8,12,0.8235294117647058,2,"C00,W",True,1,ok,local_up_fast,mpdag_criterion,True,"Conjecture 2 (hence Anti-Exchange Case B, verified not proved)",C00->C04 C00->Y C03->C00 C03->C06 C03->C07 C03->C08 C03->C11 C03->X C05->C03 C05->C07 C07->C10 W->Y X->C02 X->Y C00-X C05-C09 C08-C11,0.0007821670000112135,0.0,0.0007821670000112135,,1,12,4,0,0.3757166257166256,0.3318369868901784,0.3318369868901784,7,7,3,3,0.05362510882279875,0.023264064950931643
c12_s01_cov050_seed00000021_bw025,c12_s01_cov050_seed00000021,flip,fast_gate,12,1,0.5,0.25,21,X,Y,7,7,13,0.8235294117647058,1,W,True,3,ok,local_up_fast,mpdag_criterion,True,"Conjecture 2 (hence Anti-Exchange Case B, verified not proved)",C00->C02 C00->C05 C00->C06 C00->Y C02->C03 C04->C08 C06->C09 C06->C10 C07->C08 C09->C11 W->Y X->C06 X->Y C00-X C04-C07 C04-X C09-C10,0.004162791999988258,0.0,0.004162791999988258,,6,71,14,0,0.2855952380952381,0.3072512093176161,0.3072512093176161,7,7,2,4,0.01886924835547781,0.00910272961739664
c12_s01_cov050_seed00000023_bw025,c12_s01_cov050_seed00000023,flip,fast_gate,12,1,0.5,0.25,23,X,Y,7,6,12,0.8235294117647058,2,"C00,W",True,3,ok,local_up_fast,mpdag_criterion,True,"Conjecture 2 (hence Anti-Exchange Case B, verified not proved)",C00->C05 C00->C06 C00->C07 C00->C09 C00->Y C02->C06 C05->C08 C05->C11 C06->C09 W->Y X->C10 X->Y C00-C02 C00-C03 C00-X C02-C03 C02-C04,0.002962834000015846,0.0,0.002962834000015846,,4,44,7,0,0.9428571428571428,0.9653543307086615,0.9653543307086615,7,7,1,4,0.01707469441906277,0.0067163049093103356
c12_s01_cov050_seed00000028_bw025,c12_s01_cov050_seed00000028,flip,fast_gate,12,1,0.5,0.25,28,X,Y,6,7,12,0.8125,1,W,True,3,ok,local_up_fast,mpdag_criterion,True,"Conjecture 2 (hence Anti-Exchange Case B, verified not proved)",C00->C05 C00->Y C02->C04 C02->C06 C02->C11 C03->C04 C06->C07 C06->C08 C06->C10 C07->C09 W->Y X->Y C00-X C02-C03 C02-X C08-C10,0.0031417499999975007,0.0,0.0031417499999975007,,5,54,14,0,0.3563636363636363,0.3467576791808874,0.3467576791808874,6,6,2,3,0.011138092292886988,0.005164105385129906
c12_s01_cov050_seed00000034_bw025,c12_s01_cov050_seed00000034,flip,fast_gate,12,1,0.5,0.25,34,X,Y,6,7,12,0.8125,2,"C00,W",True,1,ok,local_up_fast,mpdag_criterion,True,"Conjecture 2 (hence Anti-Exchange Case B, verified not proved)",C00->C02 C00->Y C02->C04 C03->C00 C03->X C04->C06 C04->C08 C06->C09 C06->C10 C07->C03 C09->C11 W->Y X->C05 X->Y C00-X C09-C10,0.0006670829999961825,0.0,0.0006670829999961825,,1,12,3,0,0.7243502122812467,0.7380058470533928,0.7380058470533928,6,6,1,5,0.024528425674212546,0.01136466209537586
c12_s01_cov050_seed00000035_bw025,c12_s01_cov050_seed00000035,flip,fast_gate,12,1,0.5,0.25,35,X,Y,6,9,8,0.8125,1,W,True,1,ok,local_up_fast,mpdag_criterion,True,"Conjecture 2 (hence Anti-Exchange Case B, verified not proved)",C00->C02 C00->C04 C00->C06 C00->Y C02->C05 C04->C02 C06->C08 C08->C09 W->Y X->Y C00-X C03-X C07-C11 C07-X C10-X C11-X,0.0009613750000312393,0.0,0.0009613750000312393,,1,8,2,0,0.1,0.09451219512195122,0.09451219512195122,6,6,5,5,0.012309149097933274,0.00551325564413835
c12_s01_cov050_seed00000036_bw025,c12_s01_cov050_seed00000036,flip,fast_gate,12,1,0.5,0.25,36,X,Y,6,8,9,0.8125,2,"C00,W",True,3,ok,local_up_fast,mpdag_criterion,True,"Conjecture 2 (hence Anti-Exchange Case B, verified not proved)",C00->C02 C00->Y C02->C05 C02->C11 C05->C06 W->Y X->C08 X->C09 X->Y C00-C03 C00-C07 C00-X C03-C04 C03-C07 C04-C10 C05-C11,0.0026811669999915466,0.0,0.0026811669999915466,,4,32,5,0,0.9421052631578947,0.9454545454545453,0.9454545454545453,6,6,2,5,0.011326896565241482,0.005004380750574367
c12_s01_cov050_seed00000039_bw025,c12_s01_cov050_seed00000039,flip,fast_gate,12,1,0.5,0.25,39,X,Y,8,9,10,0.8333333333333334,1,W,True,1,ok,local_up_fast,mpdag_criterion,True,"Conjecture 2 (hence Anti-Exchange Case B, verified not proved)",C00->C03 C00->Y C02->C08 C05->C04 C05->C06 C05->C09 C05->C10 C06->C09 C10->C11 W->Y X->C03 X->Y C00-X C02-X C04-X C05-X C06-C10 C07-X,0.001094082999998136,0.0,0.001094082999998136,,1,10,2,0,0.6173137143935106,0.6771833477244517,0.6771833477244517,8,8,3,4,0.09394255037684145,0.03883276078753046
c12_s01_cov050_seed00000041_bw025,c12_s01_cov050_seed00000041,flip,fast_gate,12,1,0.5,0.25,41,X,Y,6,6,12,0.8,1,W,True,3,ok,local_up_fast,mpdag_criterion,True,"Conjecture 2 (hence Anti-Exchange Case B, verified not proved)",C00->Y C02->C03 C03->C07 C03->C11 C04->C05 C04->C10 C05->C06 C05->C09 W->Y X->C02 X->C03 X->Y C00-X C04-C08 C04-X,0.0023089590000040516,0.0,0.0023089590000040516,,4,44,9,0,0.7717086834733893,0.8093939393939393,0.8093939393939393,6,6,3,3,0.04436977410293905,0.018019182573790073
c12_s01_cov050_seed00000044_bw025,c12_s01_cov050_seed00000044,flip,fast_gate,12,1,0.5,0.25,44,X,Y,8,7,14,0.8333333333333334,2,"C00,W",True,1,ok,local_up_fast,mpdag_criterion,True,"Conjecture 2 (hence Anti-Exchange Case B, verified not proved)",C00->C03 C00->C04 C00->C06 C00->Y C02->C00 C02->X C03->C04 C03->C05 C03->C08 C04->C05 C07->C02 C08->C09 C09->C10 C09->C11 W->Y X->Y C00-X C10-C11,0.000767124999981661,0.0,0.000767124999981661,,1,14,4,0,0.7787878787878787,0.8074027442652483,0.8074027442652483,8,8,2,6,0.025765715468897034,0.011227426322798774
c12_s01_cov050_seed00000051_bw025,c12_s01_cov050_seed00000051,flip,fast_gate,12,1,0.5,0.25,51,X,Y,7,6,12,0.8235294117647058,2,"C00,W",True,3,ok,local_up_fast,mpdag_criterion,True,"Conjecture 2 (hence Anti-Exchange Case B, verified not proved)",C00->C05 C00->C07 C00->Y C02->C03 C03->C08 C04->C06 C04->C09 C07->C10 C08->C11 W->Y X->C04 X->Y C00-C02 C00-C03 C00-X C05-X C06-C09,0.003885832999969807,0.0,0.003885832999969807,,5,54,10,0,0.5220779220779221,0.5108233369683751,0.5108233369683751,7,7,2,5,0.016571237877717124,0.008574508293280228
c12_s01_cov050_seed00000054_bw025,c12_s01_cov050_seed00000054,flip,fast_gate,12,1,0.5,0.25,54,X,Y,7,5,13,0.8235294117647058,2,"C00,W",True,2,ok,local_up_fast,mpdag_criterion,True,"Conjecture 2 (hence Anti-Exchange Case B, verified not proved)",C00->C02 C00->C07 C00->C08 C00->Y C02->C04 C02->C05 C02->C06 C02->C09 C03->C02 C03->C04 C04->C09 W->Y X->C10 X->Y C00-C03 C00-X C03-C11,0.0013752080000131173,0.0,0.0013752080000131173,,2,25,5,0,0.8345374931581828,0.8598242340926946,0.8598242340926946,7,7,2,3,0.0529013847980391,0.023276192239414538
c12_s01_cov050_seed00000056_bw025,c12_s01_cov050_seed00000056,flip,fast_gate,12,1,0.5,0.25,56,X,Y,8,9,14,0.8333333333333334,2,"C00,W",True,1,ok,local_up_fast,mpdag_criterion,True,"Conjecture 2 (hence Anti-Exchange Case B, verified not proved)",C00->Y C02->C00 C02->C03 C02->C04 C02->C06 C02->C08 C02->C09 C02->X C04->C07 C04->C11 C05->C02 C05->C03 C06->C10 C08->C10 W->Y X->Y C00-X C06-C08,0.0007875830000330097,0.0,0.0007875830000330097,,1,14,4,0,0.2261931818181818,0.2339643553540011,0.333964355354001,8,8,3,3,0.014993018570330563,0.006567512177983145
c12_s01_cov050_seed00000057_bw025,c12_s01_cov050_seed00000057,flip,fast_gate,12,1,0.5,0.25,57,X,Y,7,7,13,0.8235294117647058,2,"C00,W",True,3,ok,local_up_fast,mpdag_criterion,True,"Conjecture 2 (hence Anti-Exchange Case B, verified not proved)",C00->C05 C00->Y C02->C03 C02->C06 C02->C08 C03->C04 C03->C08 C04->C09 C07->C03 C09->C10 C10->C11 W->Y X->Y C00-C02 C00-X C02-C07 C05-X,0.0053576250000446635,0.0,0.0053576250000446635,,7,81,16,0,0.45294117647058824,0.4409090909090909,0.4409090909090909,7,7,2,4,0.02057587369871074,0.009727214798622597
c12_s01_cov050_seed00000061_bw025,c12_s01_cov050_seed00000061,flip,fast_gate,12,1,0.5,0.25,61,X,Y,6,8,11,0.8125,1,W,True,3,ok,local_up_fast,mpdag_criterion,True,"Conjecture 2 (hence Anti-Exchange Case B, verified not proved)",C00->C02 C00->Y C02->C04 C04->C06 C04->C07 C06->C09 C06->C10 C06->C11 W->Y X->C08 X->Y C00-X C03-C05 C03-X C06-C07 C09-C11,0.0021485419999862643,0.0,0.0021485419999862643,,3,30,5,0,0.2,0.2,0.2,6,6,3,6,0.0,0.0
c12_s01_cov050_seed00000062_bw025,c12_s01_cov050_seed00000062,flip,fast_gate,12,1,0.5,0.25,62,X,Y,6,5,12,0.8125,2,"C00,W",True,2,ok,local_up_fast,mpdag_criterion,True,"Conjecture 2 (hence Anti-Exchange Case B, verified not proved)",C00->C02 C00->C09 C00->Y C02->C10 C02->C11 C03->C07 C03->C08 C09->C02 W->Y X->C03 X->C05 X->C06 X->Y C00-C04 C00-X C10-C11,0.0018006249999871216,0.0,0.0018006249999871216,,3,34,5,0,0.8783045977011493,0.9022960429897411,0.9022960429897411,6,6,3,5,0.020692507064192994,0.008055677327870202
c12_s01_cov050_seed00000072_bw025,c12_s01_cov050_seed00000072,flip,fast_gate,12,1,0.5,0.25,72,X,Y,7,7,13,0.8235294117647058,2,"C00,W",True,4,ok,e1_ladder,mpdag_criterion,True,"Conjecture 2 (hence Anti-Exchange Case B, verified not proved)","(('C00', 'C02'), ('C00', 'C04'), ('C00', 'C10'), ('C00', 'Y'), ('C02', 'C06'), ('C02', 'C07'), ('C04', 'C11'), ('C06', 'C08'), ('C08', 'C09'), ('W', 'Y'), ('X', 'C06'), ('X', 'Y'))",0.005938791999994919,0.065556249999986,0.07149504199998091,,17,92,17,0,0.4241379310344827,0.4444444444444445,0.4444444444444445,7,7,2,5,0.018020448428511422,0.007980477846030877
c12_s06_cov050_seed00000001_bw025,c12_s06_cov050_seed00000001,flip,fast_gate,12,6,0.5,0.25,1,X,Y,6,5,11,0.8,2,"C00,W",True,4,ok,e1_ladder,mpdag_criterion,True,"Conjecture 2 (hence Anti-Exchange Case B, verified not proved)","(('C00', 'Y'), ('C01', 'C00'), ('C02', 'C01'), ('C03', 'C07'), ('C04', 'C08'), ('C04', 'C11'), ('C08', 'C09'), ('C08', 'C10'), ('W', 'Y'), ('X', 'Y'))",0.004148041000007652,0.05145695800001704,0.05560499900002469,,14,67,14,0,0.5,0.5,0.5,6,6,1,4,0.0,0.0
c12_s06_cov050_seed00000006_bw025,c12_s06_cov050_seed00000006,flip,fast_gate,12,6,0.5,0.25,6,X,Y,6,4,11,0.7857142857142857,2,"C00,W",True,4,ok,e1_ladder,mpdag_criterion,True,"Conjecture 2 (hence Anti-Exchange Case B, verified not proved)","(('C00', 'Y'), ('C01', 'C00'), ('C02', 'C01'), ('C03', 'C07'), ('C03', 'C10'), ('C04', 'C08'), ('C04', 'C11'), ('C05', 'C09'), ('W', 'Y'), ('X', 'Y'))",0.003895208000017192,0.04516116700000339,0.04905637500002058,,18,76,18,0,0.5,0.5,0.5,6,6,1,4,0.0,0.0
c12_s06_cov050_seed00000018_bw025,c12_s06_cov050_seed00000018,flip,fast_gate,12,6,0.5,0.25,18,X,Y,6,6,10,0.8,2,"C00,W",True,4,ok,e1_ladder,mpdag_criterion,True,"Conjecture 2 (hence Anti-Exchange Case B, verified not proved)","(('C00', 'C09'), ('C00', 'Y'), ('C01', 'C00'), ('C02', 'C01'), ('W', 'Y'), ('X', 'C07'), ('X', 'C10'), ('X', 'C11'), ('X', 'Y'))",0.00367625000001226,0.06659291599999051,0.07026916600000277,,10,52,10,0,0.5,0.5,0.5,6,6,1,4,0.0,0.0
c12_s06_cov050_seed00000022_bw025,c12_s06_cov050_seed00000022,flip,fast_gate,12,6,0.5,0.25,22,X,Y,6,5,11,0.8,2,"C00,W",True,4,ok,e1_ladder,mpdag_criterion,True,"Conjecture 2 (hence Anti-Exchange Case B, verified not proved)","(('C00', 'C09'), ('C00', 'Y'), ('C01', 'C00'), ('C01', 'C10'), ('C02', 'C01'), ('C04', 'C07'), ('C07', 'C08'), ('C10', 'C11'), ('W', 'Y'), ('X', 'Y'))",0.004001833000017996,0.053198749999978645,0.05720058299999664,,15,67,15,0,0.5,0.5,0.5,6,6,1,4,0.0,0.0
c12_s06_cov050_seed00000023_bw025,c12_s06_cov050_seed00000023,flip,fast_gate,12,6,0.5,0.25,23,X,Y,6,6,11,0.8125,2,"C00,W",True,4,ok,e1_ladder,mpdag_criterion,True,"Conjecture 2 (hence Anti-Exchange Case B, verified not proved)","(('C00', 'C07'), ('C00', 'Y'), ('C01', 'C00'), ('C01', 'C09'), ('C02', 'C01'), ('C05', 'C08'), ('C08', 'C10'), ('W', 'Y'), ('X', 'C10'), ('X', 'Y'))",0.005457165999985136,0.04671958299996959,0.052176748999954725,,13,67,13,0,0.5,0.5,0.5,6,6,2,4,0.0,0.0
c12_s06_cov050_seed00000042_bw025,c12_s06_cov050_seed00000042,flip,fast_gate,12,6,0.5,0.25,42,X,Y,6,5,11,0.8,2,"C00,W",True,4,ok,e1_ladder,mpdag_criterion,True,"Conjecture 2 (hence Anti-Exchange Case B, verified not proved)","(('C00', 'C07'), ('C00', 'C09'), ('C00', 'Y'), ('C01', 'C00'), ('C02', 'C01'), ('C05', 'C10'), ('C10', 'C11'), ('W', 'Y'), ('X', 'C08'), ('X', 'Y'))",0.0032953750000501714,0.05427804099997502,0.05757341600002519,,11,58,11,0,0.5,0.5,0.5,6,6,1,4,0.0,0.0
c12_s06_cov050_seed00000059_bw025,c12_s06_cov050_seed00000059,flip,fast_gate,12,6,0.5,0.25,59,X,Y,8,6,13,0.8333333333333334,2,"C00,W",True,4,ok,e1_ladder,mpdag_criterion,True,"Conjecture 2 (hence Anti-Exchange Case B, verified not proved)","(('C00', 'Y'), ('C01', 'C00'), ('C01', 'C10'), ('C02', 'C01'), ('C02', 'C09'), ('C02', 'C10'), ('C02', 'C11'), ('C04', 'C08'), ('C05', 'C07'), ('C10', 'C11'), ('W', 'Y'), ('X', 'Y'))",0.012338499999998476,0.06441654200000357,0.07675504200000205,,40,182,40,0,0.49444444444444435,0.5008036739380023,0.5008036739380023,8,8,2,6,0.015015995129839681,0.007827417007184126
c12_s06_cov050_seed00000088_bw025,c12_s06_cov050_seed00000088,flip,fast_gate,12,6,0.5,0.25,88,X,Y,6,5,11,0.8,2,"C00,W",True,4,ok,e1_ladder,mpdag_criterion,True,"Conjecture 2 (hence Anti-Exchange Case B, verified not proved)","(('C00', 'Y'), ('C01', 'C00'), ('C01', 'C08'), ('C02', 'C01'), ('C03', 'C07'), ('C05', 'C10'), ('C07', 'C09'), ('C08', 'C11'), ('W', 'Y'), ('X', 'Y'))",0.005264957999997932,0.04659683400001313,0.051861792000011064,,17,76,17,0,0.5,0.5,0.5,6,6,2,4,0.0,0.0
c12_s06_cov050_seed00000124_bw025,c12_s06_cov050_seed00000124,flip,fast_gate,12,6,0.5,0.25,124,X,Y,6,4,11,0.7857142857142857,2,"C00,W",True,4,ok,e1_ladder,mpdag_criterion,True,"Conjecture 2 (hence Anti-Exchange Case B, verified not proved)","(('C00', 'C09'), ('C00', 'Y'), ('C01', 'C00'), ('C01', 'C11'), ('C02', 'C01'), ('C07', 'C10'), ('W', 'Y'), ('X', 'C07'), ('X', 'C08'), ('X', 'Y'))",0.0034832499999879474,0.050469749999990654,0.0539529999999786,,13,67,13,0,0.5,0.5,0.5,6,6,1,4,0.0,0.0
c12_s06_cov050_seed00000128_bw025,c12_s06_cov050_seed00000128,flip,fast_gate,12,6,0.5,0.25,128,X,Y,6,6,10,0.8,2,"C00,W",True,4,ok,e1_ladder,mpdag_criterion,True,"Conjecture 2 (hence Anti-Exchange Case B, verified not proved)","(('C00', 'Y'), ('C01', 'C00'), ('C01', 'C09'), ('C02', 'C01'), ('C04', 'C07'), ('C05', 'C08'), ('W', 'Y'), ('X', 'C11'), ('X', 'Y'))",0.00422699999995757,0.05858837499999936,0.06281537499995693,,13,60,13,0,0.5,0.5,0.5,6,6,1,4,0.0,0.0
c12_s06_cov050_seed00000134_bw025,c12_s06_cov050_seed00000134,flip,fast_gate,12,6,0.5,0.25,134,X,Y,6,4,11,0.7857142857142857,2,"C00,W",True,4,ok,e1_ladder,mpdag_criterion,True,"Conjecture 2 (hence Anti-Exchange Case B, verified not proved)","(('C00', 'Y'), ('C01', 'C00'), ('C02', 'C01'), ('C03', 'C09'), ('C04', 'C11'), ('C05', 'C07'), ('C07', 'C08'), ('C07', 'C10'), ('W', 'Y'), ('X', 'Y'))",0.00327737499998193,0.041210666999973,0.04448804199995493,,13,67,13,0,0.5,0.5,0.5,6,6,2,4,0.0,0.0
c12_s11_cov050_seed00000010_bw025,c12_s11_cov050_seed00000010,flip,fast_gate,12,11,0.5,0.25,10,X,Y,6,14,11,0.7857142857142857,2,"C00,W",True,4,ok,e1_ladder,mpdag_criterion,True,"Conjecture 2 (hence Anti-Exchange Case B, verified not proved)","(('C00', 'Y'), ('C01', 'C00'), ('C02', 'C01'), ('C03', 'C02'), ('C04', 'C03'), ('C05', 'C04'), ('C06', 'C05'), ('C07', 'C06'), ('W', 'Y'), ('X', 'Y'))",0.0027761670000359118,0.041130708000025606,0.04390687500006152,,10,58,10,0,0.5,0.5,0.5,6,6,1,4,0.0,0.0
c12_s11_cov050_seed00000029_bw025,c12_s11_cov050_seed00000029,flip,fast_gate,12,11,0.5,0.25,29,X,Y,6,14,11,0.7857142857142857,2,"C00,W",True,4,ok,e1_ladder,mpdag_criterion,True,"Conjecture 2 (hence Anti-Exchange Case B, verified not proved)","(('C00', 'Y'), ('C01', 'C00'), ('C02', 'C01'), ('C03', 'C02'), ('C04', 'C03'), ('C05', 'C04'), ('C06', 'C05'), ('C07', 'C06'), ('W', 'Y'), ('X', 'Y'))",0.002510041999983059,0.0387895840000283,0.04129962600001136,,10,58,10,0,0.5,0.5,0.5,6,6,1,4,0.0,0.0
c12_s11_cov050_seed00000031_bw025,c12_s11_cov050_seed00000031,flip,fast_gate,12,11,0.5,0.25,31,X,Y,6,14,11,0.7857142857142857,2,"C00,W",True,4,ok,e1_ladder,mpdag_criterion,True,"Conjecture 2 (hence Anti-Exchange Case B, verified not proved)","(('C00', 'Y'), ('C01', 'C00'), ('C02', 'C01'), ('C03', 'C02'), ('C04', 'C03'), ('C05', 'C04'), ('C06', 'C05'), ('C07', 'C06'), ('W', 'Y'), ('X', 'Y'))",0.002631874999963202,0.04019491700000799,0.04282679199997119,,10,58,10,0,0.5,0.5,0.5,6,6,1,4,0.0,0.0
c12_s11_cov050_seed00000041_bw025,c12_s11_cov050_seed00000041,flip,fast_gate,12,11,0.5,0.25,41,X,Y,6,14,11,0.7857142857142857,2,"C00,W",True,4,ok,e1_ladder,mpdag_criterion,True,"Conjecture 2 (hence Anti-Exchange Case B, verified not proved)","(('C00', 'Y'), ('C01', 'C00'), ('C02', 'C01'), ('C03', 'C02'), ('C04', 'C03'), ('C05', 'C04'), ('C06', 'C05'), ('C07', 'C06'), ('W', 'Y'), ('X', 'Y'))",0.0026045000000181062,0.03876091600000109,0.041365416000019195,,10,58,10,0,0.5,0.5,0.5,6,6,1,4,0.0,0.0
c12_s11_cov050_seed00000052_bw025,c12_s11_cov050_seed00000052,flip,fast_gate,12,11,0.5,0.25,52,X,Y,6,14,11,0.7857142857142857,2,"C00,W",True,4,ok,e1_ladder,mpdag_criterion,True,"Conjecture 2 (hence Anti-Exchange Case B, verified not proved)","(('C00', 'Y'), ('C01', 'C00'), ('C02', 'C01'), ('C03', 'C02'), ('C04', 'C03'), ('C05', 'C04'), ('C06', 'C05'), ('C07', 'C06'), ('W', 'Y'), ('X', 'Y'))",0.0025197919999868645,0.040693709000038325,0.04321350100002519,,10,58,10,0,0.5,0.5,0.5,6,6,1,4,0.0,0.0
c12_s11_cov050_seed00000081_bw025,c12_s11_cov050_seed00000081,flip,fast_gate,12,11,0.5,0.25,81,X,Y,6,14,11,0.7857142857142857,2,"C00,W",True,4,ok,e1_ladder,mpdag_criterion,True,"Conjecture 2 (hence Anti-Exchange Case B, verified not proved)","(('C00', 'Y'), ('C01', 'C00'), ('C02', 'C01'), ('C03', 'C02'), ('C04', 'C03'), ('C05', 'C04'), ('C06', 'C05'), ('C07', 'C06'), ('W', 'Y'), ('X', 'Y'))",0.002425542000025871,0.04012579100003677,0.04255133300006264,,10,58,10,0,0.5,0.5,0.5,6,6,1,4,0.0,0.0
c12_s11_cov050_seed00000084_bw025,c12_s11_cov050_seed00000084,flip,fast_gate,12,11,0.5,0.25,84,X,Y,6,14,11,0.7857142857142857,2,"C00,W",True,4,ok,e1_ladder,mpdag_criterion,True,"Conjecture 2 (hence Anti-Exchange Case B, verified not proved)","(('C00', 'Y'), ('C01', 'C00'), ('C02', 'C01'), ('C03', 'C02'), ('C04', 'C03'), ('C05', 'C04'), ('C06', 'C05'), ('C07', 'C06'), ('W', 'Y'), ('X', 'Y'))",0.0026267920000009326,0.040639209000005394,0.04326600100000633,,10,58,10,0,0.5,0.5,0.5,6,6,2,4,0.0,0.0
c12_s11_cov050_seed00000107_bw025,c12_s11_cov050_seed00000107,flip,fast_gate,12,11,0.5,0.25,107,X,Y,6,14,11,0.7857142857142857,2,"C00,W",True,4,ok,e1_ladder,mpdag_criterion,True,"Conjecture 2 (hence Anti-Exchange Case B, verified not proved)","(('C00', 'Y'), ('C01', 'C00'), ('C02', 'C01'), ('C03', 'C02'), ('C04', 'C03'), ('C05', 'C04'), ('C06', 'C05'), ('C07', 'C06'), ('W', 'Y'), ('X', 'Y'))",0.0024533330000053866,0.03886925000000474,0.04132258300001013,,10,58,10,0,0.5,0.5,0.5,6,6,1,4,0.0,0.0
c12_s11_cov050_seed00000147_bw025,c12_s11_cov050_seed00000147,flip,fast_gate,12,11,0.5,0.25,147,X,Y,6,14,11,0.7857142857142857,2,"C00,W",True,4,ok,e1_ladder,mpdag_criterion,True,"Conjecture 2 (hence Anti-Exchange Case B, verified not proved)","(('C00', 'Y'), ('C01', 'C00'), ('C02', 'C01'), ('C03', 'C02'), ('C04', 'C03'), ('C05', 'C04'), ('C06', 'C05'), ('C07', 'C06'), ('W', 'Y'), ('X', 'Y'))",0.0024481250000008004,0.03853199999997514,0.04098012499997594,,10,58,10,0,0.5,0.5,0.5,6,6,1,4,0.0,0.0
