origin,base_id,network,treatment,outcome,menu_index,source,members,size
synthetic,c06_s01_cov100_seed152819226,,X,Y,0,empty,,0
synthetic,c06_s01_cov100_seed152819226,,X,Y,1,O_minus_v1;pa_true,C00,1
synthetic,c06_s01_cov100_seed152819226,,X,Y,2,O_true;an_minus_de,C00;W,2
synthetic,c06_s01_cov100_seed152819226,,X,Y,3,O_minus_v0,W,1
synthetic,c06_s01_cov100_seed1450336244,,X,Y,0,empty,,0
synthetic,c06_s01_cov100_seed1450336244,,X,Y,1,O_minus_v1;pa_true,C00,1
synthetic,c06_s01_cov100_seed1450336244,,X,Y,2,O_plus_v0,C00;C03;W,3
synthetic,c06_s01_cov100_seed1450336244,,X,Y,3,O_plus_v1,C00;C04;W,3
synthetic,c06_s01_cov100_seed1450336244,,X,Y,4,O_true;an_minus_de,C00;W,2
synthetic,c06_s01_cov100_seed1450336244,,X,Y,5,O_minus_v0,W,1
synthetic,c06_s02_cov100_seed280397440,,X,Y,0,empty,,0
synthetic,c06_s02_cov100_seed280397440,,X,Y,1,O_minus_v1,C00,1
synthetic,c06_s02_cov100_seed280397440,,X,Y,2,O_plus_v0;an_minus_de,C00;C01;W,3
synthetic,c06_s02_cov100_seed280397440,,X,Y,3,O_true,C00;W,2
synthetic,c06_s02_cov100_seed280397440,,X,Y,4,pa_true,C01,1
synthetic,c06_s02_cov100_seed280397440,,X,Y,5,O_minus_v0,W,1
synthetic,c06_s02_cov100_seed898325659,,X,Y,0,empty,,0
synthetic,c06_s02_cov100_seed898325659,,X,Y,1,O_minus_v1,C00,1
synthetic,c06_s02_cov100_seed898325659,,X,Y,2,O_plus_v0;an_minus_de,C00;C01;W,3
synthetic,c06_s02_cov100_seed898325659,,X,Y,3,O_plus_v1,C00;C03;W,3
synthetic,c06_s02_cov100_seed898325659,,X,Y,4,O_plus_v2,C00;C04;W,3
synthetic,c06_s02_cov100_seed898325659,,X,Y,5,O_plus_v3,C00;C05;W,3
synthetic,c06_s02_cov100_seed898325659,,X,Y,6,O_true,C00;W,2
synthetic,c06_s02_cov100_seed898325659,,X,Y,7,pa_true,C01,1
synthetic,c06_s02_cov100_seed898325659,,X,Y,8,O_minus_v0,W,1
synthetic,c06_s04_cov100_seed337731232,,X,Y,0,empty,,0
synthetic,c06_s04_cov100_seed337731232,,X,Y,1,O_minus_v1,C00,1
synthetic,c06_s04_cov100_seed337731232,,X,Y,2,an_minus_de,C00;C01;C02;C03;W,5
synthetic,c06_s04_cov100_seed337731232,,X,Y,3,O_plus_v0,C00;C01;W,3
synthetic,c06_s04_cov100_seed337731232,,X,Y,4,O_plus_v1,C00;C02;W,3
synthetic,c06_s04_cov100_seed337731232,,X,Y,5,O_plus_v2,C00;C03;W,3
synthetic,c06_s04_cov100_seed337731232,,X,Y,6,O_true,C00;W,2
synthetic,c06_s04_cov100_seed337731232,,X,Y,7,pa_true,C03,1
synthetic,c06_s04_cov100_seed337731232,,X,Y,8,O_minus_v0,W,1
synthetic,c06_s04_cov100_seed566415042,,X,Y,0,empty,,0
synthetic,c06_s04_cov100_seed566415042,,X,Y,1,O_minus_v1,C00,1
synthetic,c06_s04_cov100_seed566415042,,X,Y,2,an_minus_de,C00;C01;C02;C03;W,5
synthetic,c06_s04_cov100_seed566415042,,X,Y,3,O_plus_v0,C00;C01;W,3
synthetic,c06_s04_cov100_seed566415042,,X,Y,4,O_plus_v1,C00;C02;W,3
synthetic,c06_s04_cov100_seed566415042,,X,Y,5,O_plus_v2,C00;C03;W,3
synthetic,c06_s04_cov100_seed566415042,,X,Y,6,O_plus_v3,C00;C05;W,3
synthetic,c06_s04_cov100_seed566415042,,X,Y,7,O_true,C00;W,2
synthetic,c06_s04_cov100_seed566415042,,X,Y,8,pa_true,C03,1
synthetic,c06_s04_cov100_seed566415042,,X,Y,9,O_minus_v0,W,1
synthetic,c06_s05_cov100_seed1304932256,,X,Y,0,empty,,0
synthetic,c06_s05_cov100_seed1304932256,,X,Y,1,O_minus_v1,C00,1
synthetic,c06_s05_cov100_seed1304932256,,X,Y,2,an_minus_de,C00;C01;C02;C03;C04;W,6
synthetic,c06_s05_cov100_seed1304932256,,X,Y,3,O_plus_v0,C00;C01;W,3
synthetic,c06_s05_cov100_seed1304932256,,X,Y,4,O_plus_v1,C00;C02;W,3
synthetic,c06_s05_cov100_seed1304932256,,X,Y,5,O_plus_v2,C00;C03;W,3
synthetic,c06_s05_cov100_seed1304932256,,X,Y,6,O_plus_v3,C00;C04;W,3
synthetic,c06_s05_cov100_seed1304932256,,X,Y,7,O_true,C00;W,2
synthetic,c06_s05_cov100_seed1304932256,,X,Y,8,pa_true,C04,1
synthetic,c06_s05_cov100_seed1304932256,,X,Y,9,O_minus_v0,W,1
synthetic,c06_s05_cov100_seed1390762948,,X,Y,0,empty,,0
synthetic,c06_s05_cov100_seed1390762948,,X,Y,1,O_minus_v1,C00,1
synthetic,c06_s05_cov100_seed1390762948,,X,Y,2,an_minus_de,C00;C01;C02;C03;C04;W,6
synthetic,c06_s05_cov100_seed1390762948,,X,Y,3,O_plus_v0,C00;C01;W,3
synthetic,c06_s05_cov100_seed1390762948,,X,Y,4,O_plus_v1,C00;C02;W,3
synthetic,c06_s05_cov100_seed1390762948,,X,Y,5,O_plus_v2,C00;C03;W,3
synthetic,c06_s05_cov100_seed1390762948,,X,Y,6,O_plus_v3,C00;C04;W,3
synthetic,c06_s05_cov100_seed1390762948,,X,Y,7,O_true,C00;W,2
synthetic,c06_s05_cov100_seed1390762948,,X,Y,8,pa_true,C04,1
synthetic,c06_s05_cov100_seed1390762948,,X,Y,9,O_minus_v0,W,1
synthetic,c08_s01_cov100_seed416099593,,X,Y,0,empty,,0
synthetic,c08_s01_cov100_seed416099593,,X,Y,1,O_minus_v1;pa_true,C00,1
synthetic,c08_s01_cov100_seed416099593,,X,Y,2,O_plus_v0,C00;C04;W,3
synthetic,c08_s01_cov100_seed416099593,,X,Y,3,O_plus_v1,C00;C05;W,3
synthetic,c08_s01_cov100_seed416099593,,X,Y,4,O_plus_v2,C00;C06;W,3
synthetic,c08_s01_cov100_seed416099593,,X,Y,5,O_plus_v3,C00;C07;W,3
synthetic,c08_s01_cov100_seed416099593,,X,Y,6,O_true;an_minus_de,C00;W,2
synthetic,c08_s01_cov100_seed416099593,,X,Y,7,O_minus_v0,W,1
synthetic,c08_s01_cov100_seed1773969257,,X,Y,0,empty,,0
synthetic,c08_s01_cov100_seed1773969257,,X,Y,1,O_minus_v1;pa_true,C00,1
synthetic,c08_s01_cov100_seed1773969257,,X,Y,2,O_plus_v0,C00;C02;W,3
synthetic,c08_s01_cov100_seed1773969257,,X,Y,3,O_plus_v1,C00;C05;W,3
synthetic,c08_s01_cov100_seed1773969257,,X,Y,4,O_plus_v2,C00;C06;W,3
synthetic,c08_s01_cov100_seed1773969257,,X,Y,5,O_true;an_minus_de,C00;W,2
synthetic,c08_s01_cov100_seed1773969257,,X,Y,6,O_minus_v0,W,1
synthetic,c08_s03_cov100_seed573833528,,X,Y,0,empty,,0
synthetic,c08_s03_cov100_seed573833528,,X,Y,1,O_minus_v1,C00,1
synthetic,c08_s03_cov100_seed573833528,,X,Y,2,an_minus_de,C00;C01;C02;W,4
synthetic,c08_s03_cov100_seed573833528,,X,Y,3,O_plus_v0,C00;C01;W,3
synthetic,c08_s03_cov100_seed573833528,,X,Y,4,O_plus_v1,C00;C02;W,3
synthetic,c08_s03_cov100_seed573833528,,X,Y,5,O_plus_v2,C00;C04;W,3
synthetic,c08_s03_cov100_seed573833528,,X,Y,6,O_plus_v3,C00;C05;W,3
synthetic,c08_s03_cov100_seed573833528,,X,Y,7,O_true,C00;W,2
synthetic,c08_s03_cov100_seed573833528,,X,Y,8,pa_true,C02,1
synthetic,c08_s03_cov100_seed573833528,,X,Y,9,O_minus_v0,W,1
synthetic,c08_s03_cov100_seed1286616110,,X,Y,0,empty,,0
synthetic,c08_s03_cov100_seed1286616110,,X,Y,1,O_minus_v1,C00,1
synthetic,c08_s03_cov100_seed1286616110,,X,Y,2,an_minus_de,C00;C01;C02;W,4
synthetic,c08_s03_cov100_seed1286616110,,X,Y,3,O_plus_v0,C00;C01;W,3
synthetic,c08_s03_cov100_seed1286616110,,X,Y,4,O_plus_v1,C00;C02;W,3
synthetic,c08_s03_cov100_seed1286616110,,X,Y,5,O_plus_v2,C00;C04;W,3
synthetic,c08_s03_cov100_seed1286616110,,X,Y,6,O_plus_v3,C00;C05;W,3
synthetic,c08_s03_cov100_seed1286616110,,X,Y,7,O_true,C00;W,2
synthetic,c08_s03_cov100_seed1286616110,,X,Y,8,pa_true,C02,1
synthetic,c08_s03_cov100_seed1286616110,,X,Y,9,O_minus_v0,W,1
synthetic,c08_s05_cov100_seed1705891827,,X,Y,0,empty,,0
synthetic,c08_s05_cov100_seed1705891827,,X,Y,1,O_minus_v1,C00,1
synthetic,c08_s05_cov100_seed1705891827,,X,Y,2,an_minus_de,C00;C01;C02;C03;C04;W,6
synthetic,c08_s05_cov100_seed1705891827,,X,Y,3,O_plus_v0,C00;C01;W,3
synthetic,c08_s05_cov100_seed1705891827,,X,Y,4,O_plus_v1,C00;C02;W,3
synthetic,c08_s05_cov100_seed1705891827,,X,Y,5,O_plus_v2,C00;C03;W,3
synthetic,c08_s05_cov100_seed1705891827,,X,Y,6,O_plus_v3,C00;C04;W,3
synthetic,c08_s05_cov100_seed1705891827,,X,Y,7,O_true,C00;W,2
synthetic,c08_s05_cov100_seed1705891827,,X,Y,8,pa_true,C04,1
synthetic,c08_s05_cov100_seed1705891827,,X,Y,9,O_minus_v0,W,1
synthetic,c08_s05_cov100_seed1076453569,,X,Y,0,empty,,0
synthetic,c08_s05_cov100_seed1076453569,,X,Y,1,O_minus_v1,C00,1
synthetic,c08_s05_cov100_seed1076453569,,X,Y,2,an_minus_de,C00;C01;C02;C03;C04;W,6
synthetic,c08_s05_cov100_seed1076453569,,X,Y,3,O_plus_v0,C00;C01;W,3
synthetic,c08_s05_cov100_seed1076453569,,X,Y,4,O_plus_v1,C00;C02;W,3
synthetic,c08_s05_cov100_seed1076453569,,X,Y,5,O_plus_v2,C00;C03;W,3
synthetic,c08_s05_cov100_seed1076453569,,X,Y,6,O_plus_v3,C00;C04;W,3
synthetic,c08_s05_cov100_seed1076453569,,X,Y,7,O_true,C00;W,2
synthetic,c08_s05_cov100_seed1076453569,,X,Y,8,pa_true,C04,1
synthetic,c08_s05_cov100_seed1076453569,,X,Y,9,O_minus_v0,W,1
synthetic,c08_s07_cov100_seed1131793155,,X,Y,0,empty,,0
synthetic,c08_s07_cov100_seed1131793155,,X,Y,1,O_minus_v1,C00,1
synthetic,c08_s07_cov100_seed1131793155,,X,Y,2,an_minus_de,C00;C01;C02;C03;C04;C05;C06;W,8
synthetic,c08_s07_cov100_seed1131793155,,X,Y,3,O_plus_v0,C00;C01;W,3
synthetic,c08_s07_cov100_seed1131793155,,X,Y,4,O_plus_v1,C00;C02;W,3
synthetic,c08_s07_cov100_seed1131793155,,X,Y,5,O_plus_v2,C00;C03;W,3
synthetic,c08_s07_cov100_seed1131793155,,X,Y,6,O_plus_v3,C00;C04;W,3
synthetic,c08_s07_cov100_seed1131793155,,X,Y,7,O_true,C00;W,2
synthetic,c08_s07_cov100_seed1131793155,,X,Y,8,pa_true,C06,1
synthetic,c08_s07_cov100_seed1131793155,,X,Y,9,O_minus_v0,W,1
synthetic,c08_s07_cov100_seed2054962599,,X,Y,0,empty,,0
synthetic,c08_s07_cov100_seed2054962599,,X,Y,1,O_minus_v1,C00,1
synthetic,c08_s07_cov100_seed2054962599,,X,Y,2,an_minus_de,C00;C01;C02;C03;C04;C05;C06;W,8
synthetic,c08_s07_cov100_seed2054962599,,X,Y,3,O_plus_v0,C00;C01;W,3
synthetic,c08_s07_cov100_seed2054962599,,X,Y,4,O_plus_v1,C00;C02;W,3
synthetic,c08_s07_cov100_seed2054962599,,X,Y,5,O_plus_v2,C00;C03;W,3
synthetic,c08_s07_cov100_seed2054962599,,X,Y,6,O_plus_v3,C00;C04;W,3
synthetic,c08_s07_cov100_seed2054962599,,X,Y,7,O_true,C00;W,2
synthetic,c08_s07_cov100_seed2054962599,,X,Y,8,pa_true,C06,1
synthetic,c08_s07_cov100_seed2054962599,,X,Y,9,O_minus_v0,W,1
synthetic,c10_s01_cov100_seed779026817,,X,Y,0,empty,,0
synthetic,c10_s01_cov100_seed779026817,,X,Y,1,O_minus_v1;pa_true,C00,1
synthetic,c10_s01_cov100_seed779026817,,X,Y,2,O_plus_v0,C00;C07;W,3
synthetic,c10_s01_cov100_seed779026817,,X,Y,3,O_plus_v1,C00;C09;W,3
synthetic,c10_s01_cov100_seed779026817,,X,Y,4,O_true;an_minus_de,C00;W,2
synthetic,c10_s01_cov100_seed779026817,,X,Y,5,O_minus_v0,W,1
synthetic,c10_s01_cov100_seed2052139661,,X,Y,0,empty,,0
synthetic,c10_s01_cov100_seed2052139661,,X,Y,1,O_minus_v1;pa_true,C00,1
synthetic,c10_s01_cov100_seed2052139661,,X,Y,2,O_plus_v0,C00;C02;W,3
synthetic,c10_s01_cov100_seed2052139661,,X,Y,3,O_plus_v1,C00;C03;W,3
synthetic,c10_s01_cov100_seed2052139661,,X,Y,4,O_plus_v2,C00;C04;W,3
synthetic,c10_s01_cov100_seed2052139661,,X,Y,5,O_plus_v3,C00;C05;W,3
synthetic,c10_s01_cov100_seed2052139661,,X,Y,6,O_true;an_minus_de,C00;W,2
synthetic,c10_s01_cov100_seed2052139661,,X,Y,7,O_minus_v0,W,1
synthetic,c10_s04_cov100_seed677972131,,X,Y,0,empty,,0
synthetic,c10_s04_cov100_seed677972131,,X,Y,1,O_minus_v1,C00,1
synthetic,c10_s04_cov100_seed677972131,,X,Y,2,an_minus_de,C00;C01;C02;C03;W,5
synthetic,c10_s04_cov100_seed677972131,,X,Y,3,O_plus_v0,C00;C01;W,3
synthetic,c10_s04_cov100_seed677972131,,X,Y,4,O_plus_v1,C00;C02;W,3
synthetic,c10_s04_cov100_seed677972131,,X,Y,5,O_plus_v2,C00;C03;W,3
synthetic,c10_s04_cov100_seed677972131,,X,Y,6,O_plus_v3,C00;C05;W,3
synthetic,c10_s04_cov100_seed677972131,,X,Y,7,O_true,C00;W,2
synthetic,c10_s04_cov100_seed677972131,,X,Y,8,pa_true,C03,1
synthetic,c10_s04_cov100_seed677972131,,X,Y,9,O_minus_v0,W,1
synthetic,c10_s04_cov100_seed23742401,,X,Y,0,empty,,0
synthetic,c10_s04_cov100_seed23742401,,X,Y,1,O_minus_v1,C00,1
synthetic,c10_s04_cov100_seed23742401,,X,Y,2,an_minus_de,C00;C01;C02;C03;W,5
synthetic,c10_s04_cov100_seed23742401,,X,Y,3,O_plus_v0,C00;C01;W,3
synthetic,c10_s04_cov100_seed23742401,,X,Y,4,O_plus_v1,C00;C02;W,3
synthetic,c10_s04_cov100_seed23742401,,X,Y,5,O_plus_v2,C00;C03;W,3
synthetic,c10_s04_cov100_seed23742401,,X,Y,6,O_plus_v3,C00;C05;W,3
synthetic,c10_s04_cov100_seed23742401,,X,Y,7,O_true,C00;W,2
synthetic,c10_s04_cov100_seed23742401,,X,Y,8,pa_true,C03,1
synthetic,c10_s04_cov100_seed23742401,,X,Y,9,O_minus_v0,W,1
synthetic,c10_s06_cov100_seed2008114018,,X,Y,0,empty,,0
synthetic,c10_s06_cov100_seed2008114018,,X,Y,1,O_minus_v1,C00,1
synthetic,c10_s06_cov100_seed2008114018,,X,Y,2,an_minus_de,C00;C01;C02;C03;C04;C05;W,7
synthetic,c10_s06_cov100_seed2008114018,,X,Y,3,O_plus_v0,C00;C01;W,3
synthetic,c10_s06_cov100_seed2008114018,,X,Y,4,O_plus_v1,C00;C02;W,3
synthetic,c10_s06_cov100_seed2008114018,,X,Y,5,O_plus_v2,C00;C03;W,3
synthetic,c10_s06_cov100_seed2008114018,,X,Y,6,O_plus_v3,C00;C04;W,3
synthetic,c10_s06_cov100_seed2008114018,,X,Y,7,O_true,C00;W,2
synthetic,c10_s06_cov100_seed2008114018,,X,Y,8,pa_true,C05,1
synthetic,c10_s06_cov100_seed2008114018,,X,Y,9,O_minus_v0,W,1
synthetic,c10_s06_cov100_seed195996535,,X,Y,0,empty,,0
synthetic,c10_s06_cov100_seed195996535,,X,Y,1,O_minus_v1,C00,1
synthetic,c10_s06_cov100_seed195996535,,X,Y,2,an_minus_de,C00;C01;C02;C03;C04;C05;W,7
synthetic,c10_s06_cov100_seed195996535,,X,Y,3,O_plus_v0,C00;C01;W,3
synthetic,c10_s06_cov100_seed195996535,,X,Y,4,O_plus_v1,C00;C02;W,3
synthetic,c10_s06_cov100_seed195996535,,X,Y,5,O_plus_v2,C00;C03;W,3
synthetic,c10_s06_cov100_seed195996535,,X,Y,6,O_plus_v3,C00;C04;W,3
synthetic,c10_s06_cov100_seed195996535,,X,Y,7,O_true,C00;W,2
synthetic,c10_s06_cov100_seed195996535,,X,Y,8,pa_true,C05,1
synthetic,c10_s06_cov100_seed195996535,,X,Y,9,O_minus_v0,W,1
synthetic,c10_s09_cov100_seed1923618803,,X,Y,0,empty,,0
synthetic,c10_s09_cov100_seed1923618803,,X,Y,1,O_minus_v1,C00,1
synthetic,c10_s09_cov100_seed1923618803,,X,Y,2,an_minus_de,C00;C01;C02;C03;C04;C05;C06;C07;C08;W,10
synthetic,c10_s09_cov100_seed1923618803,,X,Y,3,O_plus_v0,C00;C01;W,3
synthetic,c10_s09_cov100_seed1923618803,,X,Y,4,O_plus_v1,C00;C02;W,3
synthetic,c10_s09_cov100_seed1923618803,,X,Y,5,O_plus_v2,C00;C03;W,3
synthetic,c10_s09_cov100_seed1923618803,,X,Y,6,O_plus_v3,C00;C04;W,3
synthetic,c10_s09_cov100_seed1923618803,,X,Y,7,O_true,C00;W,2
synthetic,c10_s09_cov100_seed1923618803,,X,Y,8,pa_true,C08,1
synthetic,c10_s09_cov100_seed1923618803,,X,Y,9,O_minus_v0,W,1
synthetic,c10_s09_cov100_seed1648170629,,X,Y,0,empty,,0
synthetic,c10_s09_cov100_seed1648170629,,X,Y,1,O_minus_v1,C00,1
synthetic,c10_s09_cov100_seed1648170629,,X,Y,2,an_minus_de,C00;C01;C02;C03;C04;C05;C06;C07;C08;W,10
synthetic,c10_s09_cov100_seed1648170629,,X,Y,3,O_plus_v0,C00;C01;W,3
synthetic,c10_s09_cov100_seed1648170629,,X,Y,4,O_plus_v1,C00;C02;W,3
synthetic,c10_s09_cov100_seed1648170629,,X,Y,5,O_plus_v2,C00;C03;W,3
synthetic,c10_s09_cov100_seed1648170629,,X,Y,6,O_plus_v3,C00;C04;W,3
synthetic,c10_s09_cov100_seed1648170629,,X,Y,7,O_true,C00;W,2
synthetic,c10_s09_cov100_seed1648170629,,X,Y,8,pa_true,C08,1
synthetic,c10_s09_cov100_seed1648170629,,X,Y,9,O_minus_v0,W,1
real_network,real__mediator__I__Y,mediator,I,Y,0,O_minus_v0;empty,,0
real_network,real__mediator__I__Y,mediator,I,Y,1,O_true,X,1
real_network,real__mediator__I__Y,mediator,I,Y,2,O_plus_v0;an_minus_de;pa_true,X;Z,2
real_network,real__mediator__X__I,mediator,X,I,0,O_minus_v0;empty,,0
real_network,real__mediator__X__I,mediator,X,I,1,O_true;an_minus_de;pa_true,Z,1
real_network,real__mediator__X__Y,mediator,X,Y,0,O_minus_v0;empty,,0
real_network,real__mediator__X__Y,mediator,X,Y,1,O_true;an_minus_de;pa_true,Z,1
real_network,real__sachs__Mek__Akt,sachs,Mek,Akt,0,O_minus_v0;empty,,0
real_network,real__sachs__Mek__Akt,sachs,Mek,Akt,1,O_plus_v0,Jnk;PKA,2
real_network,real__sachs__Mek__Akt,sachs,Mek,Akt,2,O_plus_v1,P38;PKA,2
real_network,real__sachs__Mek__Akt,sachs,Mek,Akt,3,O_plus_v2,PIP2;PKA,2
real_network,real__sachs__Mek__Akt,sachs,Mek,Akt,4,O_plus_v3,PIP3;PKA,2
real_network,real__sachs__Mek__Akt,sachs,Mek,Akt,5,O_true,PKA,1
real_network,real__sachs__Mek__Akt,sachs,Mek,Akt,6,an_minus_de;pa_true,PKA;PKC;Raf,3
real_network,real__sachs__Mek__Erk,sachs,Mek,Erk,0,O_minus_v0;empty,,0
real_network,real__sachs__Mek__Erk,sachs,Mek,Erk,1,O_plus_v0,Jnk;PKA,2
real_network,real__sachs__Mek__Erk,sachs,Mek,Erk,2,O_plus_v1,P38;PKA,2
real_network,real__sachs__Mek__Erk,sachs,Mek,Erk,3,O_plus_v2,PIP2;PKA,2
real_network,real__sachs__Mek__Erk,sachs,Mek,Erk,4,O_plus_v3,PIP3;PKA,2
real_network,real__sachs__Mek__Erk,sachs,Mek,Erk,5,O_true,PKA,1
real_network,real__sachs__Mek__Erk,sachs,Mek,Erk,6,an_minus_de;pa_true,PKA;PKC;Raf,3
real_network,real__Kampen_2014__AFF__ALN,Kampen_2014,AFF,ALN,0,O_minus_v0;empty,,0
real_network,real__Kampen_2014__AFF__ALN,Kampen_2014,AFF,ALN,1,O_plus_v0;an_minus_de;pa_true,AIS;SAN,2
real_network,real__Kampen_2014__AFF__ALN,Kampen_2014,AFF,ALN,2,O_true,SAN,1
real_network,real__Kampen_2014__AFF__APA,Kampen_2014,AFF,APA,0,O_minus_v0;empty,,0
real_network,real__Kampen_2014__AFF__APA,Kampen_2014,AFF,APA,1,O_plus_v0;an_minus_de;pa_true,AIS;SAN,2
real_network,real__Kampen_2014__AFF__APA,Kampen_2014,AFF,APA,2,O_true,SAN,1
real_network,real__Kampen_2014__AFF__CDR,Kampen_2014,AFF,CDR,0,O_minus_v0;empty,,0
real_network,real__Kampen_2014__AFF__CDR,Kampen_2014,AFF,CDR,1,O_plus_v0;an_minus_de;pa_true,AIS;SAN,2
real_network,real__Kampen_2014__AFF__CDR,Kampen_2014,AFF,CDR,2,O_true,SAN,1
