network,source_file,sha256,source_format,n_nodes,n_undirected_edges,n_candidate_pairs_drawn,n_pairs_sampled,n_pairs_with_on_path_undirected_edge
Acid_1996,Acid_1996.txt,26b8f81b1b01e8e4a93e1c070d390acc9c0cd91fe66aeafb503c4ea9e379ca14,dagitty,18,1,200,60,7
Didelez_2010,Didelez_2010.txt,eefa012eaa59b3570c71acda397ea8bd1b348414575d8740c61287c058bc0227,dagitty,7,3,42,19,11
Kampen_2014,Kampen_2014.txt,0d4670c6e58458765ec6fe30c370e93d3fbb36b075df6c45d075aeb762c50467,dagitty,12,11,132,47,33
Polzer_2012,Polzer_2012.txt,828a8617782766d76dc7f58ae2a828ff02ba592579f09d5617eb7aa61708287b,dagitty,14,9,182,77,64
Schipf_2010,Schipf_2010.txt,b5329a25f9940b9e4a218d0bdd34d1a521a4ab3d10093f9a88a190bef338e439,dagitty,7,6,42,17,13
Sebastiani_2005,Sebastiani_2005.txt,a9d73e89b87e6d85a1d31dffafe8c6e56d1c4637fee93168769405e89041cce4,dagitty,36,7,200,17,5
Shrier_2008,Shrier_2008.txt,6145e8dbc79e6ae9b173dba30f324d4bc530b7cc50b551d764c6cc321185771e,dagitty,13,3,156,41,12
Thoemmes_2013,Thoemmes_2013.txt,fbb1cc96946c48de9e5227a64bad088768911be1a60307f6516b8d7c472b88be,dagitty,13,1,156,45,8
alarm,alarm.bif.gz,f5860caa7137b5817e0c4f169cce0f1451ce6c246b96f5ce4fb4a8167993be29,bif,37,4,200,31,3
andes,andes.bif.gz,dc9cd41e8658c4fd2b96305cc60392224032f02934d27e43123a61c2eab9dab7,bif,223,10,200,40,2
arth150,arth150.json,96e141aa767bb2556aea2eabb835603a286d951e95646f8ae0197d679acd551a,bnjson,107,45,200,7,1
asia,asia.bif.gz,7d5e7b8549834824c1b05f367eb7860fa3fca3adaf3649f0c7be6035af197197,bif,8,3,56,18,9
barley,barley.bif.gz,b8a18fdb91701da379f260eea0808bdaa690612f7de9a34397df8d8f5d43afd9,bif,48,9,200,48,12
cancer,cancer.bif.gz,dcfafbaadabcd1b8c9ec531e16721a19fc06829e980a3967d6345496ea081818,bif,5,0,20,8,0
child,child.bif.gz,2bc3236dcbdbf9c9f1bbdeb060aa93c0bdee389d23a549b7248b9d89ed8a980c,bif,20,12,200,34,22
confounding,confounding.txt,8da9fd8abc0bbb38f4ec85e01ab7f21fd446485659076340b193a0f24a0dce0a,dagitty,5,0,20,9,0
diabetes,diabetes.bif.gz,2100374d7be11024e708a50cac537102ef9f9b693aba4cc0e6918a60e4599d59,bif,413,26,200,51,15
earthquake,earthquake.bif.gz,77a41f1d509cea15eb7caf9dba932907837149e7145a2cc9d6c95c80849e62b0,bif,5,0,20,8,0
ecoli70,ecoli70.json,e3cfe98302c885deb4f13f012e9209b03ef803e718ba7ca666fb09324b2ad921,bnjson,46,25,200,21,9
hailfinder,hailfinder.bif.gz,efa122a88c4b550569ec821c7879bed9007f2b1e012e1ea52ea26069c7f26099,bif,56,17,200,20,3
hepar2,hepar2.bif.gz,f98d4a65c496b79d76b15797e6a6cbeafaff32a17d66a844d8e5b9506d379fcd,bif,70,9,200,25,3
insurance,insurance.bif.gz,92bcecd1b85387726af564bf1b50cd400ddbbea1b017303cc54d4654e50a8971,bif,27,18,200,50,21
link,link.bif.gz,5d09fd46f685fed1ba795f7cd944e1860938175c541826a2a342ffa5ec6ed1c5,bif,724,118,200,5,2
magic-irri,magic-irri.json,d592e1ed92ae08d8f7152cc8cfc607089b1f19680b4df79377166bf7dd561338,bnjson,64,12,200,13,3
magic-niab,magic-niab.json,1694a2ccae07a5cee0a1fa9e3131f3f2d552a79c825fddecfaa996624e629d6d,bnjson,44,10,200,12,3
mediator,mediator.txt,85a16ce8c3a839eeeb24cfb18809771c39dd3bd884a72b73c325a1b92245436e,dagitty,4,5,12,6,6
mildew,mildew.bif.gz,06f4342f1bef2eef67988b41382b327ca7bf4b308841534c9a3b3c48ff61189a,bif,35,0,200,46,0
munin,munin.bif.gz,97e26c9dbf0635008434438084e94ca20250984b1c769f4666fed6bf912c3eae,bif,1041,22,200,1,0
munin1,munin1.bif.gz,d1917abbba1064e6b75f90bf9eb07d76779237b4a0698aecaac6d5b8bdfe1b2c,bif,186,8,200,16,0
munin2,munin2.bif.gz,4679fae4e67ee892eb2fd94437777d8d8adc8fea97205065ec7f20aec0396f1a,bif,1003,102,200,3,1
munin3,munin3.bif.gz,4eb186935c12d47869d36403ab813af97d34b88dde66b79c0047386445058bf5,bif,1041,78,200,2,0
munin4,munin4.bif.gz,d01410d1f04631462927b160a518a030cf5f24ca57cdbbc259f29d84836d955b,bif,1038,22,200,4,0
pathfinder,pathfinder.bif.gz,1b23ccf9d398471c1c8e6353e8d11d8e3579537adc6bbbf535806d781f6e8e7f,bif,109,122,200,4,1
paths,paths.txt,6f7cd96cb402ddae8315cc966e1d3926d847c11bbf486b611cbff96eee4026b9,dagitty,17,14,200,98,96
pigs,pigs.bif.gz,618c72433d8814e5197f78938e9ef75cf91dfb9a7463952682b3703c8eef68f1,bif,441,0,200,2,0
sachs,sachs.bif.gz,ed1830fbde101ed50cce3c7a3c8cbf1d2f5225531cf35ff09fb3cec0af101bce,bif,11,17,110,22,22
survey,survey.bif.gz,676e1fe97efec18b31d1a0a3bcd9b7d52985129c60a78b69172c99e82902ef96,bif,6,0,30,13,0
water,water.bif.gz,5d506713902c9ea625fae7cd84d0a6f9fad980d5cca926281adeecdd0c039db3,bif,32,6,200,41,9
win95pts,win95pts.bif.gz,a4987cf8c09d3aa034504b03ea3e5dc01c57ca20228e2bd79ec9a861c3aef684,bif,76,12,200,5,0
