cpdag,n_nodes,k_undirected,space_size,upset_size,n_retractable,build_seconds,bfs_query_seconds,fast_seconds,bfs_single_query_seconds,speedup_single_query,speedup_amortised,crossover_queries,fast_elements_visited,fast_closures,fast_validity_checks,fast_peak_kib,r_bfs,r_fast,agree
V0->V1 V0->V2 V0->V3 V1->V2 V1->V3 V4->V1 V2-V3,5,1,3,1,0,0.00011570799999982562,3.2457999999957465e-05,8.895899999994406e-05,0.00014816599999978308,1.6655537944432408,0.36486471295740597,2.047892957644167,1,0,1,3.6640625,-1,-1,True
V0->V1 V0->V2 V0->V3 V1->V2 V1->V3 V4->V1 V2-V3,5,1,3,1,0,0.00011570799999982562,3.7583000000118716e-05,8.07499999999628e-05,0.00015329099999994433,1.898340557275727,0.46542414860849574,2.680473509862709,1,0,1,3.8359375,-1,-1,True
V0->V1 V0->V2 V0->V3 V1->V2 V1->V3 V4->V1 V2-V3,5,1,3,1,0,0.00011570799999982562,3.691599999999795e-05,7.749999999995261e-05,0.00015262399999982357,1.9693419354827988,0.4763354838712326,2.8510743149998743,1,0,1,3.78125,-1,-1,True
V0->V1 V0->V2 V0->V3 V1->V2 V3->V2 V4->V1 V4->V3 V1-V3,5,1,3,1,0,0.00010037499999993038,3.733299999986173e-05,7.412500000003597e-05,0.0001377079999997921,1.8577807757129887,0.5036492411446019,2.7281746031597907,1,0,1,3.90625,-1,-1,True
V0->V1 V0->V2 V0->V3 V1->V2 V3->V2 V4->V1 V4->V3 V1-V3,5,1,3,1,0,0.00010037499999993038,4.616700000004137e-05,8.283400000008712e-05,0.00014654199999997175,1.769104474006056,0.5573436028683006,2.737475113857287,1,0,1,4.1171875,-1,-1,True
V0->V1 V0->V2 V0->V3 V1->V2 V3->V2 V4->V1 V4->V3 V1-V3,5,1,3,1,0,0.00010037499999993038,3.729100000016139e-05,7.279099999979444e-05,0.00013766600000009177,1.8912502919382965,0.5123023450737962,2.82746478875966,1,0,1,3.8515625,-1,-1,True
V0->V1 V0->V2 V0->V3 V1->V2 V4->V1 V4->V3 V1-V3,5,1,3,1,0,8.916699999983457e-05,3.375000000005457e-05,7.104199999985461e-05,0.00012291699999988914,1.7302018524273064,0.47507108471219334,2.3910490185646434,1,0,1,3.625,-1,-1,True
V0->V1 V0->V2 V0->V3 V1->V2 V4->V1 V4->V3 V1-V3,5,1,3,1,0,8.916699999983457e-05,3.64170000000108e-05,7.333300000000875e-05,0.00012558399999984537,1.712516875074392,0.496597711807869,2.415402535481621,1,0,1,3.8359375,-1,-1,True
V0->V1 V0->V2 V0->V3 V1->V2 V4->V1 V4->V3 V1-V3,5,1,3,1,0,8.916699999983457e-05,3.3082999999933804e-05,6.87919999999842e-05,0.00012224999999976838,1.7770961739707591,0.4809134783105798,2.4970455627351296,1,0,1,3.5703125,-1,-1,True
V0->V1 V0->V2 V0->V3 V1->V3 V2->V3 V4->V1 V4->V2 V1-V2,5,1,3,1,0,9.537499999989763e-05,3.658299999997894e-05,7.050000000008438e-05,0.00013195799999987656,1.8717446808470726,0.5189078014175199,2.8120116755491673,1,0,1,3.90625,-1,-1,True
V0->V1 V0->V2 V0->V3 V1->V3 V2->V3 V4->V1 V4->V2 V1-V2,5,1,3,1,0,9.537499999989763e-05,3.6750000000029814e-05,6.966699999999548e-05,0.00013212499999992744,1.8965220262094824,0.5275094377543486,2.8974390132757266,1,0,1,3.8515625,-1,-1,True
V0->V1 V0->V2 V0->V3 V1->V3 V2->V3 V4->V1 V4->V2 V1-V2,5,1,3,1,0,9.537499999989763e-05,4.279200000012473e-05,7.995799999993558e-05,0.00013816700000002236,1.7279946972177103,0.535180970011246,2.5661895280735894,1,0,1,4.1171875,-1,-1,True
V0->V1 V0->V2 V0->V3 V1->V3 V4->V1 V4->V2 V1-V2,5,1,3,1,0,8.775000000005306e-05,3.3916000000022706e-05,6.870799999991739e-05,0.00012166600000007577,1.7707690516420511,0.49362519648459396,2.522131524497548,1,0,1,3.625,-1,-1,True
V0->V1 V0->V2 V0->V3 V1->V3 V4->V1 V4->V2 V1-V2,5,1,3,1,0,8.775000000005306e-05,3.337499999989113e-05,6.9874999999886e-05,0.0001211249999999442,1.7334525939197396,0.4776386404285593,2.4041095890428874,1,0,1,3.5703125,-1,-1,True
V0->V1 V0->V2 V0->V3 V1->V3 V4->V1 V4->V2 V1-V2,5,1,3,1,0,8.775000000005306e-05,3.6208000000037543e-05,7.258399999998666e-05,0.0001239580000000906,1.70778684007651,0.4988427201593216,2.41230481636727,1,0,1,3.8359375,-1,-1,True
V0->V1 V0->V2 V0->V3 V2->V1 V2->V3 V4->V2 V1-V3,5,1,3,1,0,8.666700000015126e-05,3.741600000006784e-05,7.341599999999282e-05,0.0001240830000002191,1.6901356652532313,0.5096436744043736,2.407416666675885,1,0,1,3.8359375,-1,-1,True
V0->V1 V0->V2 V0->V3 V2->V1 V2->V3 V4->V2 V1-V3,5,1,3,1,0,8.666700000015126e-05,3.133399999999398e-05,6.4000000000064e-05,0.00011800100000014524,1.8437656250004255,0.48959374999941624,2.653125573990249,1,0,1,3.1640625,-1,-1,True
V0->V1 V0->V2 V0->V3 V2->V1 V2->V3 V4->V2 V1-V3,5,1,3,1,0,8.666700000015126e-05,3.654199999991725e-05,7.23750000000134e-05,0.00012320900000006851,1.7023696027640165,0.5048981001714747,2.418636452429847,1,0,1,3.78125,-1,-1,True
V0->V1 V0->V2 V0->V3 V4->V1 V4->V2 V4->V3 V1-V2 V1-V3,5,2,6,1,0,0.0003794999999999771,9.341699999998454e-05,9.837500000009491e-05,0.0004729169999999616,4.8072884370978946,0.9496010165173511,76.54296086961047,1,0,1,3.9609375,-1,-1,True
V0->V1 V0->V2 V0->V3 V4->V1 V4->V2 V4->V3 V1-V2 V1-V3,5,2,6,1,0,0.0003794999999999771,9.479099999998297e-05,0.00010104200000005115,0.00047429099999996005,4.693998535259793,0.9381346370809662,60.710286353517546,1,0,1,4.1171875,-1,-1,True
V0->V1 V0->V2 V0->V3 V4->V1 V4->V2 V4->V3 V1-V2 V1-V3,5,2,6,1,0,0.0003794999999999771,9.341699999998454e-05,0.00011333300000004876,0.0004729169999999616,4.172809331790019,0.8242700713820719,19.055031130686555,1,0,1,4.1171875,-1,-1,True
V0->V1 V0->V2 V0->V3 V4->V1 V4->V2 V4->V3 V1-V2 V2-V3,5,2,6,1,0,0.0003527500000000128,9.174999999994604e-05,0.0001035419999999565,0.0004444999999999588,4.292943926137659,0.8861138475206639,29.914348710965047,1,0,1,4.171875,-1,-1,True
V0->V1 V0->V2 V0->V3 V4->V1 V4->V2 V4->V3 V1-V2 V2-V3,5,2,6,1,0,0.0003527500000000128,8.654099999994003e-05,9.74579999999392e-05,0.0004392909999999528,4.507490406125991,0.8879825155450964,32.311990473576934,1,0,1,3.90625,-1,-1,True
V0->V1 V0->V2 V0->V3 V4->V1 V4->V2 V4->V3 V1-V2 V2-V3,5,2,6,1,0,0.0003527500000000128,8.954099999991527e-05,9.995900000014935e-05,0.00044229099999992805,4.424724136888797,0.8957772686779729,33.85966596199723,1,0,1,4.0625,-1,-1,True
V0->V1 V0->V2 V0->V3 V4->V1 V4->V2 V4->V3 V1-V3 V2-V3,5,2,6,1,0,0.00034724999999991013,9.062499999989981e-05,0.00010241700000013232,0.00043787499999980994,4.275413261462885,0.8848628645613787,29.447930799954488,1,0,1,4.1171875,-1,-1,True
V0->V1 V0->V2 V0->V3 V4->V1 V4->V2 V4->V3 V1-V3 V2-V3,5,2,6,1,0,0.00034724999999991013,8.941700000009156e-05,0.00010154199999989899,0.0004366670000000017,4.300358472360561,0.8805912824267841,28.6391752581794,1,0,1,4.0625,-1,-1,True
V0->V1 V0->V2 V0->V3 V4->V1 V4->V2 V4->V3 V1-V3 V2-V3,5,2,6,1,0,0.00034724999999991013,8.929199999996307e-05,9.558300000001019e-05,0.0004365419999998732,4.567151062425606,0.9341828567836702,55.19790176399765,1,0,1,3.90625,-1,-1,True
V0->V1 V0->V2 V0->V4 V3->V1 V3->V2 V3->V4 V1-V2 V1-V4,5,2,6,1,0,0.0003335830000001927,8.82909999999626e-05,9.683299999996287e-05,0.0004218740000001553,4.356717234830245,0.9117862712091586,39.05209552800071,1,0,1,3.9609375,-1,-1,True
V0->V1 V0->V2 V0->V4 V3->V1 V3->V2 V3->V4 V1-V2 V1-V4,5,2,6,1,0,0.0003335830000001927,9.008399999999028e-05,0.00010220800000015906,0.000423667000000183,4.145145194109303,0.8813791484017894,27.514269217712712,1,0,1,4.2158203125,-1,-1,True
V0->V1 V0->V2 V0->V4 V3->V1 V3->V2 V3->V4 V1-V2 V1-V4,5,2,6,1,0,0.0003335830000001927,9.137500000000465e-05,9.904199999999364e-05,0.00042495800000019734,4.290684760003076,0.9225883968418501,43.5089343942444,1,0,1,4.1171875,-1,-1,True
V0->V1 V0->V2 V0->V4 V3->V1 V3->V2 V3->V4 V1-V2 V2-V4,5,2,6,1,0,0.0003401249999999134,9.141699999992703e-05,9.941699999993503e-05,0.00043154199999984044,4.340726435117962,0.9195308649424824,42.51562499994666,1,0,1,4.171875,-1,-1,True
V0->V1 V0->V2 V0->V4 V3->V1 V3->V2 V3->V4 V1-V2 V2-V4,5,2,6,1,0,0.0003401249999999134,8.620799999992101e-05,0.00010124999999994166,0.00042633299999983443,4.210696296297087,0.8514370370367474,22.611687275591443,1,0,1,3.90625,-1,-1,True
V0->V1 V0->V2 V0->V4 V3->V1 V3->V2 V3->V4 V1-V2 V2-V4,5,2,6,1,0,0.0003401249999999134,8.908300000021185e-05,9.679199999990118e-05,0.00042920800000012527,4.434333415990614,0.9203549880186669,44.12050849832929,1,0,1,4.0625,-1,-1,True
V0->V1 V0->V2 V0->V4 V3->V1 V3->V2 V3->V4 V1-V4 V2-V4,5,2,6,1,0,0.00034362499999995855,9.583300000004513e-05,9.754099999992327e-05,0.0004394580000000037,4.505366973891485,0.982489414708897,201.18559720402516,1,0,1,4.1171875,-1,-1,True
V0->V1 V0->V2 V0->V4 V3->V1 V3->V2 V3->V4 V1-V4 V2-V4,5,2,6,1,0,0.00034362499999995855,9.020899999989673e-05,0.00012429200000019236,0.0004338339999998553,3.4904418627038254,0.7257828339696611,10.082005691898543,1,0,1,4.0625,-1,-1,True
V0->V1 V0->V2 V0->V4 V3->V1 V3->V2 V3->V4 V1-V4 V2-V4,5,2,6,1,0,0.00034362499999995855,8.85000000001579e-05,0.00010179199999993394,0.00043212500000011644,4.245176438230872,0.8694199937147844,25.85201625080864,1,0,1,3.90625,-1,-1,True
V0->V1 V0->V2 V0->V3 V4->V1 V4->V2 V4->V3 V1-V2 V1-V3 V2-V3,5,3,19,1,0,0.0017598340000000157,0.000429875000000024,0.0001926249999999463,0.0021897090000000397,11.367730045428424,2.231667748216191,inf,1,0,1,4.171875,-1,-1,True
V0->V1 V0->V2 V0->V3 V4->V1 V4->V2 V4->V3 V1-V2 V1-V3 V2-V3,5,3,19,1,0,0.0017598340000000157,0.0003864579999999229,0.0001835420000000365,0.0021462919999999386,11.693737673118477,2.105556221463458,inf,1,0,1,4.1171875,-1,-1,True
V0->V1 V0->V2 V0->V3 V4->V1 V4->V2 V4->V3 V1-V2 V1-V3 V2-V3,5,3,19,1,0,0.0017598340000000157,0.00038549999999992757,0.00018504200000002413,0.0021453339999999432,11.593767901339499,2.0833108159222085,inf,1,0,1,4.171875,-1,-1,True
V0->V1 V0->V2 V0->V4 V3->V1 V3->V2 V3->V4 V1-V2 V1-V4 V2-V4,5,3,19,1,0,0.001659417000000163,0.0003967500000001678,0.00018791699999987088,0.0020561670000003307,10.941889238343224,2.1113044588857868,inf,1,0,1,4.171875,-1,-1,True
V0->V1 V0->V2 V0->V4 V3->V1 V3->V2 V3->V4 V1-V2 V1-V4 V2-V4,5,3,19,1,0,0.001659417000000163,0.000493625000000053,0.00023229099999988456,0.002153042000000216,9.26872758738516,2.1250285202625085,inf,1,0,1,4.1171875,-1,-1,True
V0->V1 V0->V2 V0->V4 V3->V1 V3->V2 V3->V4 V1-V2 V1-V4 V2-V4,5,3,19,1,0,0.001659417000000163,0.0004098340000000533,0.00019062500000011084,0.0020692510000002162,10.855087213109577,2.149948852458046,inf,1,0,1,4.171875,-1,-1,True
V0->V1 V0->V2 V3->V1 V3->V2 V0-V4 V1-V2 V3-V4,5,3,18,2,1,0.0014962920000001212,6.941699999996054e-05,0.0005328340000001486,0.0015657090000000817,2.9384555039649216,0.1302788485718651,3.228824147580935,1,1,2,7.8095703125,1,1,True
V0->V1 V0->V2 V3->V1 V3->V2 V0-V4 V1-V2 V3-V4,5,3,18,2,1,0.0014962920000001212,5.2833000000029884e-05,0.0004949590000000725,0.001549125000000151,3.129804690893436,0.10674217460440591,3.3843112596861005,1,1,2,7.4736328125,1,1,True
V0->V1 V0->V2 V3->V1 V3->V2 V0-V4 V1-V2 V3-V4,5,3,18,2,1,0.0014962920000001212,4.491600000000595e-05,0.0004586250000000458,0.0015412080000001271,3.360497138184733,0.09793622240392796,3.6167741093376673,1,1,2,7.4111328125,1,1,True
V0->V1 V0->V2 V3->V1 V3->V2 V4->V1 V4->V2 V0-V3 V0-V4 V1-V2,5,3,18,2,1,0.0015766249999999982,9.612500000000246e-05,0.0006089999999998597,0.0016727500000000006,2.7467159277510445,0.1578407224959353,3.0740921277122832,1,1,2,11.0625,1,1,True
V0->V1 V0->V2 V3->V1 V3->V2 V4->V1 V4->V2 V0-V3 V0-V4 V1-V2,5,3,18,2,1,0.0015766249999999982,9.662500000007235e-05,0.0006018329999999406,0.0016732500000000705,2.780256316952104,0.16055118280333897,3.120744327089851,1,1,2,10.9228515625,1,1,True
V0->V1 V0->V2 V3->V1 V3->V2 V4->V1 V4->V2 V0-V3 V0-V4 V1-V2,5,3,18,2,1,0.0015766249999999982,7.650000000003487e-05,0.0005713330000001182,0.001653125000000033,2.8934526799601827,0.13389739433923656,3.1861759421860154,1,1,2,10.9228515625,1,1,True
V0->V1 V0->V2 V3->V1 V3->V2 V4->V1 V4->V2 V0-V3 V1-V2 V3-V4,5,3,18,2,1,0.0016316250000001364,7.674999999984777e-05,0.0005584999999999063,0.0017083749999999842,3.0588630259628844,0.13742166517432525,3.3868707836013248,1,1,2,9.3759765625,1,1,True
V0->V1 V0->V2 V3->V1 V3->V2 V4->V1 V4->V2 V0-V3 V1-V2 V3-V4,5,3,18,2,1,0.0016316250000001364,6.304199999984661e-05,0.0005087500000000578,0.001694666999999983,3.331040786240375,0.12391547911516354,3.6607487413269753,1,1,2,9.3759765625,1,1,True
V0->V1 V0->V2 V3->V1 V3->V2 V4->V1 V4->V2 V0-V3 V1-V2 V3-V4,5,3,18,2,1,0.0016316250000001364,5.237500000010442e-05,0.0004879999999998219,0.0016840000000002409,3.4508196721329005,0.10732581967238429,3.7454806312796434,1,1,2,9.3759765625,1,1,True
V0->V1 V0->V2 V3->V1 V3->V2 V4->V1 V4->V2 V0-V4 V1-V2 V3-V4,5,3,18,2,1,0.001633624999999972,7.529100000014388e-05,0.0005428329999999093,0.0017089160000001158,3.1481431674205536,0.1387001158738626,3.4940711208849504,1,1,2,9.3759765625,1,1,True
V0->V1 V0->V2 V3->V1 V3->V2 V4->V1 V4->V2 V0-V4 V1-V2 V3-V4,5,3,18,2,1,0.001633624999999972,6.212500000013499e-05,0.0005158329999999101,0.001695750000000107,3.2874011550257594,0.12043626522565602,3.6006087615840623,1,1,2,9.3759765625,1,1,True
V0->V1 V0->V2 V3->V1 V3->V2 V4->V1 V4->V2 V0-V4 V1-V2 V3-V4,5,3,18,2,1,0.001633624999999972,5.291599999979191e-05,0.0004921249999998434,0.0016865409999997638,3.427058166116943,0.10752552705066548,3.719470684798764,1,1,2,9.3759765625,1,1,True
V0->V1 V2->V1 V0-V3 V0-V4 V2-V3 V3-V4,5,4,32,2,1,0.0053089590000001685,5.329200000003809e-05,0.0006338329999999726,0.005362251000000207,8.460037580877675,0.08407892930794136,9.144847650727112,1,1,2,8.3330078125,1,1,True
V0->V1 V2->V1 V0-V3 V0-V4 V2-V3 V3-V4,5,4,32,2,1,0.0053089590000001685,0.00010241699999991027,0.0008093750000000011,0.005411376000000079,6.68586996139005,0.12653837837826734,7.509581898782511,1,1,2,8.3330078125,1,1,True
V0->V1 V2->V1 V0-V3 V0-V4 V2-V3 V3-V4,5,4,32,3,2,0.0053089590000001685,0.00015858400000001716,0.0012387499999999552,0.005467543000000186,4.413758224016455,0.1280193743693424,4.914947332169753,2,3,3,9.1025390625,2,2,True
V0->V1 V2->V1 V0-V3 V0-V4 V2-V4 V3-V4,5,4,32,2,1,0.005396999999999874,5.366699999997948e-05,0.0006918339999999468,0.005450666999999854,7.878576363694576,0.07757207653856794,8.457033973866011,1,1,2,8.5283203125,1,1,True
V0->V1 V2->V1 V0-V3 V0-V4 V2-V4 V3-V4,5,4,32,2,1,0.005396999999999874,8.049999999992785e-05,0.0007589580000000318,0.005477499999999802,7.217131909802087,0.10606647535163274,7.954803392397241,1,1,2,8.8232421875,1,1,True
V0->V1 V2->V1 V0-V3 V0-V4 V2-V4 V3-V4,5,4,32,4,2,0.005396999999999874,6.966699999999548e-05,0.0007344169999998762,0.00546666699999987,7.443546377603992,0.09486027692715068,8.118841669801945,1,2,2,10.384765625,1,1,True
V0->V1 V2->V1 V0-V3 V2-V3 V2-V4 V3-V4,5,4,32,2,1,0.005334041999999872,6.358400000006093e-05,0.0006689999999998086,0.005397625999999933,8.06820029895587,0.0950433482811347,8.810540190550126,1,1,2,8.3330078125,1,1,True
V0->V1 V2->V1 V0-V3 V2-V3 V2-V4 V3-V4,5,4,32,2,1,0.005334041999999872,6.983400000004636e-05,0.0006954589999998984,0.005403875999999919,7.770229445590191,0.10041425878456756,8.525941258743071,1,1,2,8.3330078125,1,1,True
V0->V1 V2->V1 V0-V3 V2-V3 V2-V4 V3-V4,5,4,32,3,2,0.005334041999999872,0.00013016700000001435,0.0011187910000001189,0.005464208999999887,4.884030171854534,0.1163461272033834,5.395420301347436,2,3,3,9.1025390625,2,2,True
V0->V1 V2->V1 V0-V4 V2-V3 V2-V4 V3-V4,5,4,32,2,1,0.005491917000000068,6.349999999999412e-05,0.0006971669999999985,0.0055554170000000624,7.968559900282248,0.09108291126802366,8.66688181647463,1,1,2,8.3876953125,1,1,True
V0->V1 V2->V1 V0-V4 V2-V3 V2-V4 V3-V4,5,4,32,2,1,0.005491917000000068,7.07079999999749e-05,0.0007646670000001077,0.005562625000000043,7.274571807073222,0.09246900938573908,7.913892607486923,1,1,2,8.3876953125,1,1,True
V0->V1 V2->V1 V0-V4 V2-V3 V2-V4 V3-V4,5,4,32,4,2,0.005491917000000068,3.64170000000108e-05,0.0006299169999999243,0.005528334000000079,8.776289574659428,0.0578123784562334,9.253440606572651,1,2,2,10.384765625,1,1,True
V0->V1 V2->V1 V3->V1 V0-V2 V0-V3 V0-V4 V2-V4,5,4,32,2,1,0.005158625000000194,0.00010933300000015578,0.000809041999999982,0.00526795800000035,6.511352933470039,0.13513884322465114,7.372529151406478,1,1,2,9.4482421875,1,1,True
V0->V1 V2->V1 V3->V1 V0-V2 V0-V3 V0-V4 V2-V4,5,4,32,2,1,0.005158625000000194,0.00010658400000007617,0.0007669999999999622,0.0052652090000002705,6.864679269883351,0.13896219035212704,7.811175077528535,1,1,2,9.4482421875,1,1,True
V0->V1 V2->V1 V3->V1 V0-V2 V0-V3 V0-V4 V2-V4,5,4,32,4,2,0.005158625000000194,0.00017324999999979163,0.0009580419999999368,0.005331874999999986,5.56538752998338,0.18083758332077618,6.5732385141531005,1,2,3,11.4638671875,1,1,True
V0->V1 V2->V1 V3->V1 V0-V2 V0-V3 V0-V4 V3-V4,5,4,32,2,1,0.0052926660000001124,0.00013416699999990733,0.0009061249999999799,0.00542683300000002,5.989055593875172,0.14806676782994654,6.85615797750605,1,1,2,9.4482421875,1,1,True
V0->V1 V2->V1 V3->V1 V0-V2 V0-V3 V0-V4 V3-V4,5,4,32,2,1,0.0052926660000001124,8.95830000000597e-05,0.0007469579999999088,0.005382249000000172,7.205557742203483,0.11993043785603828,8.051212778096714,1,1,2,9.4482421875,1,1,True
V0->V1 V2->V1 V3->V1 V0-V2 V0-V3 V0-V4 V3-V4,5,4,32,4,2,0.0052926660000001124,0.00020212499999994193,0.0009749999999999481,0.005494791000000054,5.635683076923432,0.2073076923076438,6.848023289665302,1,2,3,12.5419921875,1,1,True
V0->V1 V2->V1 V0-V3 V0-V4 V2-V3 V2-V4 V3-V4,5,5,52,4,2,0.020276708000000143,7.695799999996034e-05,0.0011679170000000738,0.020353666000000104,17.427322318280165,0.06589338112207928,18.586132017791716,1,2,2,13.109375,1,1,True
V0->V1 V2->V1 V0-V3 V0-V4 V2-V3 V2-V4 V3-V4,5,5,52,4,2,0.020276708000000143,0.0001623330000000145,0.0013143330000000564,0.020439041000000158,15.550884745341767,0.1235097954627994,17.601309027777262,1,2,2,13.109375,1,1,True
V0->V1 V2->V1 V0-V3 V0-V4 V2-V3 V2-V4 V3-V4,5,5,52,5,3,0.020276708000000143,0.00023479100000001196,0.0018018749999999528,0.020511499000000155,11.383419493583457,0.13030371141173394,12.939132809728711,2,5,3,13.8310546875,2,2,True
V0->V1 V2->V1 V3->V1 V0-V2 V0-V3 V0-V4 V2-V4 V3-V4,5,5,52,4,2,0.021332709000000172,8.595799999988607e-05,0.0011627919999999126,0.021418667000000058,18.420032989564486,0.07392379720525472,19.810582689625,1,2,2,18.7509765625,1,1,True
V0->V1 V2->V1 V3->V1 V0-V2 V0-V3 V0-V4 V2-V4 V3-V4,5,5,52,4,2,0.021332709000000172,0.00010954199999990699,0.0012221669999998852,0.02144225100000008,17.544452599360064,0.0896293223429509,19.173314459050076,1,2,2,18.4267578125,1,1,True
V0->V1 V2->V1 V3->V1 V0-V2 V0-V3 V0-V4 V2-V4 V3-V4,5,5,52,8,3,0.021332709000000172,5.0874999999894754e-05,0.0009474169999998949,0.021383584000000067,22.57040352875496,0.05369863534209371,23.794433501163546,1,3,2,19.1025390625,1,1,True
V0->V1 V2->V1 V3->V1 V0-V2 V0-V4 V2-V3 V2-V4 V3-V4,5,5,52,4,2,0.021559832999999973,8.662500000000684e-05,0.0011649170000000986,0.02164645799999998,18.58197450977035,0.07436152103540382,19.99442915276951,1,2,2,16.8759765625,1,1,True
V0->V1 V2->V1 V3->V1 V0-V2 V0-V4 V2-V3 V2-V4 V3-V4,5,5,52,4,2,0.021559832999999973,0.00018366699999994296,0.001353291999999895,0.021743499999999916,16.067116335573996,0.1357186771221268,18.433115742225805,1,2,2,17.6533203125,1,1,True
V0->V1 V2->V1 V3->V1 V0-V2 V0-V4 V2-V3 V2-V4 V3-V4,5,5,52,5,3,0.021559832999999973,0.00026762499999999356,0.0018562920000000371,0.021827457999999966,11.758633878721414,0.14417182210556756,13.571020862143786,2,5,3,18.9599609375,2,2,True
V0->V1 V2->V1 V3->V1 V0-V3 V0-V4 V2-V3 V2-V4 V3-V4,5,5,52,4,2,0.021032750000000044,8.699999999994823e-05,0.0012907499999998961,0.021119749999999993,16.36238620956939,0.0674026728645789,17.47268951194264,1,2,2,16.8759765625,1,1,True
V0->V1 V2->V1 V3->V1 V0-V3 V0-V4 V2-V3 V2-V4 V3-V4,5,5,52,4,2,0.021032750000000044,0.00018687500000003077,0.0013526659999998358,0.021219625000000075,15.687261304714283,0.1381530991390731,18.04161294777843,1,2,2,16.8720703125,1,1,True
V0->V1 V2->V1 V3->V1 V0-V3 V0-V4 V2-V3 V2-V4 V3-V4,5,5,52,5,3,0.021032750000000044,0.00027395799999996306,0.0018716249999999324,0.021306708000000008,11.38406892406373,0.14637440726639844,13.164664476389916,2,5,3,17.9208984375,2,2,True
V0->V1 V2->V1 V3->V1 V4->V1 V0-V2 V0-V3 V0-V4 V2-V3 V2-V4,5,5,52,4,2,0.021900916999999964,0.0001527910000000965,0.0013190410000001318,0.02205370800000006,16.719501516630533,0.11583491339547536,18.778921329045488,1,2,2,21.892578125,1,1,True
V0->V1 V2->V1 V3->V1 V4->V1 V0-V2 V0-V3 V0-V4 V2-V3 V2-V4,5,5,52,4,2,0.021900916999999964,0.00012579200000017998,0.001271167000000073,0.022026709000000144,17.32794274867022,0.09895788672941695,19.12117603405174,1,2,2,18.943359375,1,1,True
V0->V1 V2->V1 V3->V1 V4->V1 V0-V2 V0-V3 V0-V4 V2-V3 V2-V4,5,5,52,7,3,0.021900916999999964,0.0001318749999998925,0.0008983750000000068,0.022032791999999857,24.52516154167212,0.14679282036999192,28.572624918456228,1,3,2,13.7470703125,1,1,True
V0->V1 V2->V1 V3->V1 V4->V1 V0-V2 V0-V3 V0-V4 V2-V3 V3-V4,5,5,52,4,2,0.022481583000000027,0.0001020000000000465,0.0013104999999997702,0.022583583000000074,17.232798931708533,0.07783288821065577,18.6028820852339,1,2,2,21.892578125,1,1,True
V0->V1 V2->V1 V3->V1 V4->V1 V0-V2 V0-V3 V0-V4 V2-V3 V3-V4,5,5,52,4,2,0.022481583000000027,0.00015254199999992224,0.0013040410000000335,0.02263412499999995,17.35691209095371,0.11697638341119514,19.523753820018822,1,2,2,18.939453125,1,1,True
V0->V1 V2->V1 V3->V1 V4->V1 V0-V2 V0-V3 V0-V4 V2-V3 V3-V4,5,5,52,7,3,0.022481583000000027,5.620799999972448e-05,0.0008192909999999998,0.02253779099999975,27.508896106511312,0.06860566025957138,29.461517292341615,1,3,2,13.7509765625,1,1,True
V0-V1 V0-V2 V0-V3 V0-V4 V1-V2 V1-V3,5,6,89,7,3,0.07379566700000018,0.00012504200000007515,0.0012108750000003887,0.07392070900000025,61.04734923090866,0.10326582017139259,67.96226215263201,1,3,2,15.9091796875,1,1,True
V0-V1 V0-V2 V0-V3 V0-V4 V1-V2 V1-V3,5,6,89,7,3,0.07379566700000018,0.0001000840000000558,0.0011987079999999928,0.07389575100000023,61.64616487084484,0.08349322770854653,67.17099480805481,1,3,2,14.7060546875,1,1,True
V0-V1 V0-V2 V0-V3 V0-V4 V1-V2 V1-V3,5,6,89,14,4,0.07379566700000018,0.00013770800000001415,0.001062458000000266,0.07393337500000019,69.58710367843405,0.1296126529236729,79.8006672073318,1,4,2,17.2744140625,1,1,True
V0-V1 V0-V2 V0-V3 V0-V4 V1-V2 V1-V4,5,6,89,7,3,0.07360575000000003,0.00012366599999991124,0.001203832999999932,0.07372941599999994,61.24555150091757,0.10272687324563974,68.14293530537279,1,3,2,15.9013671875,1,1,True
V0-V1 V0-V2 V0-V3 V0-V4 V1-V2 V1-V4,5,6,89,7,3,0.07360575000000003,9.900000000007125e-05,0.001153374999999901,0.0737047500000001,63.903543947117306,0.08583504931187147,69.80983995258984,1,3,2,14.7060546875,1,1,True
V0-V1 V0-V2 V0-V3 V0-V4 V1-V2 V1-V4,5,6,89,14,4,0.07360575000000003,0.00013112499999978766,0.0010055839999996152,0.07373687499999981,73.32741471625248,0.1303968639117546,84.17290004450128,1,4,2,14.5322265625,1,1,True
V0-V1 V0-V2 V0-V3 V0-V4 V1-V2 V2-V3,5,6,89,7,3,0.07417362500000024,7.899999999994023e-05,0.0011635420000000174,0.07425262500000018,63.81602469012642,0.067896130951817,68.39165749228242,1,3,2,15.9130859375,1,1,True
V0-V1 V0-V2 V0-V3 V0-V4 V1-V2 V2-V3,5,6,89,7,3,0.07417362500000024,0.0001247079999999734,0.0012093339999998953,0.07429833300000022,61.43739694741622,0.10312122209413131,68.38636082853037,1,3,2,14.7099609375,1,1,True
V0-V1 V0-V2 V0-V3 V0-V4 V1-V2 V2-V3,5,6,89,14,4,0.07417362500000024,7.799999999980045e-05,0.0010807500000002968,0.07425162500000004,68.7037936617901,0.0721721027062494,73.97020693090354,1,4,2,17.2861328125,1,1,True
V0-V1 V0-V2 V0-V3 V0-V4 V1-V2 V2-V4,5,6,89,7,3,0.07367945799999998,7.862499999999883e-05,0.0011954579999997605,0.07375808299999997,61.698598361477146,0.06576977192006292,65.97177733825531,1,3,2,15.9130859375,1,1,True
V0-V1 V0-V2 V0-V3 V0-V4 V1-V2 V2-V4,5,6,89,7,3,0.07367945799999998,0.00012625000000010544,0.0012227080000002388,0.07380570800000008,60.36249701481111,0.10325441560869872,67.19770205515488,1,3,2,14.7099609375,1,1,True
V0-V1 V0-V2 V0-V3 V0-V4 V1-V2 V2-V4,5,6,89,14,4,0.07367945799999998,6.750000000010914e-05,0.0009855409999999232,0.07374695800000008,74.82890919810117,0.06849030126612125,80.25726301985956,1,4,2,14.5400390625,1,1,True
V0-V1 V0-V2 V0-V3 V0-V4 V1-V2 V3-V4,5,6,154,7,3,0.09203704100000021,0.00013562499999997257,0.0013082499999996777,0.09217266600000018,70.45493292568155,0.1036690235046864,78.48804263939738,1,3,2,18.0458984375,1,1,True
V0-V1 V0-V2 V0-V3 V0-V4 V1-V2 V3-V4,5,6,154,7,3,0.09203704100000021,9.266600000001901e-05,0.0012205840000003576,0.09212970700000023,75.48002185836717,0.07591939596127088,81.59905329994962,1,3,2,17.4990234375,1,1,True
V0-V1 V0-V2 V0-V3 V0-V4 V1-V2 V3-V4,5,6,154,7,3,0.09203704100000021,0.000117874999999934,0.0012525409999999404,0.09215491600000014,73.57437081900275,0.09410869584304196,81.11377356860935,1,3,2,17.4912109375,1,1,True
V0-V1 V0-V2 V0-V3 V0-V4 V1-V3 V1-V4,5,6,89,7,3,0.07311654099999965,0.0001224170000000413,0.0012026249999999017,0.07323895799999969,60.899247895233906,0.10179149776534772,67.68746482159834,1,3,2,15.9130859375,1,1,True
V0-V1 V0-V2 V0-V3 V0-V4 V1-V3 V1-V4,5,6,89,7,3,0.07311654099999965,9.854199999992375e-05,0.001133790999999995,0.07321508299999957,64.57546673064073,0.08691372572186952,70.62700954069466,1,3,2,14.7099609375,1,1,True
V0-V1 V0-V2 V0-V3 V0-V4 V1-V3 V1-V4,5,6,89,14,4,0.07311654099999965,0.00013283299999988785,0.0010048750000000162,0.07324937399999953,72.8940156735896,0.13218858066912373,83.84520585016419,1,4,2,14.5400390625,1,1,True
V0-V1 V0-V2 V0-V3 V0-V4 V1-V2 V1-V3 V1-V4,5,7,145,7,3,0.3027592499999998,0.00015770800000014518,0.0019704589999998134,0.30291695799999996,153.72913519135827,0.08003617431276677,167.01645730718406,1,3,2,17.2392578125,1,1,True
V0-V1 V0-V2 V0-V3 V0-V4 V1-V2 V1-V3 V1-V4,5,7,145,7,3,0.3027592499999998,0.00013695899999977001,0.0018198750000002484,0.3028962089999996,166.4379196373148,0.07525736657723818,179.90158154056041,1,3,2,15.8173828125,1,1,True
V0-V1 V0-V2 V0-V3 V0-V4 V1-V2 V1-V3 V1-V4,5,7,145,7,3,0.3027592499999998,0.00010929199999987205,0.001861707999999851,0.3028685419999997,162.68316083941409,0.05870523196971856,172.76676884940758,1,3,2,15.8173828125,1,1,True
V0-V1 V0-V2 V0-V3 V0-V4 V1-V2 V1-V3 V2-V3,5,7,336,25,5,0.42885329100000025,0.0001970419999999251,0.0012074159999997391,0.4290503330000002,355.34590646479165,0.16319313310405667,424.45004622058684,1,5,2,17.7939453125,1,1,True
V0-V1 V0-V2 V0-V3 V0-V4 V1-V2 V1-V3 V2-V3,5,7,336,25,5,0.42885329100000025,0.0001885829999999089,0.0011626659999999234,0.42904187400000016,369.01558487134605,0.16219877419647719,440.2636027935955,1,5,2,17.7314453125,1,1,True
V0-V1 V0-V2 V0-V3 V0-V4 V1-V2 V1-V3 V2-V3,5,7,336,25,5,0.42885329100000025,0.00012720800000032284,0.001231665999999798,0.42898049900000057,348.292880537476,0.10328124670190107,388.29298262152474,1,5,2,17.7431640625,1,1,True
V0-V1 V0-V2 V0-V3 V0-V4 V1-V2 V1-V3 V2-V4,5,7,110,7,3,0.25293291699999987,0.0001340000000000785,0.0019098340000001102,0.25306691699999995,132.50728440272053,0.07016316601341832,142.43049575579437,1,3,2,19.1220703125,1,1,True
V0-V1 V0-V2 V0-V3 V0-V4 V1-V2 V1-V3 V2-V4,5,7,110,7,3,0.25293291699999987,0.0001879999999996329,0.0020592920000002124,0.2531209169999995,122.91647663370391,0.0912935125274189,135.16485775598974,1,3,2,16.9345703125,1,1,True
V0-V1 V0-V2 V0-V3 V0-V4 V1-V2 V1-V3 V2-V4,5,7,110,14,4,0.25293291699999987,0.00011666699999945962,0.0016041669999999897,0.25304958399999933,157.74516244256424,0.07272746540694353,170.03893579825865,1,4,2,17.2705078125,1,1,True
V0-V1 V0-V2 V0-V3 V0-V4 V1-V2 V1-V3 V3-V4,5,7,110,7,3,0.2549895419999997,0.0001933330000003508,0.0020240409999994213,0.25518287500000003,126.07594164351067,0.09551832201047611,139.2846603609801,1,3,2,19.1220703125,1,1,True
V0-V1 V0-V2 V0-V3 V0-V4 V1-V2 V1-V3 V3-V4,5,7,110,7,3,0.2549895419999997,0.00015970799999998064,0.0020125840000000395,0.25514924999999966,126.7769444654209,0.07935470022616573,137.61824428617544,1,3,2,16.9384765625,1,1,True
V0-V1 V0-V2 V0-V3 V0-V4 V1-V2 V1-V3 V3-V4,5,7,110,14,4,0.2549895419999997,0.00019116699999965903,0.001632166000000268,0.25518070899999934,156.34482583264045,0.11712472873447163,176.95330947481014,1,4,2,17.2744140625,1,1,True
V0-V1 V0-V2 V0-V3 V0-V4 V1-V2 V1-V4 V2-V3,5,7,110,7,3,0.25516595900000016,0.0001348749999996457,0.0019385000000005093,0.2553008339999998,131.70019809127302,0.06957699251978863,141.47395328844854,1,3,2,19.1220703125,1,1,True
V0-V1 V0-V2 V0-V3 V0-V4 V1-V2 V1-V4 V2-V3,5,7,110,7,3,0.25516595900000016,0.00018420800000029658,0.0019528329999998206,0.25535016700000046,130.75883447280125,0.0943285985029511,144.27363573401306,1,3,2,16.9345703125,1,1,True
V0-V1 V0-V2 V0-V3 V0-V4 V1-V2 V1-V4 V2-V3,5,7,110,14,4,0.25516595900000016,0.00018433400000006372,0.0015986249999997426,0.25535029300000023,159.7312021268536,0.11530784267735923,180.41970075469482,1,4,2,17.2001953125,1,1,True
V0-V1 V0-V2 V0-V3 V0-V4 V1-V2 V1-V4 V2-V4,5,7,336,25,5,0.42420908300000004,0.00020808300000041413,0.0012497500000012707,0.42441716600000046,339.6016531302812,0.16649969994015007,407.2405893626766,1,5,2,17.7392578125,1,1,True
V0-V1 V0-V2 V0-V3 V0-V4 V1-V2 V1-V4 V2-V4,5,7,336,25,5,0.42420908300000004,0.00019712499999968713,0.0011948749999994845,0.42440620799999973,355.1887921332213,0.16497541583828615,425.16570583822215,1,5,2,17.7392578125,1,1,True
V0-V1 V0-V2 V0-V3 V0-V4 V1-V2 V1-V4 V2-V4,5,7,336,25,5,0.42420908300000004,0.00015741700000049264,0.0012234590000002044,0.42436650000000053,346.857965816533,0.1286655294541675,397.9290525139861,1,5,2,17.7431640625,1,1,True
V0-V1 V0-V2 V0-V3 V0-V4 V1-V2 V1-V3 V1-V4 V2-V3,5,8,432,7,3,1.391050666,0.00023750000000077875,0.0034921659999991306,1.3912881660000007,398.4026435170456,0.06800936725254123,427.4019718154503,1,3,2,41.8076171875,1,1,True
V0-V1 V0-V2 V0-V3 V0-V4 V1-V2 V1-V3 V1-V4 V2-V3,5,8,432,7,3,1.391050666,0.0001692079999990881,0.0033092500000009295,1.391219873999999,420.40337659578705,0.05113182745306053,443.00384071269883,1,3,2,40.4833984375,1,1,True
V0-V1 V0-V2 V0-V3 V0-V4 V1-V2 V1-V3 V1-V4 V2-V3,5,8,432,14,4,1.391050666,0.00021237500000026444,0.0027011669999996712,1.3912630410000002,515.0599874055064,0.07862342461620858,558.9260436389749,1,4,2,36.6884765625,1,1,True
V0-V1 V0-V2 V0-V3 V0-V4 V1-V2 V1-V3 V1-V4 V2-V4,5,8,432,7,3,1.3436519580000006,0.00026562499999904787,0.0035082499999994354,1.3439175829999996,383.07349333719543,0.07571438751488367,414.3716766508122,1,3,2,41.1787109375,1,1,True
V0-V1 V0-V2 V0-V3 V0-V4 V1-V2 V1-V3 V1-V4 V2-V4,5,8,432,7,3,1.3436519580000006,0.0001735840000005595,0.0033117080000000243,1.3438255420000011,405.78020224004996,0.052415249170687225,428.1704476943007,1,3,2,40.3076171875,1,1,True
V0-V1 V0-V2 V0-V3 V0-V4 V1-V2 V1-V3 V1-V4 V2-V4,5,8,432,14,4,1.3436519580000006,0.00025804200000045796,0.0027501250000003807,1.343910000000001,488.672333075702,0.09382918958244525,539.1682211226681,1,4,2,36.6455078125,1,1,True
V0-V1 V0-V2 V0-V3 V0-V4 V1-V2 V1-V3 V1-V4 V3-V4,5,8,432,7,3,1.3420317920000002,0.0003683750000007535,0.003609125000000546,1.342400167000001,371.9461550929375,0.10206767568335755,414.1114840700721,1,3,2,41.1748046875,1,1,True
V0-V1 V0-V2 V0-V3 V0-V4 V1-V2 V1-V3 V1-V4 V3-V4,5,8,432,7,3,1.3420317920000002,0.0001688340000001176,0.0033690840000009104,1.3422006260000003,398.38740322284565,0.050112730938163604,419.3521731113719,1,3,2,40.2998046875,1,1,True
V0-V1 V0-V2 V0-V3 V0-V4 V1-V2 V1-V3 V1-V4 V3-V4,5,8,432,14,4,1.3420317920000002,0.0003756250000002126,0.0028746250000004636,1.3424074170000004,466.9852300734127,0.13066921772410384,537.0275278110706,1,4,2,36.6337890625,1,1,True
V0-V1 V0-V2 V0-V3 V0-V4 V1-V2 V1-V3 V2-V3 V2-V4,5,8,432,7,3,1.3829733330000025,0.0003043330000025435,0.003546458999998947,1.383277666000005,390.0447364541408,0.08581320128123118,426.56372176822754,1,3,2,41.8193359375,1,1,True
V0-V1 V0-V2 V0-V3 V0-V4 V1-V2 V1-V3 V2-V3 V2-V4,5,8,432,7,3,1.3829733330000025,0.00017437500000028194,0.0033686660000000757,1.3831477080000028,410.5921180669059,0.05176381392523866,432.9515792393654,1,3,2,40.4990234375,1,1,True
V0-V1 V0-V2 V0-V3 V0-V4 V1-V2 V1-V3 V2-V3 V2-V4,5,8,432,14,4,1.3829733330000025,0.0003074999999981287,0.0028795000000023663,1.3832808330000006,480.38924570198435,0.10678937315432402,537.7034731717433,1,4,2,36.7041015625,1,1,True
V0-V1 V0-V2 V0-V3 V0-V4 V1-V2 V1-V3 V2-V3 V3-V4,5,8,432,7,3,1.378900583,0.0002693749999984618,0.003574917000001676,1.3791699579999985,385.79076325390264,0.07535139976629822,417.1481055145145,1,3,2,41.1708984375,1,1,True
V0-V1 V0-V2 V0-V3 V0-V4 V1-V2 V1-V3 V2-V3 V3-V4,5,8,432,7,3,1.378900583,0.0001745839999998111,0.0033715830000033975,1.3790751669999999,409.02898341776256,0.051781017996482714,431.3109209600795,1,3,2,40.2880859375,1,1,True
V0-V1 V0-V2 V0-V3 V0-V4 V1-V2 V1-V3 V2-V3 V3-V4,5,8,432,14,4,1.378900583,0.000266875000001221,0.0028992499999986876,1.3791674580000013,475.6980108650946,0.09204966801805356,523.8237648516367,1,4,2,36.6298828125,1,1,True
V0-V1 V0-V2 V0-V3 V0-V4 V1-V2 V1-V4 V2-V3 V2-V4,5,8,432,7,3,1.379936082999997,0.000292665999999997,0.0034721250000018244,1.380228748999997,397.5170101880755,0.08429016812466233,434.01600177866857,1,3,2,41.1787109375,1,1,True
V0-V1 V0-V2 V0-V3 V0-V4 V1-V2 V1-V4 V2-V3 V2-V4,5,8,432,7,3,1.379936082999997,0.00017000000000066962,0.003366249999999127,1.3801060829999976,409.98324040114534,0.050501299666012245,431.73596652347686,1,3,2,40.2919921875,1,1,True
V0-V1 V0-V2 V0-V3 V0-V4 V1-V2 V1-V4 V2-V3 V2-V4,5,8,432,14,4,1.379936082999997,0.0003195829999995681,0.002840250000001987,1.3802556659999965,485.9627377868254,0.11251932048212111,547.4487835952439,1,4,2,36.6416015625,1,1,True
V0-V1 V0-V2 V0-V3 V0-V4 V1-V2 V1-V3 V1-V4 V2-V3 V2-V4,5,9,768,25,5,5.623680875000002,0.00018245799999760948,0.0029502919999941923,5.623863332999999,1906.2056681206707,0.06184404797829118,2031.798465878714,1,5,2,36.0908203125,1,1,True
V0-V1 V0-V2 V0-V3 V0-V4 V1-V2 V1-V3 V1-V4 V2-V3 V2-V4,5,9,768,25,5,5.623680875000002,0.00018416700000045694,0.0028981669999978976,5.623865042000002,1940.4903313039179,0.06354602754105976,2072.1005434802155,1,5,2,35.6376953125,1,1,True
V0-V1 V0-V2 V0-V3 V0-V4 V1-V2 V1-V3 V1-V4 V2-V3 V2-V4,5,9,768,25,5,5.623680875000002,0.000347250000004351,0.0029880829999981984,5.624028125000006,1882.1525790961618,0.11621163133840673,2129.5102246196952,1,5,2,35.9501953125,1,1,True
V0-V1 V0-V2 V0-V3 V0-V4 V1-V2 V1-V3 V1-V4 V2-V3 V3-V4,5,9,768,25,5,5.714975916999997,0.00018341599999871505,0.003022457999996675,5.7151593329999955,1890.8978496992456,0.060684383372379976,2012.9944949754542,1,5,2,36.0908203125,1,1,True
V0-V1 V0-V2 V0-V3 V0-V4 V1-V2 V1-V3 V1-V4 V2-V3 V3-V4,5,9,768,25,5,5.714975916999997,0.00019366699999778803,0.003039207999997018,5.7151695839999945,1880.4799092413557,0.06372285147906233,2008.3969680990517,1,5,2,35.6376953125,1,1,True
V0-V1 V0-V2 V0-V3 V0-V4 V1-V2 V1-V3 V1-V4 V2-V3 V3-V4,5,9,768,25,5,5.714975916999997,0.0002680830000016954,0.0029713329999978555,5.715243999999998,1923.4612882514762,0.09022314227381746,2114.112981414266,1,5,2,35.9501953125,1,1,True
V0-V1 V0-V2 V0-V3 V0-V4 V1-V2 V1-V3 V1-V4 V2-V4 V3-V4,5,9,768,25,5,5.466751875,0.00021958300000335385,0.0029615409999976805,5.466971458000003,1845.988780166908,0.07414484553937488,1993.7401940552377,1,5,2,36.0986328125,1,1,True
V0-V1 V0-V2 V0-V3 V0-V4 V1-V2 V1-V3 V1-V4 V2-V4 V3-V4,5,9,768,25,5,5.466751875,0.00018333399999903577,0.0028972920000001068,5.466935208999999,1886.9120575350353,0.0632777089775656,2014.3096816523478,1,5,2,35.6455078125,1,1,True
V0-V1 V0-V2 V0-V3 V0-V4 V1-V2 V1-V3 V1-V4 V2-V4 V3-V4,5,9,768,25,5,5.466751875,0.00022679199999942057,0.003011332999996341,5.466978666999999,1815.4679894274866,0.07531282657869326,1963.2506308960958,1,5,2,36.2939453125,1,1,True
V0-V1 V0-V2 V0-V3 V0-V4 V1-V2 V1-V3 V2-V3 V2-V4 V3-V4,5,9,768,25,5,5.545424459000003,0.00018212499999492593,0.0030414170000057084,5.545606583999998,1823.362789117569,0.05988162754222262,1939.4397140897436,1,5,2,36.0947265625,1,1,True
V0-V1 V0-V2 V0-V3 V0-V4 V1-V2 V1-V3 V2-V3 V2-V4 V3-V4,5,9,768,25,5,5.545424459000003,0.0002332090000010112,0.003015833000006296,5.545657668000004,1838.8477306231566,0.07732822076040827,1992.8759541315933,1,5,2,36.0712890625,1,1,True
V0-V1 V0-V2 V0-V3 V0-V4 V1-V2 V1-V3 V2-V3 V2-V4 V3-V4,5,9,768,25,5,5.545424459000003,0.00018550000000061573,0.0029251250000044138,5.545609959000004,1895.8540093129818,0.0634160933294597,2024.1545682318986,1,5,2,36.8095703125,1,1,True
V0-V1 V0-V2 V0-V3 V0-V4 V1-V2 V1-V4 V2-V3 V2-V4 V3-V4,5,9,768,25,5,5.504757166999994,0.0002122920000005024,0.0031037500000081764,5.5049694589999945,1773.651054042849,0.0683985501409402,1903.7998016866868,1,5,2,35.4541015625,1,1,True
V0-V1 V0-V2 V0-V3 V0-V4 V1-V2 V1-V4 V2-V3 V2-V4 V3-V4,5,9,768,25,5,5.504757166999994,0.00023374999999248303,0.0029860000000070386,5.504990916999986,1843.6004410539217,0.0782819825826966,2000.0934388122014,1,5,2,36.2353515625,1,1,True
V0-V1 V0-V2 V0-V3 V0-V4 V1-V2 V1-V4 V2-V3 V2-V4 V3-V4,5,9,768,25,5,5.504757166999994,0.0001799169999969763,0.002878250000009075,5.504937083999991,1912.5986568166886,0.0625091635529954,2040.0584979597818,1,5,2,36.7431640625,1,1,True
V0-V1 V0-V2 V0-V3 V0-V4 V1-V3 V1-V4 V2-V3 V2-V4 V3-V4,5,9,768,25,5,5.4564247499999965,0.00017850000000407817,0.0029538750000028813,5.456603250000001,1847.2695188505534,0.06042909737341765,1966.0135116884564,1,5,2,36.5478515625,1,1,True
V0-V1 V0-V2 V0-V3 V0-V4 V1-V3 V1-V4 V2-V3 V2-V4 V3-V4,5,9,768,25,5,5.4564247499999965,0.00024958400000230085,0.003020665999997618,5.456674333999999,1806.4474304687449,0.08262548722781587,1969.059288035943,1,5,2,35.6533203125,1,1,True
V0-V1 V0-V2 V0-V3 V0-V4 V1-V3 V1-V4 V2-V3 V2-V4 V3-V4,5,9,768,25,5,5.4564247499999965,0.00019370799999762767,0.0029384159999921167,5.456618457999994,1856.9931752395282,0.06592259230760633,1987.9800510695318,1,5,2,36.8056640625,1,1,True
V0-V1 V0-V2 V0-V3 V0-V4 V1-V2 V1-V3 V1-V4 V2-V3 V2-V4 V3-V4,5,10,4231,91,7,89.96160116699998,0.0009844999999586435,0.0027846670000144513,89.96258566699994,32306.40707364043,0.3535431704952636,49974.03083392321,1,7,2,39.4169921875,1,1,True
V0-V1 V0-V2 V0-V3 V0-V4 V1-V2 V1-V3 V1-V4 V2-V3 V2-V4 V3-V4,5,10,4231,91,7,89.96160116699998,0.0009518749999983811,0.0027836250000063956,89.96255304199998,32318.4886763818,0.34195518433560346,49112.379509543534,1,7,2,39.0263671875,1,1,True
V0-V1 V0-V2 V0-V3 V0-V4 V1-V2 V1-V3 V1-V4 V2-V3 V2-V4 V3-V4,5,10,4231,91,7,89.96160116699998,0.0009308330000408205,0.002695500000015727,89.96253200000002,33375.08143182161,0.34532851049355945,50979.36390734299,1,7,2,38.9013671875,1,1,True
V0-V1 V0-V2 V0-V3 V1-V2 V1-V4,6,5,49,11,4,0.017987167000001136,7.920799998828443e-05,0.0006239159999950061,0.01806637499998942,28.956422018563437,0.1269529872433443,33.02166848986828,1,4,2,9.50390625,1,1,True
V0-V1 V0-V2 V0-V3 V1-V2 V1-V4,6,5,49,9,4,0.017987167000001136,5.3749999949559424e-05,0.0005623750000154359,0.018040916999950696,32.079870192408116,0.09557679475098307,35.36429982338945,1,4,2,9.51953125,1,1,True
V0->V3 V4->V3 V5->V3 V0-V1 V0-V5 V2-V4,6,3,18,1,0,0.0013361249999661595,0.00036879099997122466,0.00021208399999750327,0.0017049159999373842,8.038871390380486,1.7388911939399776,inf,1,0,1,4.921875,-1,-1,True
V0->V3 V4->V3 V5->V3 V0-V1 V0-V5 V2-V4,6,3,18,2,1,0.0013361249999661595,0.0003835420000086742,0.0006249580000030619,0.0017196669999748337,2.7516521109681107,0.6137084412181221,5.534533750858357,2,1,2,8.3271484375,-1,-1,True
V0->V3 V1->V3 V4->V3 V0-V4 V0-V5 V2-V4 V4-V5,6,4,32,1,0,0.005602707999969425,0.0008716250000020409,0.00028775000004088724,0.006474332999971466,22.499854036669014,3.0291051255540893,inf,1,0,1,4.921875,-1,-1,True
V0->V3 V1->V3 V4->V3 V0-V4 V0-V5 V2-V4 V4-V5,6,4,32,2,1,0.005602707999969425,0.0008768750000172076,0.0009065000000418877,0.006479582999986633,7.1479128512821,0.9673193601507875,189.12094498909406,2,1,2,8.3466796875,-1,-1,True
V0->V5 V1->V5 V2->V5 V0-V3 V1-V2 V2-V3 V2-V4,6,4,17,2,1,0.00502158300002975,6.225000004178582e-05,0.000718958999982533,0.005083833000071536,7.071102803073676,0.08658351873096821,7.6465877587833155,1,1,2,7.2998046875,1,1,True
V0->V5 V1->V5 V2->V5 V0-V3 V1-V2 V2-V3 V2-V4,6,4,17,2,1,0.00502158300002975,5.033299999013252e-05,0.0006854169999996884,0.005071916000019883,7.399752267630054,0.07343412840672962,7.906958764437762,1,1,2,7.2998046875,1,1,True
V0-V2 V0-V5 V1-V3 V2-V5 V4-V5,6,5,96,7,3,0.025897791999966557,4.637500001081207e-05,0.0007985830000052374,0.02594416699997737,32.48775268169648,0.05807160935119822,34.42903026843438,1,3,2,13.0830078125,1,1,True
V0-V2 V0-V5 V1-V3 V2-V5 V4-V5,6,5,96,7,3,0.025897791999966557,4.587500001207445e-05,0.0007936249999715983,0.025943666999978632,32.690082848835516,0.05780437865958884,34.63429221179327,1,3,2,13.0830078125,1,1,True
V0->V4 V1->V4 V5->V4 V0-V1 V0-V3 V1-V3 V2-V3 V3-V5,6,5,55,2,1,0.024705584000003,0.0001958750000312648,0.001451040999995712,0.024901459000034265,17.161099514147327,0.1349892939150883,19.68312079892444,1,1,2,12.8505859375,1,1,True
V0->V4 V1->V4 V5->V4 V0-V1 V0-V3 V1-V3 V2-V3 V3-V5,6,5,55,4,2,0.024705584000003,6.350000001020817e-05,0.0011922080000204005,0.02476908400001321,20.775807576856867,0.05326251795753894,21.88837502682705,1,2,2,16.5361328125,1,1,True
V0->V3 V0->V5 V2->V3 V2->V5 V3->V5 V4->V3 V0-V1 V1-V4 V2-V4,6,3,10,1,0,0.0013856660000328702,0.000340707999953338,0.00020170800002006217,0.0017263739999862082,8.558778034656536,1.6891149578571534,inf,1,0,1,5.6171875,-1,-1,True
V0->V3 V0->V5 V2->V3 V2->V5 V3->V5 V4->V3 V0-V1 V1-V4 V2-V4,6,3,10,2,1,0.0013856660000328702,4.2291999989174656e-05,0.00046616600002380437,0.0014279580000220449,3.0631963719986604,0.09072304712702138,3.269051651952382,1,1,2,7.7431640625,1,1,True
V2->V1 V5->V1 V0-V5 V2-V3 V3-V5 V4-V5,6,4,17,2,1,0.00483008300000165,5.0375000000713044e-05,0.0007050830000139285,0.004880458000002363,6.921820551489615,0.07144548939588377,7.377461402494171,1,1,2,6.7314453125,1,1,True
V2->V1 V5->V1 V0-V5 V2-V3 V3-V5 V4-V5,6,4,17,4,2,0.00483008300000165,8.149999996476254e-05,0.000819541999987905,0.004911582999966413,5.99308272186038,0.09944578797177611,6.544455464391181,1,2,3,9.353515625,1,1,True
V0-V5 V1-V4 V1-V5 V3-V4 V4-V5,6,5,49,9,4,0.019284541000047284,8.600000001024455e-05,0.0005952500000034888,0.01937054100005753,32.541858042745055,0.14447711047415454,37.86851448267671,1,4,2,8.72265625,1,1,True
V0-V5 V1-V4 V1-V5 V3-V4 V4-V5,6,5,49,9,4,0.019284541000047284,7.795899995244326e-05,0.0005756250000104046,0.019362499999999727,33.63735070514613,0.13543365898116677,38.749966840815496,1,4,2,8.72265625,1,1,True
V3->V2 V5->V2 V0-V1 V0-V3 V1-V4,6,3,10,1,0,0.001060082999970291,0.00015537500001983062,0.00012429200000951823,0.0012154579999901216,9.7790525528356,1.250080455764909,inf,1,0,1,4.390625,-1,-1,True
V3->V2 V5->V2 V0-V1 V0-V3 V1-V4,6,3,10,1,0,0.001060082999970291,0.00015858299997262293,0.00012112500002103843,0.001218665999942914,10.061226003973099,1.3092507735403784,inf,1,0,1,4.640625,-1,-1,True
V1->V4 V5->V4 V0-V2 V0-V3 V1-V2 V2-V3,6,4,32,1,0,0.005252542000050653,0.0007164579999994203,0.00025195800003530167,0.005969000000050073,23.6904563427784,2.843561228058001,inf,1,0,1,4.671875,-1,-1,True
V1->V4 V5->V4 V0-V2 V0-V3 V1-V2 V2-V3,6,4,32,1,0,0.005252542000050653,0.0007095409999919866,0.00024254199996676107,0.0059620830000426395,24.581651841164447,2.925435595027768,inf,1,0,1,4.921875,-1,-1,True
V1->V5 V4->V5 V0-V2 V1-V2 V1-V3 V2-V3 V3-V4,6,5,49,2,1,0.0214803750000101,7.083299999521842e-05,0.001135625000017626,0.021551208000005317,18.97739834863694,0.062373582823660116,20.17330614764016,1,1,2,9.7431640625,1,1,True
V1->V5 V4->V5 V0-V2 V1-V2 V1-V3 V2-V3 V3-V4,6,5,49,2,1,0.0214803750000101,0.00014525000000276123,0.0013552500000173495,0.02162562500001286,15.956926766084498,0.10717579782394523,17.752376032852165,1,1,2,9.7431640625,1,1,True
V0->V2 V0->V3 V1->V2 V2->V3 V5->V3 V0-V4 V0-V5 V4-V5,6,3,19,1,0,0.0015799590000256103,0.0004052079999610214,0.0001952909999545227,0.0019851669999866317,10.165174024655085,2.0748933645451246,inf,1,0,1,4.171875,-1,-1,True
V0->V2 V0->V3 V1->V2 V2->V3 V5->V3 V0-V4 V0-V5 V4-V5,6,3,19,1,0,0.0015799590000256103,0.00038816599999336177,0.00018591700001024947,0.001968125000018972,10.586041082367244,2.087845651403381,inf,1,0,1,4.171875,-1,-1,True
V0-V2 V0-V5 V1-V5 V2-V5,6,4,32,7,3,0.004777208000007249,2.4457999984406342e-05,0.00048008300001356474,0.0048016659999916556,10.001741365255558,0.05094535733136829,10.484955829248888,1,3,2,6.1982421875,1,1,True
V0-V2 V0-V5 V1-V5 V2-V5,6,4,32,7,3,0.004777208000007249,3.2875000044896296e-05,0.0004947909999941658,0.0048100830000521455,9.721444003849832,0.06644219487679431,10.342157449691962,1,3,2,6.2021484375,1,1,True
V1->V2 V3->V2 V5->V2 V0-V3 V1-V4 V4-V5,6,3,18,1,0,0.001392499999951724,0.00040545900003507995,0.0002171250000060354,0.001797958999986804,8.280755324982504,1.8673989638402277,inf,1,0,1,4.6171875,-1,-1,True
V1->V2 V3->V2 V5->V2 V0-V3 V1-V4 V4-V5,6,3,18,2,1,0.001392499999951724,8.033300002807664e-05,0.0005767910000145093,0.0014728329999798007,2.5534951133820587,0.13927575157389044,2.804869696912485,1,1,2,7.2255859375,1,1,True
V0-V1 V0-V2 V0-V3 V0-V4 V1-V4 V2-V3 V2-V4 V2-V5,6,8,169,7,3,1.069616916999962,0.00014708300000165764,0.0035916250000127548,1.0697639999999637,297.8495806205171,0.04095165837222296,310.52514877058144,1,3,2,30.4326171875,1,1,True
V0-V1 V0-V2 V0-V3 V0-V4 V1-V4 V2-V3 V2-V4 V2-V5,6,8,169,14,4,1.069616916999962,0.00010699999995722465,0.0028575000000046202,1.0697239169999193,374.35657637731924,0.037445319320053065,388.8809005568191,1,4,2,29.5400390625,1,1,True
V0->V4 V1->V4 V2->V4 V5->V4 V0-V2 V0-V5 V2-V3 V2-V5,6,4,32,1,0,0.005957792000003792,0.001068374999988464,0.0003291669999612168,0.007026166999992256,21.345295855356383,3.2456929161013783,inf,1,0,1,5.171875,-1,-1,True
V0->V4 V1->V4 V2->V4 V5->V4 V0-V2 V0-V5 V2-V3 V2-V5,6,4,32,2,1,0.005957792000003792,0.0010620410000115044,0.000999500000034459,0.007019833000015296,7.023344672109334,1.0625722861179483,inf,2,1,2,11.3837890625,-1,-1,True
V0-V3 V1-V2 V1-V3 V2-V3 V2-V5,6,5,49,9,4,0.018968666999967354,7.758300000659801e-05,0.0006057080000232418,0.019046249999973952,31.444606971086934,0.12808647071463652,35.91700260235656,1,4,2,8.72265625,1,1,True
V0-V3 V1-V2 V1-V3 V2-V3 V2-V5,6,5,49,9,4,0.018968666999967354,8.345800000597592e-05,0.0005801670000096237,0.01905212499997333,32.839036001112255,0.1438516840919796,38.18869197020398,1,4,2,8.72265625,1,1,True
V3->V2 V5->V2 V0-V1 V0-V4 V1-V4,6,3,19,1,0,0.0013296249999825704,0.0002542500000117798,0.0001449580000212336,0.0015838749999943502,10.926440760512303,1.7539563182062181,inf,1,0,1,3.21875,-1,-1,True
V3->V2 V5->V2 V0-V1 V0-V4 V1-V4,6,3,19,1,0,0.0013296249999825704,0.00025170800000751115,0.00014033299999027804,0.0015813329999900816,11.268432942355917,1.7936479660874414,inf,1,0,1,3.21875,-1,-1,True
V1->V4 V3->V4 V0-V1 V2-V3 V2-V5,6,3,18,1,0,0.0013477910000005977,0.0003100420000237136,0.00018358400001261543,0.0016578330000243113,9.030378463866073,1.6888290918729754,inf,1,0,1,4.3359375,-1,-1,True
V1->V4 V3->V4 V0-V1 V2-V3 V2-V5,6,3,18,1,0,0.0013477910000005977,0.0003133749999619795,0.00017708300003960176,0.0016611659999625772,9.380719773163342,1.7696503893196875,inf,1,0,1,4.3359375,-1,-1,True
V3->V1 V4->V1 V5->V1 V0-V3 V2-V4 V3-V5 V4-V5,6,4,15,3,2,0.004915250000010474,5.0499999986186594e-05,0.0005790829999909874,0.00496574999999666,8.575195611119554,0.08720684251993678,9.298918050648302,1,2,2,6.2158203125,1,1,True
V3->V1 V4->V1 V5->V1 V0-V3 V2-V4 V3-V5 V4-V5,6,4,15,3,2,0.004915250000010474,6.92090000029566e-05,0.0006187090000366879,0.00498445900001343,8.056225139310829,0.11186034145107421,8.944949953974065,1,2,2,6.2158203125,1,1,True
V0->V2 V1->V2 V4->V2 V0-V3 V1-V4 V1-V5,6,3,18,1,0,0.001403541000001951,0.00037462500000629007,0.00020820899999307585,0.001778166000008241,8.540293647572273,1.7992738066978302,inf,1,0,1,4.671875,-1,-1,True
V0->V2 V1->V2 V4->V2 V0-V3 V1-V4 V1-V5,6,3,18,2,1,0.001403541000001951,0.00037958299998308576,0.000610209000001305,0.0017831239999850368,2.922152901679955,0.6220540830801807,6.085788245432314,2,1,2,7.8037109375,-1,-1,True
V4->V1 V5->V1 V2-V3 V2-V4 V2-V5 V3-V4,6,4,32,2,1,0.005216750000045067,8.774999997740451e-05,0.0007847089999586387,0.005304500000022472,6.759830714700694,0.11182489302662481,7.485017052919224,1,1,2,9.3798828125,1,1,True
V4->V1 V5->V1 V2-V3 V2-V4 V2-V5 V3-V4,6,4,32,2,1,0.005216750000045067,8.262500000455475e-05,0.0007790420000333143,0.005299375000049622,6.802425286214356,0.10605975031002365,7.490842411701085,1,1,2,9.3798828125,1,1,True
V0->V4 V0->V6 V1->V4 V3->V4 V3->V6 V5->V4 V6->V4 V0-V1 V0-V2 V1-V2 V1-V3,7,4,32,1,0,0.007379042000025038,0.0015827500000114014,0.00042783300000337476,0.00896179200003644,20.946939576810923,3.699457498600895,inf,1,0,1,6.421875,-1,-1,True
V0->V4 V0->V6 V1->V4 V3->V4 V3->V6 V5->V4 V6->V4 V0-V1 V0-V2 V1-V2 V1-V3,7,4,32,1,0,0.007379042000025038,0.001568458000008377,0.00042645900003890347,0.008947500000033415,20.980914927852815,3.6778635223205405,inf,1,0,1,6.921875,-1,-1,True
V1->V4 V2->V4 V0-V5 V0-V6 V1-V5 V1-V6 V5-V6,7,5,52,1,0,0.021385291000001416,0.0015269169999783117,0.00035612499999615466,0.022912207999979728,64.33754440218217,4.2875872235726185,inf,1,0,1,4.6171875,-1,-1,True
V1->V4 V2->V4 V0-V5 V0-V6 V1-V5 V1-V6 V5-V6,7,5,52,1,0,0.021385291000001416,0.0015514160000407173,0.000324250000005577,0.022936707000042134,70.73772397732499,4.784629144222154,inf,1,0,1,4.8671875,-1,-1,True
V1->V6 V2->V6 V4->V6 V0-V3 V0-V4 V1-V5 V3-V4,7,4,57,1,0,0.00817800000004354,0.0017049580000048081,0.00041766700002199286,0.009882958000048347,23.662290771183613,4.082098896764722,inf,1,0,1,5.1328125,-1,-1,True
V1->V6 V2->V6 V4->V6 V0-V3 V0-V4 V1-V5 V3-V4,7,4,57,1,0,0.00817800000004354,0.0017853749999972024,0.00044312500000387445,0.009963375000040742,22.484344146580824,4.029055007010645,inf,1,0,1,5.1328125,-1,-1,True
V0->V1 V4->V1 V0-V5 V2-V4 V3-V5 V4-V6,7,4,36,1,0,0.005767333999983748,0.0008411669999759397,0.00029679199997190153,0.006608500999959688,22.266439124320538,2.8341970135838443,inf,1,0,1,4.671875,-1,-1,True
V0->V1 V4->V1 V0-V5 V2-V4 V3-V5 V4-V6,7,4,36,1,0,0.005767333999983748,0.0008205409999959556,0.00027274999996507177,0.006587874999979704,24.153528875612626,3.0083996337343124,inf,1,0,1,4.640625,-1,-1,True
V0->V3 V2->V3 V5->V3 V0-V2 V0-V6 V2-V6,7,3,19,1,0,0.0015065839999692798,0.00039874999998801286,0.00020716599999559548,0.0019053339999572927,9.197136595762826,1.9247849550432532,inf,1,0,1,4.171875,-1,-1,True
V0->V3 V2->V3 V5->V3 V0-V2 V0-V6 V2-V6,7,3,19,2,1,0.0015065839999692798,6.262499999820648e-05,0.0005132919999937258,0.0015692089999674863,3.0571468091976253,0.12200657715096276,3.3430093616445378,1,1,2,7.3349609375,1,1,True
V2-V3 V2-V5 V3-V4 V3-V5 V3-V6 V4-V6,7,6,154,7,3,0.10194075000003977,8.037500003865716e-05,0.0013471670000058111,0.10202112500007843,75.73012477268101,0.05966223937960955,80.47157702502301,1,3,2,16.5380859375,1,1,True
V2-V3 V2-V5 V3-V4 V3-V5 V3-V6 V4-V6,7,6,154,7,3,0.10194075000003977,9.620800000220697e-05,0.0013700420000191116,0.10203695800004198,74.47724814174937,0.07022266470726073,80.02671462583582,1,3,2,18.0654296875,1,1,True
V0->V3 V4->V2 V4->V3 V5->V2 V0-V5 V1-V6 V5-V6,7,3,10,1,0,0.001350499999944077,0.00018429200002856305,0.00013649999999643114,0.00153479199997264,11.243897435990974,1.3501245423690948,inf,1,0,1,4.6171875,-1,-1,True
V0->V3 V4->V2 V4->V3 V5->V2 V0-V5 V1-V6 V5-V6,7,3,10,1,0,0.001350499999944077,0.00016599999997879422,0.00013341699997226897,0.0015164999999228712,11.366617449336136,1.2442192525187772,inf,1,0,1,4.1171875,-1,-1,True
V0-V1 V0-V5 V1-V2 V1-V3 V1-V5 V3-V4 V3-V5,7,7,118,7,3,0.2920666670000287,9.679199996526222e-05,0.0022516249999853244,0.29216345899999396,129.75671304142486,0.04298762003703685,135.54027945428228,1,3,2,18.7939453125,1,1,True
V0-V1 V0-V5 V1-V2 V1-V3 V1-V5 V3-V4 V3-V5,7,7,118,14,4,0.2920666670000287,8.762500004877438e-05,0.0017643340000290664,0.2921542920000775,165.58899391796814,0.049664632687082384,174.1904331660781,1,4,2,19.1767578125,1,1,True
V0->V6 V1->V6 V3->V6 V0-V5 V1-V4 V2-V3,7,3,27,1,0,0.0018670830000360183,0.0007142499999872598,0.0003282909999597905,0.002581333000023278,7.862941720423171,2.1756612276143485,inf,1,0,1,5.1328125,-1,-1,True
V0->V6 V1->V6 V3->V6 V0-V5 V1-V4 V2-V3,7,3,27,1,0,0.0018670830000360183,0.0006026669999528167,0.0002829590000033022,0.002469749999988835,8.728296325474759,2.129873939142361,inf,1,0,1,5.1328125,-1,-1,True
V2->V4 V3->V1 V4->V1 V5->V4 V0-V2 V0-V6 V2-V6 V3-V5,7,4,57,1,0,0.008090417000005345,0.0019501250000075743,0.0004676249999988613,0.01004054200001292,21.471354183453343,4.170275327478905,inf,1,0,1,5.1328125,-1,-1,True
V2->V4 V3->V1 V4->V1 V5->V4 V0-V2 V0-V6 V2-V6 V3-V5,7,4,57,1,0,0.008090417000005345,0.0016527089999840427,0.0003884170000105769,0.009743125999989388,25.08419044409507,4.2549862646048915,inf,1,0,1,4.671875,-1,-1,True
V1->V2 V3->V2 V5->V2 V0-V3 V1-V5 V1-V6 V5-V6,7,4,57,1,0,0.007915666999963378,0.0017183749999958309,0.0004146250000189866,0.009634041999959209,23.23555501843363,4.144407597026572,inf,1,0,1,4.671875,-1,-1,True
V1->V2 V3->V2 V5->V2 V0-V3 V1-V5 V1-V6 V5-V6,7,4,57,2,1,0.007915666999963378,0.0001537499999813008,0.001012916000036057,0.008069416999944679,7.966521409137015,0.15178948696222364,9.213198612909377,1,1,2,10.5576171875,1,1,True
V0-V2 V0-V4 V1-V2 V1-V4 V2-V4 V2-V6 V4-V5,7,7,142,11,4,0.3165435419999767,9.904199998800323e-05,0.0014105419999737023,0.3166425839999647,224.48291791798334,0.07021556252125051,241.35992527901513,1,4,2,14.21875,1,1,True
V0-V2 V0-V4 V1-V2 V1-V4 V2-V4 V2-V6 V4-V5,7,7,142,11,4,0.3165435419999767,7.141699995827366e-05,0.0014175839999666096,0.31661495899993497,223.34828765518844,0.0503793778428339,235.1443335024678,1,4,2,13.77734375,1,1,True
V0->V6 V1->V6 V2->V6 V5->V6 V0-V2 V0-V3 V0-V5 V1-V2,7,4,17,2,1,0.00513104200001635,9.92079999946327e-05,0.0007400409999718249,0.005230250000010983,7.067513827220534,0.1340574373560516,8.006831733382906,1,1,2,9.8916015625,1,1,True
V0->V6 V1->V6 V2->V6 V5->V6 V0-V2 V0-V3 V0-V5 V1-V2,7,4,17,2,1,0.00513104200001635,9.629100003394342e-05,0.000805333000016617,0.005227333000050294,6.490896312385603,0.11956668860205229,7.236584010738058,1,1,2,9.8916015625,1,1,True
V1->V5 V2->V5 V0-V6 V1-V4 V2-V3,7,3,27,1,0,0.0017057090000207609,0.00048304199998483455,0.00022033300001567113,0.0021887510000055954,9.933831971833184,2.192327068348719,inf,1,0,1,3.890625,-1,-1,True
V1->V5 V2->V5 V0-V6 V1-V4 V2-V3,7,3,27,1,0,0.0017057090000207609,0.0004601249999609536,0.0002078750000009677,0.0021658339999817144,10.418924834499734,2.2134696329948844,inf,1,0,1,3.890625,-1,-1,True
V0->V6 V4->V6 V0-V2 V1-V2 V1-V5 V2-V3,7,4,17,1,0,0.004808874999980617,0.00037058399999523317,0.00016629099997089725,0.00517945899997585,31.146959251446635,2.2285271004449396,inf,1,0,1,4.671875,-1,-1,True
V0->V6 V4->V6 V0-V2 V1-V2 V1-V5 V2-V3,7,4,17,1,0,0.004808874999980617,0.00034283299999060546,0.00015495900004225405,0.005151707999971222,33.2456197998597,2.212411024187831,inf,1,0,1,4.921875,-1,-1,True
V0->V2 V0->V3 V0->V5 V1->V2 V2->V3 V4->V2 V4->V3 V4->V5 V0-V1 V0-V6 V1-V4 V1-V6,7,4,32,1,0,0.007102083000006587,0.0014874999999960892,0.00038004200001751087,0.008589583000002676,22.6016677093766,3.914041079479507,inf,1,0,1,5.734375,-1,-1,True
V0->V2 V0->V3 V0->V5 V1->V2 V2->V3 V4->V2 V4->V3 V4->V5 V0-V1 V0-V6 V1-V4 V1-V6,7,4,32,2,1,0.007102083000006587,0.001436417000036272,0.0011341250000214131,0.008538500000042859,7.528711561672343,1.2665420478423024,inf,2,1,2,12.2041015625,-1,-1,True
V0->V6 V4->V6 V0-V1 V1-V4 V1-V5 V4-V5,7,4,32,2,1,0.005397042000026886,6.341699997847172e-05,0.0007104169999934129,0.005460459000005358,7.686272991856878,0.08926728946387788,8.341641421796371,1,1,2,8.3876953125,1,1,True
V0->V6 V4->V6 V0-V1 V1-V4 V1-V5 V4-V5,7,4,32,2,1,0.005397042000026886,9.80840000011085e-05,0.0008020000000215077,0.0054951260000279945,6.851778054714,0.12229925186842659,7.667167673231581,1,1,2,8.3876953125,1,1,True
V0->V4 V1->V2 V4->V2 V6->V4 V0-V5 V1-V6 V3-V5,7,3,18,1,0,0.0015376669999795922,0.00045708400000421534,0.0002306250000287946,0.0019947509999838076,8.649326828118173,1.9819360431312576,inf,1,0,1,4.8828125,-1,-1,True
V0->V4 V1->V2 V4->V2 V6->V4 V0-V5 V1-V6 V3-V5,7,3,18,1,0,0.0015376669999795922,0.0003690000000347027,0.00019687499997189661,0.001906667000014295,9.684657779232847,1.874285714729531,inf,1,0,1,4.6171875,-1,-1,True
