k_undirected,space_size,build_seconds,bfs_query_seconds,fast_query_seconds,bfs_single_query_seconds,speedup_single_query,speedup_amortised,fast_elements_visited,fast_closures,agree,r
1,3,0.00025591699999982787,3.100000000011427e-05,2.1292000000006084e-05,0.00028691699999994213,13.475342851768747,1.4559458951768462,1,0,True,-1
1,3,0.00025591699999982787,3.3124999999856186e-05,1.945899999999945e-05,0.00028904199999968405,14.853897939241083,1.7022971375639613,1,0,True,-1
1,3,0.00025591699999982787,3.225000000006695e-05,1.8959000000151605e-05,0.0002881669999998948,15.199483094972862,1.7010390843298202,1,0,True,-1
1,3,0.00025591699999982787,2.304099999994591e-05,1.3916999999974422e-05,0.0002789579999997738,20.04440612202964,1.6556010634467384,1,0,True,-1
1,3,0.00025591699999982787,3.5707999999967655e-05,1.991699999992491e-05,0.0002916249999997955,14.642014359637242,1.7928402871969813,1,0,True,-1
1,3,0.00025591699999982787,3.879200000000971e-05,2.1249999999861657e-05,0.0002947089999998376,13.868658823612057,1.8255058823652826,1,0,True,-1
1,3,0.00022112499999993318,3.462500000006585e-05,2.1125000000177252e-05,0.00025574999999999903,12.106508875638019,1.6390532544272345,1,0,True,-1
1,3,0.00022112499999993318,3.970800000008268e-05,2.9124999999963208e-05,0.00026083300000001586,8.955639484990398,1.3633648068715138,1,0,True,-1
1,3,0.00022112499999993318,3.358399999986439e-05,1.9833000000080148e-05,0.00025470899999979757,12.84268643164263,1.6933393838415103,1,0,True,-1
1,3,0.00022112499999993318,2.6375000000022908e-05,1.6000000000016e-05,0.0002474999999999561,15.468749999981785,1.648437499999783,1,0,True,-1
1,3,0.00022112499999993318,2.795900000007734e-05,1.6457999999941464e-05,0.0002490840000000105,15.134524243583451,1.6988090898150918,1,0,True,-1
1,3,0.00022112499999993318,3.3250000000206725e-05,2.0125000000037474e-05,0.0002543750000001399,12.639751552778447,1.6521739130506738,1,0,True,-1
1,3,0.0002073749999997876,3.199999999980996e-05,1.8583999999988166e-05,0.00023937499999959755,12.880703831239238,1.7219113215578097,1,0,True,-1
1,3,0.0002073749999997876,3.362500000014812e-05,1.87499999999563e-05,0.0002409999999999357,12.85333333335986,1.7933333333454125,1,0,True,-1
1,3,0.0002073749999997876,3.07079999999349e-05,1.8375000000014907e-05,0.0002380829999997225,12.95689795915806,1.671183673464489,1,0,True,-1
1,3,0.0002073749999997876,2.3957999999879576e-05,1.4416999999822266e-05,0.00023133299999966717,16.045848651072973,1.6617881667597234,1,0,True,-1
1,3,0.0002073749999997876,3.858400000011919e-05,2.145900000005696e-05,0.0002459589999999068,11.46181089516072,1.7980334591554488,1,0,True,-1
1,3,0.0002073749999997876,2.5708000000124187e-05,1.587500000010955e-05,0.00023308299999991178,14.682393700680523,1.6194015747997972,1,0,True,-1
1,3,0.00022162500000000307,3.5334000000109e-05,2.0249999999943924e-05,0.00025695900000011207,12.689333333374007,1.7448888888991037,1,0,True,-1
1,3,0.00022162500000000307,3.354200000016405e-05,1.9458000000138753e-05,0.0002551670000001671,13.113732140936763,1.7238153972620447,1,0,True,-1
1,3,0.00022162500000000307,3.970800000008268e-05,2.2583000000020448e-05,0.00026133300000008575,11.572111765480633,1.7583137758511589,1,0,True,-1
1,3,0.00022162500000000307,2.5708000000124187e-05,1.5749999999981057e-05,0.00024733300000012726,15.703682539709506,1.6322539682638164,1,0,True,-1
1,3,0.00022162500000000307,2.799999999991698e-05,1.6792000000043217e-05,0.00024962499999992005,14.86570986179595,1.6674606955600833,1,0,True,-1
1,3,0.00022162500000000307,3.445900000009772e-05,2.0249999999943924e-05,0.0002560840000001008,12.64612345683012,1.7016790123552168,1,0,True,-1
1,3,0.00020466699999999172,3.22499999998449e-05,1.8499999999921357e-05,0.00023691699999983662,12.806324324369932,1.74324324324227,1,0,True,-1
1,3,0.00020466699999999172,3.112500000002072e-05,1.8375000000014907e-05,0.00023579200000001244,12.832217687065096,1.6938775510201616,1,0,True,-1
1,3,0.00020466699999999172,3.441699999995329e-05,1.9749999999874035e-05,0.000239083999999945,12.105518987416197,1.7426329114011545,1,0,True,-1
1,3,0.00020466699999999172,2.4750000000128836e-05,1.4666999999857211e-05,0.00022941700000012055,15.64171268850849,1.6874616486241076,1,0,True,-1
1,3,0.00020466699999999172,3.9083999999967034e-05,2.2083999999811255e-05,0.00024375099999995875,11.03744792619281,1.7697880818828597,1,0,True,-1
1,3,0.00020466699999999172,2.6417000000167334e-05,1.587500000010955e-05,0.00023108400000015905,14.55647244085445,1.6640629921250416,1,0,True,-1
1,3,0.00020816700000003685,3.5707999999967655e-05,2.062499999988532e-05,0.0002438750000000045,11.82424242430839,1.731296969705028,1,0,True,-1
1,3,0.00020816700000003685,2.9333999999936466e-05,1.7375000000097174e-05,0.00023750099999997332,13.66912230208029,1.6882877697710739,1,0,True,-1
1,3,0.00020816700000003685,3.5500000000077137e-05,2.2332999999985503e-05,0.000243667000000114,10.91062553173654,1.5895759638248412,1,0,True,-1
1,3,0.00020816700000003685,2.4417000000109823e-05,1.566599999991425e-05,0.00023258400000014667,14.846418996643672,1.5585982382384447,1,0,True,-1
1,3,0.00020816700000003685,3.83339999998622e-05,2.1666999999947478e-05,0.00024650099999989905,11.376794203189023,1.769234319469937,1,0,True,-1
1,3,0.00020816700000003685,3.8333000000001505e-05,2.470799999998441e-05,0.00024650000000003836,9.976525821604092,1.5514408288823738,1,0,True,-1
1,3,0.00022737499999991861,4.154199999995001e-05,2.3208999999857483e-05,0.0002689169999998686,11.58675513815847,1.7899090870009522,1,0,True,-1
1,3,0.00022737499999991861,3.4000000000089514e-05,1.9624999999967585e-05,0.00026137500000000813,13.31847133760203,1.7324840764405438,1,0,True,-1
1,3,0.00022737499999991861,3.345800000009724e-05,1.979099999993572e-05,0.00026083300000001586,13.179374463183418,1.6905664190897838,1,0,True,-1
1,3,0.00022737499999991861,2.6375000000022908e-05,1.587500000010955e-05,0.0002537499999999415,15.984251968389948,1.6614173228246234,1,0,True,-1
1,3,0.00022737499999991861,2.8291999999874307e-05,4.141600000018286e-05,0.0002556669999997929,6.173145644163224,0.6831176356902982,1,0,True,-1
1,3,0.00022737499999991861,4.5666000000110785e-05,2.5957999999937087e-05,0.0002730410000000294,10.518568456764433,1.7592264427236868,1,0,True,-1
1,3,0.00022316700000013512,3.6332999999943993e-05,2.879200000016624e-05,0.0002595000000000791,9.01292025557727,1.261913031388379,1,0,True,-1
1,3,0.00022316700000013512,3.1792000000141485e-05,1.887499999986275e-05,0.0002549590000002766,13.507761589516848,1.6843443708806707,1,0,True,-1
1,3,0.00022316700000013512,3.254199999980223e-05,1.8750000000178346e-05,0.00025570899999993735,13.637813333200272,1.735573333306277,1,0,True,-1
1,3,0.00022316700000013512,2.4792000000051218e-05,1.4957999999953842e-05,0.00024795900000018634,16.577015643866257,1.65744083434468,1,0,True,-1
1,3,0.00022316700000013512,3.966599999993825e-05,2.237500000012993e-05,0.00026283300000007337,11.746726256918308,1.7727821228919738,1,0,True,-1
1,3,0.00022316700000013512,2.6583999999996166e-05,1.5917000000031933e-05,0.0002497510000001313,15.690833699794574,1.6701639756199556,1,0,True,-1
2,6,0.0006646249999999743,8.64590000000387e-05,2.9083000000040826e-05,0.000751084000000013,25.82553381697069,2.972836364883861,1,0,True,-1
2,6,0.0006646249999999743,8.925000000004069e-05,2.9292000000014085e-05,0.000753875000000015,25.736549228446417,3.04690700532561,1,0,True,-1
2,6,0.0006646249999999743,8.88340000000376e-05,2.9292000000014085e-05,0.0007534590000000119,25.722347398595165,3.0327051754743577,1,0,True,-1
2,6,0.0006646249999999743,6.408299999982603e-05,2.195800000004411e-05,0.0007287079999998003,33.186446853007396,2.9184351944483695,1,0,True,-1
2,6,0.0006646249999999743,6.43750000000054e-05,2.183300000013766e-05,0.0007289999999999797,33.389822745173966,2.948518297970939,1,0,True,-1
2,6,0.0006646249999999743,8.191600000007071e-05,2.6500000000151402e-05,0.000746541000000045,28.171358490406785,3.0911698113057624,1,0,True,-1
2,6,0.0006279999999998509,8.975000000011057e-05,2.999999999997449e-05,0.0007177499999999615,23.925000000019057,2.9916666666728964,1,0,True,-1
2,6,0.0006279999999998509,8.429199999993031e-05,3.795800000006011e-05,0.0007122919999997812,18.765266873877792,2.220664945460689,1,0,True,-1
2,6,0.0006279999999998509,8.862500000006435e-05,2.916699999988559e-05,0.0007166249999999152,24.569719203302576,3.0385367024518115,1,0,True,-1
2,6,0.0006279999999998509,6.487500000007529e-05,2.199999999996649e-05,0.0006928749999999262,31.4943181818628,2.9488636363715504,1,0,True,-1
2,6,0.0006279999999998509,7.062499999999083e-05,2.566599999997976e-05,0.0006986249999998417,27.21986285359591,2.7516948492186755,1,0,True,-1
2,6,0.0006279999999998509,8.858400000000266e-05,3.595900000008534e-05,0.0007165839999998536,19.92780666865466,2.4634722878776505,1,0,True,-1
2,6,0.000641624999999868,8.658300000008445e-05,2.7584000000135944e-05,0.0007282079999999524,26.399651972025943,3.138884860776455,1,0,True,-1
2,6,0.000641624999999868,8.087499999986925e-05,2.654199999985174e-05,0.0007224999999997372,27.221008213539786,3.0470574937955317,1,0,True,-1
2,6,0.000641624999999868,7.879200000004971e-05,2.733300000001826e-05,0.0007204169999999177,26.357040939503033,2.8826693008450253,1,0,True,-1
2,6,0.000641624999999868,5.816699999994235e-05,1.987500000000253e-05,0.0006997919999998103,35.20966037734447,2.9266415094306892,1,0,True,-1
2,6,0.000641624999999868,6.291600000007946e-05,2.1708000000009164e-05,0.0007045409999999475,32.455362078480285,2.8982863460499773,1,0,True,-1
2,6,0.000641624999999868,8.137499999993913e-05,2.7041000000060933e-05,0.0007229999999998071,26.73717687948589,3.0093191819738827,1,0,True,-1
2,6,0.000637541999999991,8.441699999983676e-05,2.8458000000064487e-05,0.0007219589999998277,25.36928104568809,2.966371494822035,1,0,True,-1
2,6,0.000637541999999991,8.450000000004287e-05,2.9332999999853726e-05,0.0007220420000000338,24.615347901804604,2.880714553590299,1,0,True,-1
2,6,0.000637541999999991,6.325000000018122e-05,2.1708000000009164e-05,0.0007007920000001722,32.28266077021726,2.9136723788536263,1,0,True,-1
2,6,0.000637541999999991,8.71669999999991e-05,2.737499999994064e-05,0.0007247089999999901,26.473388127910923,3.184182648408698,1,0,True,-1
2,6,0.000637541999999991,6.299999999992423e-05,2.154200000004103e-05,0.0007005419999999152,32.51982174350483,2.9245195432088127,1,0,True,-1
2,6,0.000637541999999991,8.175000000010257e-05,2.7207999999889765e-05,0.0007192920000000935,26.436783299140245,3.0046309909009774,1,0,True,-1
2,6,0.0006324580000001134,8.741599999995131e-05,2.9207999999947276e-05,0.0007198740000000647,24.646466721492885,2.9928786633836313,1,0,True,-1
2,6,0.0006324580000001134,8.287499999992676e-05,2.7916999999932912e-05,0.0007153330000000402,25.623562703791926,2.968621270198299,1,0,True,-1
2,6,0.0006324580000001134,6.241699999987027e-05,2.1666999999947478e-05,0.0006948749999999837,32.07066045145466,2.8807402963041295,1,0,True,-1
2,6,0.0006324580000001134,8.570800000007317e-05,2.8416000000142105e-05,0.0007181660000001866,25.27329673411441,3.016188063050554,1,0,True,-1
2,6,0.0006324580000001134,6.395799999991958e-05,2.195800000004411e-05,0.000696416000000033,31.715821112971767,2.9127425084156617,1,0,True,-1
2,6,0.0006324580000001134,8.825000000012295e-05,2.958399999997141e-05,0.0007207080000002364,24.36141157385522,2.983031368314232,1,0,True,-1
2,6,0.0006439170000001049,9.0540999999833e-05,5.212499999984743e-05,0.0007344579999999379,14.09032134296571,1.7369976019203457,1,0,True,-1
2,6,0.0006439170000001049,9.129099999993784e-05,4.233300000011653e-05,0.0007352080000000427,17.367254860227693,2.156497295246889,1,0,True,-1
2,6,0.0006439170000001049,6.262499999998283e-05,2.1708000000009164e-05,0.0007065420000000877,32.54754007738112,2.884881149804514,1,0,True,-1
2,6,0.0006439170000001049,7.704200000002714e-05,2.5582999999995693e-05,0.000720959000000132,28.181174999032695,3.0114529179548963,1,0,True,-1
2,6,0.0006439170000001049,5.987500000004253e-05,2.1000000000048757e-05,0.0007037920000001474,33.51390476183397,2.8511904761858817,1,0,True,-1
2,6,0.0006439170000001049,7.879200000004971e-05,2.6333000000100526e-05,0.0007227090000001546,27.444992974495715,2.99213914099225,1,0,True,-1
2,6,0.0005107920000000377,9.304200000004315e-05,3.212499999993845e-05,0.0006038340000000808,18.796389105096893,2.896249027244246,1,0,True,-1
2,6,0.0005107920000000377,1.925000000002619e-05,8.195799999999309e-05,0.0005300420000000639,6.467239317700634,0.23487640010771144,1,1,True,1
2,6,0.0005107920000000377,2.141700000013458e-05,8.016700000013088e-05,0.0005322090000001722,6.638754100805859,0.2671548143263389,1,1,True,1
2,6,0.0005107920000000377,9.262499999995732e-05,0.00011162500000017062,0.000603416999999995,5.405751399767729,0.8297872340409026,2,1,True,-1
2,6,0.0005107920000000377,2.0416000000134105e-05,7.962500000013861e-05,0.0005312080000001718,6.671372056505457,0.2564018838316931,1,1,True,1
2,6,0.0005107920000000377,9.433300000005751e-05,0.00011150000000004212,0.0006051250000000952,5.427130044841853,0.8460358744396581,2,1,True,-1
2,6,0.0006212910000000793,0.00011758299999997668,3.895899999983854e-05,0.000738874000000056,18.965425190665012,3.0181216150430963,1,0,True,-1
2,6,0.0006212910000000793,3.64170000000108e-05,0.00010120800000001928,0.0006577080000000901,6.498577187573757,0.35982333412382284,1,1,True,1
2,6,0.0006212910000000793,0.00011545899999987341,0.0001267499999999533,0.0007367499999999527,5.812623274163505,0.9109191321492384,2,1,True,-1
2,6,0.0006212910000000793,4.31249999999217e-05,0.00010816700000004786,0.000664416000000001,6.142501872102462,0.3986890641314136,1,1,True,1
2,6,0.0006212910000000793,4.625000000002544e-05,0.00010941700000000054,0.0006675410000001047,6.100889258525654,0.4226948280434047,1,1,True,1
2,6,0.0006212910000000793,3.591700000016296e-05,9.42499999998514e-05,0.0006572080000002423,6.973029177732398,0.3810822281190407,1,1,True,1
3,19,0.0026409160000000487,0.00037050000000005134,5.7041000000035424e-05,0.0030114160000001,52.793885100160054,6.495327922017869,1,0,True,-1
3,19,0.0026409160000000487,0.00037074999999986424,5.633399999993571e-05,0.003011665999999913,53.46089395397717,6.581283061744015,1,0,True,-1
3,19,0.0026409160000000487,0.000372333000000058,5.36250000000571e-05,0.0030132490000001066,56.1911235430657,6.943272727266415,1,0,True,-1
3,19,0.0026409160000000487,0.00026883300000002386,4.087500000005129e-05,0.0029097490000000725,71.1865198775883,6.576954128432698,1,0,True,-1
3,19,0.0026409160000000487,0.0002823330000001345,4.22909999999721e-05,0.002923249000000183,69.12224823253439,6.6759594239985045,1,0,True,-1
3,19,0.0026409160000000487,0.00039245800000009545,5.699999999997374e-05,0.003033374000000144,53.21708771932529,6.885228070180285,1,0,True,-1
3,19,0.002769833999999971,0.00042062499999984126,6.0417000000034804e-05,0.0031904589999998123,52.8073058906926,6.962030554307545,1,0,True,-1
3,19,0.002769833999999971,0.0003882920000000123,5.825000000014846e-05,0.0031581259999999833,54.2167553646684,6.665957081528286,1,0,True,-1
3,19,0.002769833999999971,0.0002854999999999386,4.3916999999948914e-05,0.0030553339999999096,69.5706446251671,6.500899423919455,1,0,True,-1
3,19,0.002769833999999971,0.00039079100000005695,5.8125000000019966e-05,0.003160625000000028,54.37634408600331,6.723286021504046,1,0,True,-1
3,19,0.002769833999999971,0.0002897079999999441,4.291700000003118e-05,0.003059541999999915,71.28974532231265,6.7504252394094095,1,0,True,-1
3,19,0.002769833999999971,0.0003902920000000698,5.820899999986473e-05,0.003160126000000041,54.289302341689165,6.705011252572228,1,0,True,-1
3,18,0.0023374160000000366,5.6500000000125894e-05,0.00016916700000013662,0.0023939160000001625,14.151199702059085,0.3339894896763569,1,1,True,1
3,18,0.0023374160000000366,4.72920000000876e-05,0.00015233400000003172,0.002384708000000124,15.654469783499597,0.3104494072241112,1,1,True,1
3,18,0.0023374160000000366,4.1875000000191065e-05,0.00015137499999995363,0.0023792910000002276,15.717859620154956,0.2766308835686467,1,1,True,1
3,18,0.0023374160000000366,4.291700000003118e-05,0.00015166699999991096,0.0023803330000000678,15.694468803374928,0.282968608860572,1,1,True,1
3,18,0.0023374160000000366,3.724999999987766e-05,0.000157541999999955,0.0023746659999999142,15.07322491780346,0.23644488453801715,1,1,True,1
3,18,0.002608374999999885,6.799999999995698e-05,0.00019083300000000136,0.002676374999999842,14.024696986369355,0.3563325001438771,1,1,True,1
3,18,0.002608374999999885,9.370800000008117e-05,0.0002155839999999909,0.0027020829999999663,12.53378265548501,0.4346704764736025,1,1,True,1
3,18,0.002608374999999885,9.229199999993831e-05,0.00021204199999980133,0.0027006669999998234,12.736472019705312,0.4352533931958045,1,1,True,1
3,18,0.002608374999999885,5.3166000000048896e-05,0.00021487499999994775,0.002661540999999934,12.38646189645413,0.2474275741713174,1,1,True,1
3,18,0.002608374999999885,6.579200000000895e-05,0.00019033299999993147,0.002674166999999894,14.049938791491002,0.34566785581077714,1,1,True,1
3,18,0.002608374999999885,6.662500000009786e-05,0.0001782919999999688,0.002674999999999983,15.003477441502989,0.37368474188471446,1,1,True,1
3,18,0.002582666999999983,7.150000000000212e-05,0.00019487500000003877,0.002654166999999985,13.619843489413507,0.36690186016671145,1,1,True,1
3,18,0.002582666999999983,5.849999999996136e-05,0.00018933300000001374,0.0026411669999999443,13.949850263819581,0.30897941721705735,1,1,True,1
3,18,0.002582666999999983,5.0125000000011966e-05,0.0001862919999999768,0.002632791999999995,14.132609022396682,0.26906684130299857,1,1,True,1
3,18,0.002582666999999983,4.950000000003563e-05,0.00017370799999993913,0.0026321670000000186,15.152825431188782,0.2849609689827352,1,1,True,1
3,18,0.002582666999999983,4.0000000000040004e-05,0.00016450000000012288,0.002622667000000023,15.943264437678199,0.24316109422498555,1,1,True,1
3,18,0.0026614999999998723,7.062499999999083e-05,0.00019058299999996642,0.002732124999999863,14.335617552459267,0.37057345093740407,1,1,True,1
3,18,0.0026614999999998723,5.854200000010579e-05,0.00018216699999995534,0.002720041999999978,14.931584754651748,0.321364462279777,1,1,True,1
3,18,0.0026614999999998723,4.941599999996882e-05,0.0001719580000001386,0.002710915999999841,15.764989125237884,0.2873724979351294,1,1,True,1
3,18,0.0026614999999998723,4.887500000005929e-05,0.00016941600000008883,0.0027103749999999316,15.99834136090163,0.28849105161279726,1,1,True,1
3,18,0.0026614999999998723,3.924999999993517e-05,0.00016179100000002222,0.0027007499999998075,16.69283211055891,0.2425969306075726,1,1,True,1
3,18,0.0023683340000000275,5.8208000000004034e-05,0.00016474999999993578,0.0024265420000000315,14.72863125949,0.35331107739014705,1,1,True,1
3,18,0.0023683340000000275,5.037500000004691e-05,0.00016645899999989666,0.0024187090000000744,14.530358827108032,0.3026270733338431,1,1,True,1
3,18,0.0023683340000000275,3.924999999993517e-05,0.0001384170000000573,0.0024075839999999626,17.393701640686952,0.28356343512660237,1,1,True,1
3,18,0.0023683340000000275,4.124999999999268e-05,0.00013679199999994118,0.00240958400000002,17.614948242595005,0.301552722381502,1,1,True,1
3,18,0.0023683340000000275,3.537499999994864e-05,0.00013487500000008978,0.002403708999999976,17.82175347542818,0.2622798887853575,1,1,True,1
3,19,0.0027005829999999786,0.0003788340000001611,5.7707999999934145e-05,0.0030794170000001397,53.36204685665166,6.564670409658858,1,0,True,-1
3,19,0.0027005829999999786,0.0002766669999998417,4.283299999996437e-05,0.0029772499999998203,69.50832302202267,6.459202017137996,1,0,True,-1
3,19,0.0027005829999999786,0.0003847500000000448,5.841700000019934e-05,0.0030853330000000234,52.81567009585387,6.586267696025676,1,0,True,-1
3,19,0.0027005829999999786,0.0003797079999998676,5.7167000000024615e-05,0.0030802909999998462,53.88232721672503,6.642083719623281,1,0,True,-1
3,19,0.0027005829999999786,0.00027641699999980673,4.220900000007077e-05,0.0029769999999997854,70.52998175732175,6.548769219819073,1,0,True,-1
3,19,0.0027005829999999786,0.0003753330000000332,5.633299999985297e-05,0.003075916000000012,54.60238226275966,6.662755400937511,1,0,True,-1
4,32,0.005762041999999967,4.7917000000063936e-05,0.00019729199999996005,0.005809959000000031,29.44852807007485,0.2428735072890621,1,1,True,1
4,32,0.005762041999999967,8.237499999985687e-05,0.00024620900000016377,0.005844416999999824,23.737625350803327,0.3345734721305967,1,1,True,1
4,32,0.005762041999999967,7.416600000009765e-05,0.00022483300000009088,0.005836208000000065,25.957968803501736,0.3298715046281804,1,1,True,1
4,32,0.005554500000000129,5.1291999999980575e-05,0.00020991700000005942,0.005605792000000109,26.7048023742647,0.24434419318095274,1,1,True,1
4,32,0.005490500000000065,5.8709000000156664e-05,0.00020924999999993865,0.0055492090000002214,26.51951732378422,0.280568697730819,1,1,True,1
4,32,0.005490500000000065,5.2999999999858716e-05,0.00021399999999993646,0.0055434999999999235,25.90420560748397,0.2476635514012825,1,1,True,1
4,32,0.005490500000000065,6.775000000014408e-05,0.00022158399999994138,0.005558250000000209,25.084166726847062,0.3057531229698986,1,1,True,1
4,32,0.005498375000000166,6.16250000000651e-05,0.00022029200000006632,0.005560000000000231,25.239227933826726,0.27974234198267095,1,1,True,1
4,32,0.005498375000000166,5.1583000000077206e-05,0.0002324170000000958,0.0055499580000002435,23.879311754294893,0.22194159635506847,1,1,True,1
4,32,0.005678207999999962,0.00010675000000004431,0.0002784170000000863,0.005784958000000007,20.778034387261602,0.3834176792365812,1,1,True,1
4,32,0.005678207999999962,7.2000000000072e-05,0.0002377909999999872,0.005750208000000034,24.181773069629816,0.3027869011025475,1,1,True,1
4,32,0.005678207999999962,0.00010145800000005423,0.00026454200000003425,0.005779666000000017,21.847820005894217,0.3835232212655877,1,1,True,1
4,32,0.005836000000000174,9.875000000003631e-05,0.0002614169999999305,0.005934750000000211,22.702234361199878,0.37774896047335316,1,1,True,1
4,32,0.005836000000000174,0.00013370799999989913,0.00029916600000001736,0.0059697080000000735,19.954500177158256,0.44693581489838874,1,1,True,1
4,32,0.005836000000000174,8.812499999999446e-05,0.0002462500000000034,0.005924125000000169,24.057360406091725,0.35786802030454107,1,1,True,1
4,32,0.00585033299999993,5.791600000004671e-05,0.00023004199999987485,0.0059082489999999765,25.683349127564494,0.25176272159031055,1,1,True,1
4,32,0.00585033299999993,8.208399999998228e-05,0.0002499169999998774,0.005932416999999912,23.73754886623488,0.32844504375461675,1,1,True,1
4,32,0.00585033299999993,0.00011412500000007597,0.0002886250000000423,0.005964458000000006,20.665077522734105,0.39540926808162574,1,1,True,1
6,86,0.03969766599999991,9.783400000018538e-05,0.0005578330000000076,0.039795500000000095,71.33945105434701,0.17538223805365416,1,1,True,1
6,86,0.03893804199999984,0.0001035419999999565,0.0005589169999999921,0.039041583999999796,69.8522034577591,0.18525469792466137,1,1,True,1
6,86,0.039646791999999875,9.666700000021677e-05,0.0005529160000001809,0.03974345900000009,71.87974122649207,0.17483125827464777,1,1,True,1
6,86,0.03998191699999998,0.00010462500000008035,0.0006019170000000074,0.04008654200000006,66.59812233248034,0.17381964623042556,1,1,True,1
6,86,0.04042370800000006,0.00011204200000003439,0.0005850420000004242,0.04053575000000009,69.28690589730431,0.19151103681437087,1,1,True,1
6,86,0.03887858400000033,9.749999999986159e-05,0.0005611250000003842,0.03897608400000019,69.46060859874983,0.1737580752948003,1,1,True,1
7,318,0.283505291,0.0002635830000001782,0.001178040999999741,0.28376887400000017,240.88200156027045,0.2237468814754632,1,1,True,1
