instance_id,generator,seed,true_dag,cpdag,corruption,corruption_rate,k_assumed_consistent,g0,treatment,outcome,space_size,n_covers,max_shell,r_val,r_opt,method,notes,z,k_true,k_assumed,desc_n_nodes,desc_n_edges,desc_n_compelled,desc_n_undirected,desc_n_components,desc_largest_component_nodes,desc_largest_component_edges,desc_knowledge_component_nodes,desc_knowledge_component_edges,desc_knowledge_component_density,desc_treatment_in_component,r_eps_0.02,r_eps_0.05,r_eps_0.1,r_eps_0.2,params_json,time_graph,time_gate,time_knowledge,time_g0_and_z,time_space,time_radius_val_opt,time_radius_eps
inst_000038,erdos_renyi,20260957,V0->V3 V1->V3 V2->V3 V5->V0 V5->V1 V5->V3,V0->V3 V1->V3 V2->V3 V5->V3 V0-V5 V1-V5,tiered,0.25,True,V0->V3 V1->V3 V2->V3 V5->V0 V5->V1 V5->V3,V0,V3,6,6,2,1,1,bfs_exact,,V1|V2|V5,V5->V0|V5->V1,V5->V0|V5->V1,6,6,4,2,1,3,2,3,2,0.6666666666666666,True,1,1,1,1,"{""edge_prob"": 0.25}",5.1957999999990845e-05,0.0002828329999999962,3.6124999999997964e-05,3.6332999999999505e-05,0.0006528749999999972,6.779199999999708e-05,0.005850707999999996
inst_000045,erdos_renyi,20260964,V0->V1 V0->V4 V1->V5 V2->V0 V2->V5,V1->V5 V2->V5 V0-V1 V0-V2 V0-V4,tiered,0.5,True,V0->V1 V0->V4 V1->V5 V2->V5 V0-V2,V1,V5,11,15,3,1,1,bfs_exact,,V2,V0->V1|V0->V4,V0->V1|V0->V4,6,5,2,3,1,4,3,4,3,0.5,True,1,1,1,1,"{""edge_prob"": 0.25}",4.900000000000737e-05,0.0003741659999999952,3.516700000000261e-05,5.312500000000109e-05,0.001792625000000006,0.00013495799999999059,0.007462457999999991
inst_000077,erdos_renyi,20260996,V4->V1 V5->V2 V6->V0 V6->V2 V6->V4 V6->V5,V0-V6 V1-V4 V2-V5 V2-V6 V4-V6 V5-V6,compound,0.25,True,V2->V6 V4->V1 V5->V2 V5->V6 V6->V0 V6->V4,V5,V2,81,193,10,1,2,bfs_exact,,,V5->V2|V6->V0|V6->V2|V6->V4|V6->V5,V2->V6|V5->V2|V6->V0|V6->V4,7,6,0,6,1,6,6,6,6,0.4,True,1,1,1,1,"{""edge_prob"": 0.25}",6.445900000000282e-05,0.0008917500000000106,2.8208000000001787e-05,0.00012070799999999715,0.048643042,0.0001459169999999954,0.025808958999999992
inst_000112,erdos_renyi,20261031,V0->V1 V0->V3 V3->V1 V3->V6 V6->V1 V7->V5,V0->V1 V3->V1 V6->V1 V0-V3 V3-V6 V5-V7,flip,0.25,True,V0->V1 V0->V3 V3->V1 V3->V6 V6->V1 V5-V7,V3,V1,18,30,5,1,1,bfs_exact,,V0,V0->V3|V3->V6,V0->V3|V3->V6,8,6,3,3,2,3,2,3,2,0.6666666666666666,True,1,1,1,1,"{""edge_prob"": 0.25}",8.199999999999874e-05,0.0005404169999999875,1.4749999999980057e-05,7.266699999999848e-05,0.0027141669999999896,9.654200000000501e-05,0.00950200000000001
inst_000116,erdos_renyi,20261035,V1->V5 V2->V3 V2->V4 V2->V7 V3->V1 V4->V3 V4->V7 V6->V1 V6->V7 V7->V3 V7->V5,V1->V5 V2->V3 V2->V7 V3->V1 V4->V3 V4->V7 V6->V1 V6->V7 V7->V3 V7->V5 V2-V4,flip,0.5,True,V1->V5 V2->V3 V2->V4 V2->V7 V3->V1 V4->V3 V4->V7 V6->V1 V6->V7 V7->V3 V7->V5,V4,V1,3,2,2,1,1,bfs_exact,,V2|V6,V2->V4,V2->V4,8,11,10,1,1,2,1,2,1,1.0,True,1,1,1,1,"{""edge_prob"": 0.25}",0.0001327500000000148,0.00023337499999998013,1.3249999999992434e-05,3.849999999999687e-05,0.00033412500000001844,6.429199999999358e-05,0.003286375000000008
inst_000133,erdos_renyi,20261052,V0->V3 V1->V2 V3->V2 V4->V0 V4->V3 V5->V3 V6->V0 V6->V1 V6->V4 V6->V5 V6->V7 V7->V2 V7->V3,V0->V3 V1->V2 V3->V2 V4->V3 V5->V3 V7->V2 V7->V3 V0-V4 V0-V6 V1-V6 V4-V6 V5-V6 V6-V7,tiered,0.25,True,V0->V3 V1->V2 V3->V2 V4->V3 V5->V3 V6->V5 V6->V7 V7->V2 V7->V3 V0-V4 V0-V6 V1-V6 V4-V6,V7,V3,98,263,6,1,1,bfs_exact,,V0|V4|V5,V6->V0|V6->V1|V6->V4|V6->V5|V6->V7,V6->V5|V6->V7,8,13,7,6,1,6,6,6,6,0.4,True,1,1,1,2,"{""edge_prob"": 0.25}",9.724999999999318e-05,0.008630625000000003,3.983299999998913e-05,0.0003543749999999901,0.088156125,0.0004935420000000135,0.0728875
inst_000142,erdos_renyi,20261061,V2->V3 V2->V6 V3->V0 V3->V6 V5->V4,V0-V3 V2-V3 V2-V6 V3-V6 V4-V5,tiered,0.5,True,V2->V3 V2->V6 V3->V0 V3->V6 V5->V4,V3,V6,96,241,8,1,1,bfs_exact,,V2,V2->V6|V3->V0|V3->V6|V5->V4,V2->V3|V2->V6|V3->V6|V5->V4,8,5,0,5,2,4,4,4,4,0.6666666666666666,True,1,1,1,1,"{""edge_prob"": 0.25}",6.429199999996582e-05,0.0006800419999999918,3.237500000002891e-05,8.316600000002339e-05,0.029583208000000027,0.00014695900000000206,0.02802416699999999
inst_000152,erdos_renyi,20261071,V1->V0 V1->V2 V2->V4 V4->V0,V1->V0 V4->V0 V1-V2 V2-V4,omit,0.5,True,V1->V0 V1->V2 V2->V4 V4->V0,V2,V0,6,6,4,1,1,bfs_exact,,V1,V1->V2|V2->V4,V1->V2,6,4,2,2,1,3,2,3,2,0.6666666666666666,True,1,1,1,1,"{""edge_prob"": 0.35}",4.704200000005265e-05,0.00018100000000004224,1.2958000000007353e-05,3.1500000000017625e-05,0.0005071670000000306,5.04170000000248e-05,0.00348441599999999
inst_000161,erdos_renyi,20261080,V0->V2 V1->V0 V1->V2 V3->V0 V3->V2 V5->V0 V5->V1 V5->V3,V0->V2 V1->V0 V1->V2 V3->V0 V3->V2 V5->V0 V1-V5 V3-V5,flip,0.25,True,V0->V2 V1->V0 V1->V2 V3->V0 V3->V2 V5->V0 V5->V1 V5->V3,V1,V2,6,6,2,1,1,bfs_exact,,V3|V5,V5->V1|V5->V3,V5->V1|V5->V3,6,8,6,2,1,3,2,3,2,0.6666666666666666,True,1,1,1,1,"{""edge_prob"": 0.35}",9.129200000002058e-05,0.00021779100000002272,1.4709000000001637e-05,4.016600000000814e-05,0.0006901250000000414,7.420899999999175e-05,0.0063457909999999895
inst_000168,erdos_renyi,20261087,V0->V2 V0->V5 V3->V0 V3->V1 V5->V2,V0-V2 V0-V3 V0-V5 V1-V3 V2-V5,compound,0.25,True,V0->V2 V0->V5 V1->V3 V3->V0 V5->V2,V5,V2,48,96,10,1,1,bfs_exact,,V0,V0->V5|V3->V0|V3->V1|V5->V2,V1->V3|V3->V0|V5->V2,6,5,0,5,1,5,5,5,5,0.5,True,1,1,1,1,"{""edge_prob"": 0.35}",5.466700000000824e-05,0.0004950840000000345,1.925000000002619e-05,8.71249999999657e-05,0.014577208000000008,8.808399999998828e-05,0.01790958399999998
inst_000189,erdos_renyi,20261108,V0->V1 V0->V2 V0->V3 V0->V4 V0->V5 V3->V4 V4->V2 V5->V1,V0-V1 V0-V2 V0-V3 V0-V4 V0-V5 V1-V5 V2-V4 V3-V4,tiered,0.5,True,V0->V1 V0->V2 V0->V5 V3->V0 V3->V4 V4->V2 V5->V1 V0-V4,V5,V1,414,1330,13,1,1,bfs_exact,,V0,V0->V1|V0->V2|V0->V3|V0->V5|V3->V4|V5->V1,V0->V1|V0->V2|V3->V0|V3->V4|V4->V2|V5->V1,6,8,0,8,1,6,8,6,8,0.5333333333333333,True,1,1,1,1,"{""edge_prob"": 0.35}",6.470800000002441e-05,0.0021230409999999367,3.174999999999706e-05,0.00017829200000007983,0.832597458,0.00021187500000019455,0.08588458399999999
inst_000210,erdos_renyi,20261129,V2->V1 V2->V5 V4->V3 V4->V5 V5->V1 V6->V4 V6->V5,V2->V1 V2->V5 V4->V5 V5->V1 V6->V5 V3-V4 V4-V6,flip,0.5,True,V2->V1 V2->V5 V4->V3 V4->V5 V4->V6 V5->V1 V6->V5,V4,V1,6,6,2,1,1,bfs_exact,,V2,V4->V3|V6->V4,V4->V3|V4->V6,7,7,5,2,1,3,2,3,2,0.6666666666666666,True,1,1,1,1,"{""edge_prob"": 0.35}",9.308299999988279e-05,0.000224333000000021,2.4249999999836902e-05,4.1709000000000884e-05,0.000677625000000015,0.00010083300000007789,0.004732292000000138
inst_000213,erdos_renyi,20261132,V1->V0 V2->V1 V4->V1 V4->V2 V4->V5 V6->V1 V6->V4 V6->V5,V1->V0 V2->V1 V4->V1 V6->V1 V2-V4 V4-V5 V4-V6 V5-V6,flip,0.5,True,V1->V0 V2->V1 V4->V1 V4->V2 V5->V4 V5->V6 V6->V1 V4-V6,V2,V1,32,59,7,2,2,bfs_exact,,V4|V6,V4->V2|V4->V5|V6->V5,V4->V2|V5->V4|V5->V6,7,8,4,4,1,4,4,4,4,0.6666666666666666,True,2,2,2,2,"{""edge_prob"": 0.35}",0.00011783300000001162,0.00121916699999991,1.8583999999988166e-05,8.070800000004041e-05,0.007254249999999907,0.0002914579999999667,0.022171124999999847
inst_000219,erdos_renyi,20261138,V0->V3 V0->V4 V1->V0 V1->V3 V1->V5 V1->V6 V2->V3 V4->V3 V4->V5 V5->V3 V6->V2 V6->V3 V6->V5,V0->V3 V1->V3 V1->V5 V2->V3 V4->V3 V4->V5 V5->V3 V6->V3 V6->V5 V0-V1 V0-V4 V1-V6 V2-V6,compound,0.25,True,V0->V3 V0->V4 V1->V0 V1->V3 V1->V5 V2->V3 V4->V3 V4->V5 V5->V3 V6->V2 V6->V3 V6->V5 V1-V6,V2,V3,15,20,5,1,1,bfs_exact,,V0|V1|V4|V5|V6,V0->V4|V1->V0|V6->V2,V1->V0|V6->V2,7,13,9,4,1,5,4,5,4,0.4,True,1,1,1,1,"{""edge_prob"": 0.35}",8.19169999999314e-05,0.0031155840000001156,2.3416999999970045e-05,0.00010816700000004786,0.006729624999999961,0.00027687499999995424,0.015185499999999852
inst_000235,erdos_renyi,20261154,V0->V2 V0->V5 V1->V0 V1->V2 V4->V3 V4->V5 V6->V0 V6->V1 V6->V2 V6->V3 V6->V5,V0->V5 V4->V3 V4->V5 V6->V3 V6->V5 V0-V1 V0-V2 V0-V6 V1-V2 V1-V6 V2-V6,tiered,0.5,True,V0->V5 V1->V0 V1->V2 V1->V6 V4->V3 V4->V5 V6->V3 V6->V5 V0-V2 V0-V6 V2-V6,V1,V2,207,540,9,1,1,bfs_exact,,,V0->V2|V1->V0|V6->V0|V6->V1|V6->V2,V1->V0|V1->V2|V1->V6,7,11,5,6,1,4,6,4,6,1.0,True,1,1,1,2,"{""edge_prob"": 0.35}",0.00013445800000000396,0.0008721660000001741,3.416600000005765e-05,0.0002214579999999522,0.13530395799999995,0.0002850830000000748,0.08082362499999984
inst_000239,erdos_renyi,20261158,V0->V2 V1->V2 V1->V6 V3->V0 V3->V2 V3->V4 V5->V0 V5->V3,V0->V2 V1->V2 V3->V2 V0-V3 V0-V5 V1-V6 V3-V4 V3-V5,tiered,0.5,True,V0->V2 V0->V3 V1->V2 V1->V6 V3->V2 V3->V4 V5->V3 V0-V5,V3,V2,96,241,9,1,1,bfs_exact,,V0|V1,V3->V0|V3->V4|V5->V0|V5->V3,V0->V3|V1->V6|V5->V3,7,8,3,5,2,4,4,4,4,0.6666666666666666,True,1,1,1,1,"{""edge_prob"": 0.35}",7.470800000008992e-05,0.0007544580000000689,3.712499999997121e-05,9.516700000000711e-05,0.034200999999999926,0.0004969999999999697,0.04189350000000003
inst_000252,erdos_renyi,20261171,V1->V0 V3->V4 V3->V5 V3->V7 V4->V1 V5->V0 V5->V2 V5->V4 V5->V7 V6->V1 V6->V2 V6->V3 V6->V4 V6->V7,V1->V0 V3->V4 V3->V7 V4->V1 V5->V0 V5->V2 V5->V4 V5->V7 V6->V1 V6->V2 V6->V4 V6->V7 V3-V5 V3-V6,flip,0.25,True,V1->V0 V3->V4 V3->V5 V3->V7 V4->V1 V5->V0 V5->V2 V5->V4 V5->V7 V6->V1 V6->V2 V6->V3 V6->V4 V6->V7,V3,V0,6,6,4,1,1,bfs_exact,,V6,V3->V5|V6->V3,V3->V5|V6->V3,8,14,12,2,1,3,2,3,2,0.6666666666666666,True,1,1,1,1,"{""edge_prob"": 0.35}",0.00021179199999998843,0.0002231249999999907,2.104199999997114e-05,5.7583000000027695e-05,0.0009664580000001699,6.208399999985126e-05,0.007612332999999971
inst_000278,erdos_renyi,20261197,V1->V0 V1->V5 V2->V5 V3->V5 V6->V3 V6->V5 V7->V0,V1->V0 V1->V5 V2->V5 V3->V5 V6->V5 V7->V0 V3-V6,tiered,0.25,True,V1->V0 V1->V5 V2->V5 V3->V5 V6->V3 V6->V5 V7->V0,V3,V5,3,2,2,1,1,bfs_exact,,V1|V2|V6,V6->V3,V6->V3,8,7,6,1,1,2,1,2,1,1.0,True,1,1,1,1,"{""edge_prob"": 0.35}",7.470799999986788e-05,0.000846916999999836,3.329200000012911e-05,3.112500000002072e-05,0.0002585419999998617,2.6458000000006976e-05,0.0025668750000000795
inst_000279,erdos_renyi,20261198,V0->V1 V0->V5 V2->V1 V2->V5 V2->V6 V3->V0 V3->V6 V6->V1,V0->V1 V0->V5 V2->V1 V2->V5 V2->V6 V3->V6 V6->V1 V0-V3,tiered,0.25,True,V0->V1 V0->V3 V0->V5 V2->V1 V2->V5 V2->V6 V3->V6 V6->V1,V0,V1,3,2,2,1,1,bfs_exact,,V2,V3->V0,V0->V3,8,8,7,1,1,2,1,2,1,1.0,True,1,1,1,1,"{""edge_prob"": 0.35}",7.116600000012241e-05,0.0004662920000000348,3.262500000000834e-05,3.4124999999995964e-05,0.0002648330000001309,5.570800000009868e-05,0.0027301250000000277
inst_000286,erdos_renyi,20261205,V0->V5 V1->V5 V2->V0 V2->V3 V2->V5 V2->V7 V3->V7 V4->V5 V6->V4 V7->V0 V7->V5,V0->V5 V1->V5 V2->V5 V4->V5 V7->V5 V0-V2 V0-V7 V2-V3 V2-V7 V3-V7 V4-V6,tiered,0.5,True,V0->V5 V1->V5 V2->V0 V2->V3 V2->V5 V2->V7 V3->V7 V4->V5 V4->V6 V7->V0 V7->V5,V7,V0,150,400,10,2,2,bfs_exact,,V2,V2->V3|V2->V7|V3->V7|V6->V4|V7->V0,V2->V0|V2->V3|V2->V7|V3->V7|V4->V6,8,11,5,6,2,4,5,4,5,0.8333333333333334,True,2,2,2,2,"{""edge_prob"": 0.35}",8.441599999997607e-05,0.0010033329999998841,3.358300000000369e-05,0.00013287500000003227,0.10255945799999999,0.00022687500000007077,0.0828635419999999
inst_000287,erdos_renyi,20261206,V0->V6 V3->V5 V4->V1 V4->V3 V4->V5 V4->V7 V5->V1 V6->V2 V7->V6,V0->V6 V6->V2 V7->V6 V1-V4 V1-V5 V3-V4 V3-V5 V4-V5 V4-V7,tiered,0.5,True,V0->V6 V1->V4 V1->V5 V4->V3 V4->V7 V5->V3 V6->V2 V7->V6 V4-V5,V5,V1,86,202,9,0,2,bfs_exact,,,V3->V5|V4->V3|V4->V5|V4->V7|V5->V1,V1->V4|V1->V5|V4->V3|V5->V3,8,9,3,6,1,5,6,5,6,0.6,True,0,0,0,0,"{""edge_prob"": 0.35}",0.00012641699999971223,0.0016251669999998164,4.2499999999723315e-05,0.0001598339999997478,0.05465995800000023,0.00018579199999990692,0.036650290999999946
inst_000291,erdos_renyi,20261210,V1->V0 V1->V2 V1->V3 V3->V0 V3->V2 V4->V0 V4->V2 V4->V5,V1->V0 V1->V2 V3->V0 V3->V2 V4->V0 V4->V2 V1-V3 V4-V5,omit,0.25,True,V1->V0 V1->V2 V1->V3 V3->V0 V3->V2 V4->V0 V4->V2 V4->V5,V3,V0,9,12,4,1,1,bfs_exact,,V1|V4,V1->V3|V4->V5,V1->V3|V4->V5,6,8,6,2,2,2,1,2,1,1.0,True,1,1,1,1,"{""edge_prob"": 0.45}",0.00011008300000003857,0.0002334159999999308,1.9707999999951653e-05,4.579199999987793e-05,0.0009639579999998205,0.00010612499999984593,0.007063291999999777
inst_000295,erdos_renyi,20261214,V1->V0 V1->V3 V1->V5 V2->V0 V2->V3 V3->V0 V4->V0 V4->V2 V4->V3,V1->V0 V1->V3 V2->V0 V2->V3 V4->V0 V4->V3 V0-V3 V1-V5 V2-V4,omit,0.5,True,V1->V0 V1->V3 V2->V0 V2->V3 V4->V0 V4->V2 V4->V3 V0-V3 V1-V5,V2,V3,27,54,4,1,1,bfs_exact,,V1|V4,V1->V5|V4->V2,V4->V2,6,9,6,3,3,2,1,2,1,1.0,True,1,1,1,1,"{""edge_prob"": 0.45}",5.6124999999962455e-05,0.00076095899999995,1.6791999999821172e-05,9.11249999999697e-05,0.004304040999999703,9.474999999969924e-05,0.010088625000000295
inst_000297,erdos_renyi,20261216,V0->V3 V0->V4 V1->V2 V1->V4 V1->V5 V2->V0 V2->V3 V2->V5 V3->V5,V0->V4 V1->V4 V1->V5 V2->V5 V3->V5 V0-V2 V0-V3 V1-V2 V2-V3,omit,0.5,True,V0->V4 V1->V2 V1->V4 V1->V5 V2->V0 V2->V3 V2->V5 V3->V5 V0-V3,V2,V4,32,59,7,1,1,bfs_exact,,V1,V0->V3|V1->V2|V2->V3,V1->V2,6,9,5,4,1,4,4,4,4,0.6666666666666666,True,1,1,1,1,"{""edge_prob"": 0.45}",9.129100000038193e-05,0.0004928330000000258,1.779199999996095e-05,9.920899999960042e-05,0.007390875000000019,0.00010250000000011639,0.016231125000000013
inst_000302,erdos_renyi,20261221,V0->V2 V0->V3 V2->V1 V4->V0 V4->V3 V4->V5 V5->V2 V5->V3,V0->V2 V0->V3 V2->V1 V4->V3 V5->V2 V5->V3 V0-V4 V4-V5,flip,0.25,True,V0->V2 V0->V3 V2->V1 V4->V0 V4->V3 V4->V5 V5->V2 V5->V3,V5,V3,6,6,2,1,1,bfs_exact,,V0|V4,V4->V0|V4->V5,V4->V0|V4->V5,6,8,6,2,1,3,2,3,2,0.6666666666666666,True,1,1,1,1,"{""edge_prob"": 0.45}",9.524999999976913e-05,0.0003393330000003303,1.833399999995322e-05,3.9624999999876565e-05,0.0006828749999998607,8.370800000001566e-05,0.004760457999999801
inst_000303,erdos_renyi,20261222,V0->V5 V2->V0 V2->V4 V4->V5,V0->V5 V4->V5 V0-V2 V2-V4,flip,0.25,True,V0->V5 V2->V0 V2->V4 V4->V5,V0,V5,6,6,2,1,1,bfs_exact,,V4,V2->V0|V2->V4,V2->V0|V2->V4,6,4,2,2,1,3,2,3,2,0.6666666666666666,True,1,1,1,1,"{""edge_prob"": 0.45}",5.358299999969063e-05,0.00024166700000005648,1.491600000003146e-05,3.1499999999962114e-05,0.000514540999999813,5.1957999999796556e-05,0.004578791999999776
inst_000305,erdos_renyi,20261224,V0->V3 V1->V3 V1->V4 V1->V5 V2->V0 V2->V1 V2->V4 V4->V3 V5->V0,V0->V3 V1->V3 V2->V0 V4->V3 V5->V0 V1-V2 V1-V4 V1-V5 V2-V4,flip,0.25,True,V0->V3 V1->V2 V1->V3 V1->V4 V2->V0 V2->V4 V4->V3 V5->V0 V5->V1,V1,V4,32,59,8,2,2,bfs_exact,,,V1->V4|V1->V5|V2->V4,V1->V4|V2->V4|V5->V1,6,9,5,4,1,4,4,4,4,0.6666666666666666,True,2,2,2,3,"{""edge_prob"": 0.45}",6.587500000021507e-05,0.0003429169999997761,1.5583999999790876e-05,7.787500000011605e-05,0.007482541999999981,0.00031775000000022757,0.03537662500000005
inst_000338,erdos_renyi,20261257,V0->V1 V0->V4 V0->V5 V0->V6 V1->V4 V2->V0 V2->V4 V2->V6 V5->V6 V6->V4,V0->V4 V0->V6 V1->V4 V2->V4 V2->V6 V5->V6 V6->V4 V0-V1 V0-V2 V0-V5,omit,0.25,True,V0->V1 V0->V4 V0->V5 V0->V6 V1->V4 V2->V0 V2->V4 V2->V6 V5->V6 V6->V4,V5,V4,11,15,4,2,2,bfs_exact,,V0|V1|V2,V0->V1|V2->V0,V0->V1|V2->V0,7,10,7,3,1,4,3,4,3,0.5,True,2,2,2,2,"{""edge_prob"": 0.45}",0.0001336250000001371,0.0005266250000000028,1.4708000000140942e-05,6.29170000001622e-05,0.002209624999999882,0.0001391250000000177,0.00897008300000035
inst_000339,erdos_renyi,20261258,V0->V3 V0->V4 V0->V5 V0->V6 V1->V3 V1->V4 V1->V5 V2->V1 V2->V3 V3->V5 V5->V4 V6->V5,V0->V3 V0->V4 V0->V5 V1->V3 V1->V4 V1->V5 V2->V3 V3->V5 V5->V4 V6->V5 V0-V6 V1-V2,omit,0.25,True,V0->V3 V0->V4 V0->V5 V0->V6 V1->V3 V1->V4 V1->V5 V2->V1 V2->V3 V3->V5 V5->V4 V6->V5,V6,V4,9,12,4,1,1,bfs_exact,,V0|V1|V3,V0->V6|V2->V1,V0->V6|V2->V1,7,12,10,2,2,2,1,2,1,1.0,True,1,1,1,1,"{""edge_prob"": 0.45}",0.00010058400000012568,0.00046229199999991977,1.4042000000102917e-05,5.1416999999887025e-05,0.0013038750000000654,0.0001757920000002855,0.009120499999999865
inst_000346,erdos_renyi,20261265,V0->V1 V0->V4 V0->V5 V1->V6 V2->V0 V2->V1 V2->V4 V2->V5 V2->V6 V3->V1 V3->V5 V5->V4 V5->V6 V6->V4,V0->V1 V0->V4 V0->V5 V1->V6 V2->V1 V2->V4 V2->V5 V2->V6 V3->V1 V3->V5 V5->V4 V5->V6 V6->V4 V0-V2,omit,0.5,True,V0->V1 V0->V4 V0->V5 V1->V6 V2->V0 V2->V1 V2->V4 V2->V5 V2->V6 V3->V1 V3->V5 V5->V4 V5->V6 V6->V4,V0,V5,3,2,2,1,1,bfs_exact,,V2|V3,V2->V0,V2->V0,7,14,13,1,1,2,1,2,1,1.0,True,1,1,1,1,"{""edge_prob"": 0.45}",0.0001430840000002931,0.00015566700000002598,1.545800000002373e-05,3.879200000023175e-05,0.00034195799999992005,5.999999999994898e-05,0.0033910839999999887
inst_000348,erdos_renyi,20261267,V0->V1 V1->V3 V1->V4 V1->V6 V2->V1 V2->V6 V5->V0 V5->V2 V5->V3,V0->V1 V1->V3 V1->V4 V1->V6 V2->V1 V2->V6 V5->V3 V0-V5 V2-V5,flip,0.25,True,V0->V1 V1->V3 V1->V4 V1->V6 V2->V1 V2->V6 V5->V0 V5->V2 V5->V3,V2,V1,6,6,2,1,1,bfs_exact,,V0,V5->V0|V5->V2,V5->V0|V5->V2,7,9,7,2,1,3,2,3,2,0.6666666666666666,True,1,1,1,1,"{""edge_prob"": 0.45}",0.00013408299999984052,0.00035145800000035976,1.4584000000095187e-05,4.2749999999980304e-05,0.0007977920000001859,5.9499999999879094e-05,0.0051003330000001235
inst_000354,erdos_renyi,20261273,V1->V0 V2->V3 V4->V2 V4->V6 V5->V0 V5->V4 V5->V6 V6->V0 V6->V1 V6->V3,V1->V0 V2->V3 V5->V0 V6->V0 V6->V3 V1-V6 V2-V4 V4-V5 V4-V6 V5-V6,flip,0.5,True,V1->V0 V1->V6 V2->V3 V4->V2 V5->V0 V5->V4 V6->V0 V6->V3 V6->V4 V6->V5,V6,V3,49,100,10,2,2,bfs_exact,,,V4->V2|V5->V4|V5->V6|V6->V1,V1->V6|V4->V2|V5->V4|V6->V5,7,10,5,5,1,5,5,5,5,0.5,True,2,2,2,4,"{""edge_prob"": 0.45}",0.00011158300000024823,0.000647499999999912,1.4959000000036582e-05,0.00012183400000020939,0.01989712499999996,0.0003067500000000223,0.08092195800000024
inst_000362,erdos_renyi,20261281,V0->V5 V1->V5 V2->V0 V3->V1 V3->V4 V4->V0 V6->V4,V0->V5 V1->V5 V2->V0 V3->V4 V4->V0 V6->V4 V1-V3,compound,0.25,True,V0->V5 V1->V5 V2->V0 V3->V1 V3->V4 V4->V0 V6->V4,V1,V5,3,2,2,1,1,bfs_exact,,V0,V3->V1,V3->V1,7,7,6,1,1,2,1,2,1,1.0,True,1,1,1,1,"{""edge_prob"": 0.45}",5.1125000000151744e-05,0.0005032499999999551,2.4290999999898588e-05,2.908299999981878e-05,0.00024254199999962367,3.462500000006585e-05,0.002272041999999974
inst_000375,erdos_renyi,20261294,V2->V1 V2->V6 V3->V1 V3->V4 V3->V5 V3->V6 V4->V6 V5->V2 V5->V6 V6->V1,V2->V1 V2->V6 V3->V1 V3->V6 V4->V6 V5->V6 V6->V1 V2-V5 V3-V4 V3-V5,tiered,0.25,True,V2->V1 V2->V6 V3->V1 V3->V5 V3->V6 V4->V3 V4->V6 V5->V2 V5->V6 V6->V1,V2,V6,10,12,6,3,3,bfs_exact,,V3|V4|V5,V3->V5|V5->V2,V4->V3,7,10,7,3,1,4,3,4,3,0.5,True,3,3,3,3,"{""edge_prob"": 0.45}",9.908300000027737e-05,0.000958208000000127,3.579199999981242e-05,6.362499999967852e-05,0.002254166999999807,0.00014962499999970902,0.009908583000000082
inst_000380,erdos_renyi,20261299,V0->V5 V1->V0 V1->V5 V2->V4 V2->V5 V3->V0 V3->V1 V3->V5 V6->V4 V6->V5,V0->V5 V1->V5 V2->V4 V2->V5 V3->V5 V6->V4 V6->V5 V0-V1 V0-V3 V1-V3,tiered,0.5,True,V0->V3 V0->V5 V1->V0 V1->V3 V1->V5 V2->V4 V2->V5 V3->V5 V6->V4 V6->V5,V1,V0,19,30,6,1,2,bfs_exact,,,V1->V0|V3->V1,V0->V3|V1->V0|V1->V3,7,10,7,3,1,3,3,3,3,1.0,True,1,1,1,1,"{""edge_prob"": 0.45}",7.183299999979909e-05,0.0004247500000000848,3.379199999997695e-05,0.00012858399999959857,0.0035311250000003014,9.862500000012986e-05,0.010645416000000019
inst_000384,erdos_renyi,20261303,V1->V0 V1->V3 V1->V4 V1->V5 V1->V6 V1->V7 V2->V5 V4->V3 V6->V0 V6->V3 V6->V4 V6->V5 V7->V4 V7->V5,V1->V3 V1->V4 V1->V5 V2->V5 V4->V3 V6->V3 V6->V4 V6->V5 V7->V4 V7->V5 V0-V1 V0-V6 V1-V6 V1-V7,omit,0.25,True,V1->V0 V1->V3 V1->V4 V1->V5 V1->V6 V2->V5 V4->V3 V6->V0 V6->V3 V6->V4 V6->V5 V7->V4 V7->V5 V1-V7,V6,V0,32,59,7,1,1,bfs_exact,,V1,V1->V0|V1->V6|V6->V0,V1->V6|V6->V0,8,14,10,4,1,4,4,4,4,0.6666666666666666,True,1,1,1,1,"{""edge_prob"": 0.45}",0.00026429199999977726,0.0008041249999997113,1.829200000003084e-05,0.00012724999999980113,0.01030941700000021,0.00010162499999966101,0.023086208000000052
inst_000395,erdos_renyi,20261314,V0->V1 V1->V5 V2->V1 V2->V3 V2->V4 V3->V1 V3->V5 V4->V1 V6->V0 V6->V4 V7->V2 V7->V3 V7->V4 V7->V5 V7->V6,V0->V1 V1->V5 V2->V1 V2->V4 V3->V1 V3->V5 V4->V1 V6->V4 V7->V4 V7->V5 V0-V6 V2-V3 V2-V7 V3-V7 V6-V7,omit,0.5,True,V0->V1 V1->V5 V2->V1 V2->V3 V2->V4 V3->V1 V3->V5 V4->V1 V6->V4 V7->V2 V7->V3 V7->V4 V7->V5 V0-V6 V6-V7,V2,V5,48,96,8,1,1,bfs_exact,,V0|V6|V7,V2->V3|V7->V2|V7->V3|V7->V6,V2->V3|V7->V2,8,15,10,5,1,5,5,5,5,0.5,True,1,1,1,1,"{""edge_prob"": 0.45}",0.00018087499999985823,0.0007687910000000464,1.4333999999838198e-05,0.00020033299999999699,0.0280224170000003,0.00027108300000033836,0.02819237500000016
inst_000398,erdos_renyi,20261317,V0->V1 V0->V4 V0->V5 V2->V0 V2->V4 V2->V5 V2->V7 V4->V1 V5->V1 V6->V2 V6->V3 V6->V4 V6->V5 V7->V5,V0->V1 V0->V4 V0->V5 V2->V4 V2->V5 V4->V1 V5->V1 V6->V4 V6->V5 V7->V5 V0-V2 V2-V6 V2-V7 V3-V6,flip,0.25,True,V0->V1 V0->V2 V0->V4 V0->V5 V2->V4 V2->V5 V2->V6 V2->V7 V4->V1 V5->V1 V6->V3 V6->V4 V6->V5 V7->V5,V0,V5,17,26,6,1,1,bfs_exact,,,V2->V0|V2->V7|V6->V3,V0->V2|V2->V7|V6->V3,8,14,10,4,1,5,4,5,4,0.4,True,1,1,1,1,"{""edge_prob"": 0.45}",0.00022929099999968727,0.000732082999999939,1.862500000004985e-05,0.00012079200000014723,0.00732287499999984,0.0002088749999997752,0.01824895900000012
inst_000399,erdos_renyi,20261318,V0->V1 V0->V2 V0->V4 V0->V5 V1->V4 V1->V5 V1->V7 V2->V4 V3->V0 V3->V4 V3->V5 V3->V6 V5->V2 V6->V2 V6->V5 V7->V2 V7->V4,V0->V2 V0->V4 V0->V5 V1->V4 V1->V5 V2->V4 V3->V4 V3->V5 V5->V2 V6->V2 V6->V5 V7->V2 V7->V4 V0-V1 V0-V3 V1-V7 V3-V6,flip,0.25,True,V0->V2 V0->V3 V0->V4 V0->V5 V1->V4 V1->V5 V1->V7 V2->V4 V3->V4 V3->V5 V3->V6 V5->V2 V6->V2 V6->V5 V7->V2 V7->V4 V0-V1,V6,V2,15,20,5,2,2,bfs_exact,,V0|V1|V3|V7,V1->V7|V3->V0|V3->V6,V0->V3|V1->V7|V3->V6,8,17,13,4,1,5,4,5,4,0.4,True,2,2,2,2,"{""edge_prob"": 0.45}",0.00011424999999976038,0.002802583000000247,1.704099999999542e-05,0.000143416999999868,0.008062666999999912,0.0004795830000001722,0.02585341699999999
inst_000400,erdos_renyi,20261319,V0->V2 V0->V3 V0->V4 V0->V6 V1->V2 V1->V5 V1->V7 V3->V1 V3->V5 V4->V2 V6->V1 V6->V5 V6->V7 V7->V4,V0->V2 V0->V4 V1->V2 V1->V7 V3->V1 V3->V5 V4->V2 V6->V1 V6->V5 V6->V7 V7->V4 V0-V3 V0-V6 V1-V5,flip,0.25,True,V0->V2 V0->V3 V0->V4 V1->V2 V1->V5 V1->V7 V3->V1 V3->V5 V4->V2 V6->V1 V6->V5 V6->V7 V7->V4 V0-V6,V3,V2,18,30,5,1,1,bfs_exact,,V0|V6,V0->V3|V1->V5,V0->V3|V1->V5,8,14,11,3,2,3,2,3,2,0.6666666666666666,True,1,1,1,1,"{""edge_prob"": 0.45}",0.00016775000000013307,0.0003849169999998736,1.987500000000253e-05,9.820800000026608e-05,0.004090833000000238,0.0004937080000000371,0.018690332999999892
inst_000403,erdos_renyi,20261322,V0->V5 V0->V7 V1->V0 V1->V2 V1->V5 V1->V7 V3->V1 V3->V2 V4->V0 V4->V5 V5->V7 V6->V2 V6->V7,V0->V7 V1->V0 V1->V2 V1->V5 V1->V7 V3->V2 V4->V0 V4->V5 V5->V7 V6->V2 V6->V7 V0-V5 V1-V3,flip,0.5,True,V0->V7 V1->V0 V1->V2 V1->V5 V1->V7 V3->V1 V3->V2 V4->V0 V4->V5 V5->V0 V5->V7 V6->V2 V6->V7,V1,V2,9,12,4,1,1,bfs_exact,,V3|V6,V0->V5|V3->V1,V3->V1|V5->V0,8,13,11,2,2,2,1,2,1,1.0,True,1,1,1,1,"{""edge_prob"": 0.45}",8.45420000001873e-05,0.0005624580000000989,1.3041000000324487e-05,5.487500000000978e-05,0.0014535839999996192,8.395799999982856e-05,0.01065637499999994
inst_000409,erdos_renyi,20261328,V0->V2 V0->V3 V0->V4 V0->V6 V0->V7 V1->V3 V1->V4 V1->V5 V3->V2 V3->V4 V3->V5 V5->V4 V6->V2 V6->V3 V6->V4 V6->V5 V7->V2 V7->V5,V0->V2 V0->V3 V0->V4 V1->V3 V1->V4 V1->V5 V3->V2 V3->V4 V3->V5 V5->V4 V6->V2 V6->V3 V6->V4 V6->V5 V7->V2 V7->V5 V0-V6 V0-V7,compound,0.25,True,V0->V2 V0->V3 V0->V4 V0->V6 V0->V7 V1->V3 V1->V4 V1->V5 V3->V2 V3->V4 V3->V5 V5->V4 V6->V2 V6->V3 V6->V4 V6->V5 V7->V2 V7->V5,V6,V5,6,6,2,1,1,bfs_exact,,V0|V1|V7,V0->V6|V0->V7,V0->V6|V0->V7,8,18,16,2,1,3,2,3,2,0.6666666666666666,True,1,1,1,1,"{""edge_prob"": 0.45}",0.00016620800000000102,0.00037912499999981364,1.8374999999792863e-05,6.858300000001094e-05,0.0012775000000000425,0.00021820800000016405,0.01158045899999971
inst_000414,erdos_renyi,20261333,V0->V3 V0->V6 V1->V4 V1->V5 V1->V6 V1->V7 V2->V3 V2->V4 V3->V7 V5->V3 V5->V6 V5->V7 V6->V3 V6->V4 V6->V7 V7->V4,V0->V3 V0->V6 V1->V4 V1->V6 V1->V7 V2->V3 V2->V4 V3->V7 V5->V3 V5->V6 V5->V7 V6->V3 V6->V4 V6->V7 V7->V4 V1-V5,compound,0.5,True,V0->V3 V0->V6 V1->V4 V1->V5 V1->V6 V1->V7 V2->V3 V2->V4 V3->V7 V5->V3 V5->V6 V5->V7 V6->V3 V6->V4 V6->V7 V7->V4,V5,V7,3,2,2,1,1,bfs_exact,,V0|V1|V2,V1->V5,V1->V5,8,16,15,1,1,2,1,2,1,1.0,True,1,1,1,1,"{""edge_prob"": 0.45}",0.00014300000000000423,0.00029750000000028365,1.7875000000167063e-05,5.0125000000011966e-05,0.00042479200000000716,8.091700000001367e-05,0.004073416999999857
inst_000417,erdos_renyi,20261336,V0->V3 V1->V2 V1->V4 V1->V5 V1->V7 V2->V0 V2->V7 V3->V4 V7->V0 V7->V3,V1->V4 V3->V4 V0-V2 V0-V3 V0-V7 V1-V2 V1-V5 V1-V7 V2-V7 V3-V7,compound,0.5,True,V0->V2 V0->V3 V0->V7 V1->V4 V1->V5 V2->V1 V3->V4 V3->V7 V7->V1 V7->V2,V2,V0,122,279,14,0,3,bfs_exact,,,V0->V3|V1->V5|V2->V0|V2->V7|V7->V0|V7->V3,V0->V3|V0->V7|V3->V7,8,10,2,8,1,6,8,6,8,0.5333333333333333,True,0,0,0,0,"{""edge_prob"": 0.45}",8.816699999991684e-05,0.0013200840000000547,2.358299999993818e-05,0.00020170799999963407,0.256577042,0.00039754199999997297,0.06536537499999984
inst_000423,erdos_renyi,20261342,V0->V1 V0->V7 V1->V7 V2->V0 V2->V6 V4->V0 V4->V7 V5->V0 V5->V1 V5->V2 V5->V6 V6->V7,V0->V1 V0->V7 V1->V7 V2->V0 V4->V0 V4->V7 V5->V0 V5->V1 V6->V7 V2-V5 V2-V6 V5-V6,tiered,0.25,True,V0->V1 V0->V7 V1->V7 V2->V0 V4->V0 V4->V7 V5->V0 V5->V1 V5->V2 V6->V2 V6->V7 V5-V6,V2,V1,19,30,5,1,1,bfs_exact,,V4|V5,V2->V6|V5->V6,V5->V2|V6->V2,8,12,9,3,1,3,3,3,3,1.0,True,1,1,1,1,"{""edge_prob"": 0.45}",0.0001497499999998375,0.000882833999999999,4.308400000008206e-05,8.783300000025918e-05,0.0038647499999999724,0.00015016599999961855,0.01581137499999974
inst_000587,scale_free,20261506,V2->V0 V2->V1 V3->V0 V3->V1 V4->V1 V4->V2 V5->V1 V5->V3,V2->V0 V2->V1 V3->V0 V3->V1 V4->V1 V5->V1 V2-V4 V3-V5,omit,0.5,True,V2->V0 V2->V1 V3->V0 V3->V1 V4->V1 V5->V1 V5->V3 V2-V4,V3,V1,9,12,3,1,1,bfs_exact,,V2|V4|V5,V4->V2|V5->V3,V5->V3,6,8,6,2,2,2,1,2,1,1.0,True,1,1,1,1,"{""m_attach"": 2}",5.262499999991732e-05,0.00043820799999982896,1.2499999999970868e-05,5.1416999999887025e-05,0.0009833750000001196,4.9875000000199066e-05,0.004787959000000175
inst_000588,scale_free,20261507,V0->V3 V1->V4 V1->V5 V2->V0 V2->V1 V2->V3 V2->V4 V2->V5,V0-V2 V0-V3 V1-V2 V1-V4 V1-V5 V2-V3 V2-V4 V2-V5,flip,0.25,True,V1->V4 V2->V0 V2->V1 V2->V4 V2->V5 V3->V0 V3->V2 V5->V1,V1,V4,414,1330,12,2,2,bfs_exact,,V2,V1->V5|V2->V0|V2->V1|V2->V3|V2->V4|V2->V5,V2->V0|V2->V1|V2->V4|V2->V5|V3->V2|V5->V1,6,8,0,8,1,6,8,6,8,0.5333333333333333,True,2,2,2,3,"{""m_attach"": 2}",7.245899999963612e-05,0.0016202920000001342,2.012499999981543e-05,0.0001647920000000802,0.8325371659999998,0.0010577919999996688,0.16053966699999966
inst_000592,scale_free,20261511,V0->V2 V1->V2 V3->V1 V3->V2 V3->V4 V4->V2 V4->V5 V5->V2,V0->V2 V1->V2 V3->V2 V4->V2 V5->V2 V1-V3 V3-V4 V4-V5,flip,0.25,True,V0->V2 V1->V2 V3->V1 V3->V2 V4->V2 V4->V5 V5->V2 V3-V4,V1,V2,10,12,3,1,1,bfs_exact,,V0|V3|V4|V5,V3->V1|V4->V5,V3->V1|V4->V5,6,8,5,3,1,4,3,4,3,0.5,True,1,1,1,2,"{""m_attach"": 2}",5.4583999999913146e-05,0.0004021669999998423,1.3917000000418511e-05,6.899999999987472e-05,0.001993792000000383,0.00012158400000039649,0.01116824999999988
inst_000601,scale_free,20261520,V0->V2 V0->V5 V1->V2 V1->V5 V3->V0 V3->V2 V4->V1 V4->V2,V0->V2 V0->V5 V1->V2 V1->V5 V3->V2 V4->V2 V0-V3 V1-V4,compound,0.25,True,V0->V2 V0->V5 V1->V2 V1->V5 V3->V0 V3->V2 V4->V1 V4->V2,V1,V2,9,12,4,1,1,bfs_exact,,V0|V3|V4,V3->V0|V4->V1,V3->V0|V4->V1,6,8,6,2,2,2,1,2,1,1.0,True,1,1,1,1,"{""m_attach"": 2}",5.4833000000087395e-05,0.0004497080000005482,2.3875000000117552e-05,4.1500000000027626e-05,0.0009905420000002607,4.062500000046043e-05,0.005647542000000172
inst_000605,scale_free,20261524,V2->V0 V2->V1 V3->V0 V3->V1 V3->V4 V3->V5 V4->V1 V5->V1,V2->V0 V2->V1 V3->V0 V3->V1 V4->V1 V5->V1 V3-V4 V3-V5,compound,0.25,True,V2->V0 V2->V1 V3->V0 V3->V1 V3->V4 V3->V5 V4->V1 V5->V1,V5,V1,6,6,2,1,1,bfs_exact,,V2|V3|V4,V3->V4|V3->V5,V3->V4|V3->V5,6,8,6,2,1,3,2,3,2,0.6666666666666666,True,1,1,1,1,"{""m_attach"": 2}",5.524999999995117e-05,0.0007978330000000255,2.037500000007242e-05,4.129199999969302e-05,0.0007466249999996677,0.00013691699999984763,0.0047796670000002095
inst_000609,scale_free,20261528,V2->V0 V2->V1 V2->V3 V2->V5 V3->V1 V4->V0 V4->V3 V5->V0,V2->V0 V2->V1 V2->V3 V3->V1 V4->V0 V4->V3 V5->V0 V2-V5,compound,0.5,True,V2->V0 V2->V1 V2->V3 V2->V5 V3->V1 V4->V0 V4->V3 V5->V0,V5,V0,3,2,2,1,1,bfs_exact,,V2|V4,V2->V5,V2->V5,6,8,7,1,1,2,1,2,1,1.0,True,1,1,1,1,"{""m_attach"": 2}",8.804200000067652e-05,0.0002890000000004278,1.7084000000444632e-05,2.8874999999928264e-05,0.00025145800000014873,4.079099999998448e-05,0.0023640829999997948
inst_000618,scale_free,20261537,V1->V2 V1->V3 V1->V5 V2->V0 V2->V3 V4->V0 V4->V1 V4->V5,V2->V0 V4->V0 V1-V2 V1-V3 V1-V4 V1-V5 V2-V3 V4-V5,tiered,0.5,True,V1->V2 V1->V3 V1->V4 V1->V5 V2->V0 V4->V0 V5->V4 V2-V3,V1,V0,154,412,7,1,1,bfs_exact,,,V1->V2|V1->V3|V2->V3|V4->V1|V4->V5,V1->V2|V1->V3|V1->V4|V1->V5|V5->V4,6,8,2,6,1,5,6,5,6,0.6,True,1,1,1,2,"{""m_attach"": 2}",6.045800000009649e-05,0.0009029170000003361,3.4166000000723784e-05,0.00013766600000053586,0.09315054200000006,0.000503584000000501,0.06459579100000035
inst_000619,scale_free,20261538,V0->V2 V1->V2 V1->V4 V1->V5 V3->V1 V3->V2 V3->V4 V3->V5,V0->V2 V1->V2 V3->V2 V1-V3 V1-V4 V1-V5 V3-V4 V3-V5,tiered,0.5,True,V0->V2 V1->V2 V1->V5 V3->V1 V3->V2 V3->V5 V4->V1 V3-V4,V1,V5,50,100,9,1,1,bfs_exact,,V3,V1->V4|V1->V5|V3->V4|V3->V5,V3->V1|V3->V5|V4->V1,6,8,3,5,1,4,5,4,5,0.8333333333333334,True,1,1,1,1,"{""m_attach"": 2}",7.979100000010675e-05,0.0007378749999995549,3.920900000053962e-05,9.999999999976694e-05,0.016742916000000108,0.00011749999999999261,0.02416529100000009
inst_000620,scale_free,20261539,V0->V3 V1->V2 V1->V3 V1->V4 V2->V0 V2->V5 V4->V3 V5->V3,V0->V3 V1->V3 V4->V3 V5->V3 V0-V2 V1-V2 V1-V4 V2-V5,tiered,0.5,True,V0->V3 V1->V3 V1->V4 V2->V0 V2->V1 V2->V5 V4->V3 V5->V3,V5,V3,17,26,4,1,1,bfs_exact,,V0|V1|V4,V1->V2|V1->V4|V2->V5,V1->V4|V2->V0|V2->V1|V2->V5,6,8,4,4,1,5,4,5,4,0.4,True,1,1,1,1,"{""m_attach"": 2}",6.824999999999193e-05,0.0005745419999998447,3.512500000013574e-05,7.375000000031662e-05,0.0049538749999999965,0.0002489159999994328,0.011588624999999908
inst_000622,scale_free,20261541,V0->V3 V1->V2 V1->V3 V1->V5 V2->V0 V2->V5 V4->V1 V4->V2,V0->V3 V1->V3 V0-V2 V1-V2 V1-V4 V1-V5 V2-V4 V2-V5,tiered,0.5,True,V0->V3 V1->V3 V1->V5 V2->V0 V2->V1 V2->V5 V4->V1 V2-V4,V1,V3,86,202,9,1,1,bfs_exact,,V0,V1->V2|V1->V5|V2->V0|V2->V5|V4->V1,V1->V5|V2->V0|V2->V1|V2->V5|V4->V1,6,8,2,6,1,5,6,5,6,0.6,True,1,1,1,1,"{""m_attach"": 2}",6.33750000007538e-05,0.0005794590000007815,3.879199999978766e-05,0.00013450000000059248,0.04884999999999984,0.00022337500000002564,0.03357895799999966
inst_000623,scale_free,20261542,V2->V0 V2->V1 V3->V0 V3->V1 V4->V0 V4->V1 V4->V5 V5->V0,V2->V0 V2->V1 V3->V0 V3->V1 V4->V0 V4->V1 V5->V0 V4-V5,tiered,0.5,True,V2->V0 V2->V1 V3->V0 V3->V1 V4->V0 V4->V1 V4->V5 V5->V0,V5,V0,3,2,2,1,1,bfs_exact,,V2|V3|V4,V4->V5,V4->V5,6,8,7,1,1,2,1,2,1,1.0,True,1,1,1,1,"{""m_attach"": 2}",6.525000000046077e-05,0.00030387500000017553,3.458399999978212e-05,3.0500000000266425e-05,0.0002675830000002932,4.916700000023866e-05,0.0023125840000002285
inst_000633,scale_free,20261552,V0->V2 V0->V5 V0->V6 V1->V2 V1->V3 V1->V5 V2->V3 V3->V6 V4->V0 V4->V1,V0->V2 V0->V5 V0->V6 V1->V2 V1->V3 V1->V5 V2->V3 V3->V6 V0-V4 V1-V4,omit,0.5,True,V0->V2 V0->V5 V0->V6 V1->V2 V1->V3 V1->V5 V2->V3 V3->V6 V4->V1 V0-V4,V1,V5,6,6,3,1,1,bfs_exact,,V0,V4->V0|V4->V1,V4->V1,7,10,8,2,1,3,2,3,2,0.6666666666666666,True,1,1,1,1,"{""m_attach"": 2}",0.00011295799999988532,0.00036737500000061374,1.7624999999910074e-05,5.6125000000406544e-05,0.0007727500000003218,6.850000000024892e-05,0.004729500000000719
inst_000635,scale_free,20261554,V2->V0 V2->V1 V2->V6 V3->V0 V3->V2 V3->V4 V4->V2 V5->V0 V5->V2 V5->V6,V2->V0 V2->V1 V2->V6 V3->V0 V3->V2 V4->V2 V5->V0 V5->V2 V5->V6 V3-V4,omit,0.5,True,V2->V0 V2->V1 V2->V6 V3->V0 V3->V2 V3->V4 V4->V2 V5->V0 V5->V2 V5->V6,V4,V1,3,2,2,1,1,bfs_exact,,V3|V5,V3->V4,V3->V4,7,10,9,1,1,2,1,2,1,1.0,True,1,1,1,1,"{""m_attach"": 2}",0.00014791600000041427,0.00015858300000015646,1.3667000000161522e-05,3.458299999969938e-05,0.00028445900000040325,5.4541999999990765e-05,0.002706750000000646
inst_000656,scale_free,20261575,V0->V6 V2->V0 V2->V1 V2->V3 V3->V0 V4->V0 V4->V3 V4->V6 V5->V1 V5->V2,V0->V6 V2->V0 V2->V3 V4->V0 V4->V3 V4->V6 V0-V3 V1-V2 V1-V5 V2-V5,compound,0.5,True,V0->V6 V2->V0 V2->V3 V3->V0 V4->V0 V4->V3 V4->V6 V1-V2 V1-V5 V2-V5,V0,V6,57,128,5,-1,-1,bfs_exact,,V4,V2->V1|V3->V0|V5->V2,V3->V0,7,10,6,4,2,3,3,2,1,1.0,True,-1,-1,-1,-1,"{""m_attach"": 2}",0.00011841600000028762,0.0026875410000002375,1.8666999999972234e-05,0.0001542089999997387,0.01408562499999988,0.0028095830000003374,0.1492117500000001
inst_000667,scale_free,20261586,V1->V2 V2->V0 V2->V4 V3->V0 V3->V2 V3->V4 V3->V5 V3->V6 V5->V0 V6->V4,V1->V2 V2->V0 V2->V4 V3->V0 V3->V2 V3->V4 V5->V0 V6->V4 V3-V5 V3-V6,tiered,0.5,True,V1->V2 V2->V0 V2->V4 V3->V0 V3->V2 V3->V4 V3->V5 V5->V0 V6->V3 V6->V4,V5,V0,6,6,4,2,2,bfs_exact,,V2|V3,V3->V5|V3->V6,V6->V3,7,10,8,2,1,3,2,3,2,0.6666666666666666,True,2,2,2,2,"{""m_attach"": 2}",0.00011129099999962477,0.0006257910000000422,4.1750000000284615e-05,4.9083000000393895e-05,0.0008343330000002425,0.00011325000000006469,0.005402042000000051
inst_000672,scale_free,20261591,V2->V0 V2->V1 V3->V1 V3->V2 V3->V7 V4->V2 V4->V3 V4->V5 V5->V2 V6->V0 V6->V4 V7->V2,V2->V0 V2->V1 V3->V1 V3->V2 V4->V2 V5->V2 V6->V0 V7->V2 V3-V4 V3-V7 V4-V5 V4-V6,omit,0.25,True,V2->V0 V2->V1 V3->V1 V3->V2 V3->V7 V4->V2 V4->V3 V4->V5 V5->V2 V6->V0 V6->V4 V7->V2,V5,V1,17,26,6,2,2,bfs_exact,,V3|V4|V7,V3->V7|V4->V3|V6->V4,V3->V7|V6->V4,8,12,8,4,1,5,4,5,4,0.4,True,2,2,2,2,"{""m_attach"": 2}",0.0001540420000001319,0.0008638749999994033,1.679200000026526e-05,9.5667000000077e-05,0.00677233399999988,0.0003469589999998135,0.01676387500000054
inst_000688,scale_free,20261607,V2->V0 V2->V1 V2->V4 V2->V6 V2->V7 V3->V0 V3->V1 V3->V5 V4->V1 V5->V0 V6->V0 V6->V7,V2->V0 V2->V1 V3->V0 V3->V1 V4->V1 V5->V0 V6->V0 V2-V4 V2-V6 V2-V7 V3-V5 V6-V7,flip,0.25,True,V2->V0 V2->V1 V2->V4 V2->V6 V2->V7 V3->V0 V3->V1 V4->V1 V5->V0 V6->V0 V7->V6 V3-V5,V6,V7,96,241,7,0,1,bfs_exact,,,V2->V4|V2->V6|V2->V7|V6->V7,V2->V4|V2->V6|V2->V7|V7->V6,8,12,7,5,2,4,4,4,4,0.6666666666666666,True,0,0,0,0,"{""m_attach"": 2}",7.908300000014634e-05,0.0021140419999996496,4.604100000005218e-05,0.0001274589999997744,0.043534082999999946,9.804099999932703e-05,0.04340999999999973
inst_000701,scale_free,20261620,V1->V2 V1->V5 V2->V0 V2->V7 V3->V0 V3->V2 V4->V1 V4->V2 V5->V2 V6->V0 V6->V5 V7->V0,V1->V2 V1->V5 V2->V0 V2->V7 V3->V0 V3->V2 V4->V2 V5->V2 V6->V0 V6->V5 V7->V0 V1-V4,compound,0.25,True,V1->V2 V1->V5 V2->V0 V2->V7 V3->V0 V3->V2 V4->V1 V4->V2 V5->V2 V6->V0 V6->V5 V7->V0,V1,V0,3,2,2,1,1,bfs_exact,,V3|V4|V6,V4->V1,V4->V1,8,12,11,1,1,2,1,2,1,1.0,True,1,1,1,1,"{""m_attach"": 2}",9.6250000000353e-05,0.00025875000000041837,2.200000000041058e-05,4.258400000001217e-05,0.00035204100000019167,4.837500000043349e-05,0.003517791000000159
inst_000714,scale_free,20261633,V0->V2 V1->V2 V2->V4 V2->V5 V3->V1 V3->V2 V3->V4 V3->V6 V3->V7 V5->V4 V5->V7 V6->V4,V0->V2 V1->V2 V2->V4 V2->V5 V3->V2 V3->V4 V3->V7 V5->V4 V5->V7 V6->V4 V1-V3 V3-V6,tiered,0.5,True,V0->V2 V1->V2 V2->V4 V2->V5 V3->V1 V3->V2 V3->V4 V3->V6 V3->V7 V5->V4 V5->V7 V6->V4,V1,V5,6,6,2,1,1,bfs_exact,,V0|V3,V3->V1|V3->V6,V3->V1|V3->V6,8,12,10,2,1,3,2,3,2,0.6666666666666666,True,1,1,1,1,"{""m_attach"": 2}",9.67499999999788e-05,0.0002789170000001562,3.216599999955605e-05,5.1958000000240645e-05,0.000924165999999893,9.883300000002038e-05,0.008918291999999717
inst_000769,block,20261688,V0->V6 V2->V0 V2->V4 V3->V5 V4->V0 V4->V6,V0-V2 V0-V4 V0-V6 V2-V4 V3-V5 V4-V6,omit,0.25,True,V0->V6 V2->V0 V2->V4 V3->V5 V4->V0 V4->V6,V4,V0,150,400,12,1,1,bfs_exact,,V2,V0->V6|V2->V4|V3->V5|V4->V0|V4->V6,V2->V4|V3->V5|V4->V0|V4->V6,7,6,0,6,2,4,5,4,5,0.8333333333333334,True,1,1,1,1,"{""n_blocks"": 2, ""p_between"": 0.15, ""p_within"": 0.5}",5.9249999999622105e-05,0.00086945799999949,1.4375000000121929e-05,0.00010499999999957765,0.07603854200000004,0.00011316600000021992,0.03655866700000043
inst_000773,block,20261692,V0->V2 V1->V0 V1->V2 V4->V2,V0->V2 V1->V2 V4->V2 V0-V1,omit,0.25,True,V0->V2 V1->V0 V1->V2 V4->V2,V0,V2,3,2,2,1,1,bfs_exact,,V1|V4,V1->V0,V1->V0,7,4,3,1,1,2,1,2,1,1.0,True,1,1,1,1,"{""n_blocks"": 2, ""p_between"": 0.15, ""p_within"": 0.5}",6.0584000000751814e-05,0.00035295800000056943,1.7374999999653085e-05,2.4833000000334948e-05,0.00020954100000025733,2.224999999977939e-05,0.001732000000000511
inst_000777,block,20261696,V0->V4 V0->V6 V1->V0 V1->V3 V1->V5 V3->V4 V4->V6 V5->V0,V0->V4 V0->V6 V3->V4 V4->V6 V0-V1 V0-V5 V1-V3 V1-V5,omit,0.5,True,V0->V4 V0->V6 V1->V0 V3->V4 V4->V6 V0-V5 V1-V3 V1-V5,V0,V6,32,59,5,1,1,bfs_exact,,V3,V1->V0|V1->V5|V5->V0,V1->V0,7,8,4,4,1,4,4,4,4,0.6666666666666666,True,1,1,1,1,"{""n_blocks"": 2, ""p_between"": 0.15, ""p_within"": 0.5}",0.0001244580000001605,0.0025668749999994134,1.8999999999991246e-05,0.00013462500000027688,0.0072584999999998345,0.00010975000000001955,0.010308208999999735
inst_000793,block,20261712,V1->V3 V1->V4 V1->V5 V2->V4 V2->V6 V4->V5 V6->V4,V1->V4 V1->V5 V2->V4 V4->V5 V6->V4 V1-V3 V2-V6,compound,0.25,True,V1->V3 V1->V4 V1->V5 V2->V4 V2->V6 V4->V5 V6->V4,V6,V5,9,12,4,1,1,bfs_exact,,V1|V2,V1->V3|V2->V6,V1->V3|V2->V6,7,7,5,2,2,2,1,2,1,1.0,True,1,1,1,1,"{""n_blocks"": 2, ""p_between"": 0.15, ""p_within"": 0.5}",9.479199999962162e-05,0.0007347499999994511,1.9208000000325853e-05,3.920899999965144e-05,0.0009226250000002878,7.037499999995589e-05,0.0051903750000006355
inst_000800,block,20261719,V0->V1 V0->V6 V2->V0 V2->V3 V2->V5 V2->V6 V3->V1 V4->V6 V5->V3 V6->V1,V0->V1 V0->V6 V2->V6 V3->V1 V4->V6 V6->V1 V0-V2 V2-V3 V2-V5 V3-V5,compound,0.5,True,V0->V1 V0->V6 V2->V3 V2->V6 V3->V1 V4->V6 V6->V1 V0-V2 V2-V5 V3-V5,V3,V1,32,59,5,1,1,bfs_exact,,V0|V6,V2->V3|V2->V5|V5->V3,V2->V3,7,10,6,4,1,4,4,4,4,0.6666666666666666,True,1,1,1,1,"{""n_blocks"": 2, ""p_between"": 0.15, ""p_within"": 0.5}",7.308400000027859e-05,0.004522791999999498,2.1000000000270802e-05,0.0001556669999995819,0.008390999999999593,0.0002470000000007744,0.01157533399999977
inst_000814,block,20261733,V0->V6 V1->V2 V1->V4 V1->V5 V2->V0 V2->V4 V4->V6 V5->V0,V0->V6 V2->V0 V4->V6 V5->V0 V1-V2 V1-V4 V1-V5 V2-V4,tiered,0.5,True,V0->V6 V1->V4 V2->V0 V2->V4 V4->V6 V5->V0 V1-V2 V1-V5,V4,V6,32,59,6,1,1,bfs_exact,,V0,V1->V2|V1->V4|V2->V4,V1->V4|V2->V4,7,8,4,4,1,4,4,4,4,0.6666666666666666,True,1,1,1,1,"{""n_blocks"": 2, ""p_between"": 0.15, ""p_within"": 0.5}",9.995799999984456e-05,0.0007941660000003736,4.1416999999377424e-05,0.00010537500000040723,0.007277874999999767,0.00012470800000041748,0.012586040999999604
inst_000819,block,20261738,V0->V7 V1->V0 V1->V3 V1->V4 V1->V5 V2->V0 V2->V3 V2->V4 V3->V5 V3->V7 V6->V0 V6->V2 V6->V3 V6->V4,V0->V7 V1->V0 V1->V3 V1->V4 V1->V5 V2->V0 V2->V3 V2->V4 V3->V5 V3->V7 V6->V0 V6->V3 V6->V4 V2-V6,omit,0.25,True,V0->V7 V1->V0 V1->V3 V1->V4 V1->V5 V2->V0 V2->V3 V2->V4 V3->V5 V3->V7 V6->V0 V6->V2 V6->V3 V6->V4,V2,V0,3,2,2,1,1,bfs_exact,,V1|V6,V6->V2,V6->V2,8,14,13,1,1,2,1,2,1,1.0,True,1,1,1,1,"{""n_blocks"": 2, ""p_between"": 0.15, ""p_within"": 0.5}",0.00012908400000011255,0.00016558300000024673,1.416600000059276e-05,4.1250000000658815e-05,0.0003705419999997517,3.866600000002052e-05,0.003721417000000393
inst_000821,block,20261740,V0->V2 V1->V3 V1->V7 V2->V7 V5->V1 V5->V3 V5->V7 V6->V4 V6->V5,V1->V7 V2->V7 V5->V7 V0-V2 V1-V3 V1-V5 V3-V5 V4-V6 V5-V6,omit,0.25,True,V1->V3 V1->V7 V2->V7 V5->V1 V5->V3 V5->V7 V6->V4 V6->V5 V0-V2,V1,V3,144,384,9,1,1,bfs_exact,,V5,V1->V3|V5->V1|V5->V3|V6->V4|V6->V5,V1->V3|V5->V3|V6->V4|V6->V5,8,9,3,6,2,5,5,5,5,0.5,True,1,1,1,1,"{""n_blocks"": 2, ""p_between"": 0.15, ""p_within"": 0.5}",8.349999999968105e-05,0.001947249999999734,1.620799999990652e-05,0.000129957999999597,0.09750170799999935,0.0003130829999999918,0.06625437499999975
inst_000830,block,20261749,V0->V1 V0->V2 V0->V5 V0->V6 V0->V7 V2->V1 V3->V2 V5->V1 V7->V1,V0->V1 V0->V2 V2->V1 V3->V2 V5->V1 V7->V1 V0-V5 V0-V6 V0-V7,flip,0.25,True,V0->V1 V0->V2 V0->V5 V0->V6 V2->V1 V3->V2 V5->V1 V7->V1 V0-V7,V5,V1,11,15,3,1,1,bfs_exact,,V0|V2|V7,V0->V5|V0->V6,V0->V5|V0->V6,8,9,6,3,1,4,3,4,3,0.5,True,1,1,1,1,"{""n_blocks"": 2, ""p_between"": 0.15, ""p_within"": 0.5}",0.00010599999999971743,0.001200458999999654,1.3500000000554735e-05,7.737500000004616e-05,0.002293958000000096,0.00022216699999955125,0.01126004199999997
inst_000833,block,20261752,V0->V1 V0->V2 V0->V5 V3->V1 V3->V2 V3->V5 V3->V7 V4->V0 V6->V2 V6->V5 V7->V0 V7->V1 V7->V6,V0->V1 V0->V2 V0->V5 V3->V1 V3->V2 V3->V5 V4->V0 V6->V2 V6->V5 V7->V0 V7->V1 V3-V7 V6-V7,flip,0.25,True,V0->V1 V0->V2 V0->V5 V3->V1 V3->V2 V3->V5 V3->V7 V4->V0 V6->V2 V6->V5 V7->V0 V7->V1 V7->V6,V7,V1,6,6,4,1,1,bfs_exact,,V3|V4,V3->V7|V7->V6,V3->V7|V7->V6,8,13,11,2,1,3,2,3,2,0.6666666666666666,True,1,1,1,1,"{""n_blocks"": 2, ""p_between"": 0.15, ""p_within"": 0.5}",0.00011733300000038582,0.0002742080000004421,1.5000000000320313e-05,6.53330000002228e-05,0.0010829579999995786,9.633400000019776e-05,0.0071721249999994185
inst_000835,block,20261754,V0->V2 V0->V3 V0->V6 V1->V3 V1->V4 V1->V5 V1->V7 V2->V4 V4->V6 V7->V3 V7->V5,V0->V3 V0->V6 V1->V3 V1->V4 V2->V4 V4->V6 V7->V3 V0-V2 V1-V5 V1-V7 V5-V7,flip,0.5,True,V0->V2 V0->V3 V0->V6 V1->V3 V1->V4 V2->V4 V4->V6 V5->V1 V7->V1 V7->V3 V5-V7,V7,V5,57,128,7,0,2,bfs_exact,,,V0->V2|V1->V5|V1->V7,V0->V2|V5->V1|V7->V1,8,11,7,4,2,3,3,3,3,1.0,True,0,0,0,0,"{""n_blocks"": 2, ""p_between"": 0.15, ""p_within"": 0.5}",9.029200000032489e-05,0.002544624999999634,1.8458000000443064e-05,9.62919999993872e-05,0.015494458000000044,0.0001295829999996556,0.024085665999999506
inst_000841,block,20261760,V1->V3 V2->V0 V2->V3 V4->V2 V4->V3 V4->V6 V5->V1 V7->V1,V1->V3 V2->V3 V4->V3 V5->V1 V7->V1 V0-V2 V2-V4 V4-V6,compound,0.25,True,V1->V3 V2->V0 V2->V3 V4->V2 V4->V3 V4->V6 V5->V1 V7->V1,V2,V3,10,12,4,1,1,bfs_exact,,V1|V4,V4->V2|V4->V6,V4->V2|V4->V6,8,8,5,3,1,4,3,4,3,0.5,True,1,1,1,1,"{""n_blocks"": 2, ""p_between"": 0.15, ""p_within"": 0.5}",7.295799999962327e-05,0.0006277500000004821,1.8666999999972234e-05,6.129199999982404e-05,0.002016707999999312,8.724999999998317e-05,0.010593041999999997
inst_000844,block,20261763,V0->V4 V0->V6 V1->V5 V2->V4 V2->V6 V3->V5 V4->V6 V7->V3 V7->V5,V0->V4 V0->V6 V1->V5 V2->V4 V2->V6 V3->V5 V7->V5 V3-V7 V4-V6,compound,0.25,True,V0->V4 V0->V6 V1->V5 V2->V4 V2->V6 V3->V5 V4->V6 V7->V3 V7->V5,V3,V5,9,12,4,1,1,bfs_exact,,V1|V7,V4->V6|V7->V3,V4->V6|V7->V3,8,9,7,2,2,2,1,2,1,1.0,True,1,1,1,1,"{""n_blocks"": 2, ""p_between"": 0.15, ""p_within"": 0.5}",6.85420000001713e-05,0.0029799999999999827,2.1499999999896602e-05,4.687499999977973e-05,0.0011306250000000517,3.5707999999523565e-05,0.006526624999999342
inst_000854,block,20261773,V0->V1 V0->V2 V0->V6 V1->V3 V1->V7 V2->V6 V3->V7 V4->V6 V5->V1 V5->V3 V5->V6,V0->V1 V0->V6 V1->V3 V1->V7 V2->V6 V3->V7 V4->V6 V5->V1 V5->V3 V5->V6 V0-V2,tiered,0.25,True,V0->V1 V0->V2 V0->V6 V1->V3 V1->V7 V2->V6 V3->V7 V4->V6 V5->V1 V5->V3 V5->V6,V2,V6,3,2,2,1,1,bfs_exact,,V0|V4|V5,V0->V2,V0->V2,8,11,10,1,1,2,1,2,1,1.0,True,1,1,1,1,"{""n_blocks"": 2, ""p_between"": 0.15, ""p_within"": 0.5}",0.0001669580000003279,0.001206208000000153,2.9708999999655816e-05,3.583300000009615e-05,0.0003205419999998682,5.025000000014046e-05,0.0032908750000002485
